solid JSCAD
facet normal 0 0.9999999999999999 0
outer loop
vertex 81.00000000000001 44.0001 3.00015
vertex 81.00000000000001 44.0001 0
vertex 3.00015 44.0001 0
endloop
endfacet
facet normal 0 0.9999999999999999 0
outer loop
vertex 81.00000000000001 44.0001 3.00015
vertex 3.00015 44.0001 0
vertex 3.00015 44.0001 3.00015
endloop
endfacet
facet normal 1 0 0
outer loop
vertex 84.00015 22.00005 2.78595
vertex 84.00015 40.872150000000005 3.00015
vertex 84.00015 40.723200000000006 3.00015
endloop
endfacet
facet normal 1 0 0
outer loop
vertex 84.00015 22.00005 2.78595
vertex 84.00015 40.723200000000006 3.00015
vertex 84.00015 40.5675 3.00015
endloop
endfacet
facet normal 1 0 0
outer loop
vertex 84.00015 22.00005 2.78595
vertex 84.00015 40.5675 3.00015
vertex 84.00015 40.40505 3.00015
endloop
endfacet
facet normal 1 0 0
outer loop
vertex 84.00015 22.00005 2.78595
vertex 84.00015 40.40505 3.00015
vertex 84.00015 40.2372 3.00015
endloop
endfacet
facet normal 1 0 0
outer loop
vertex 84.00015 22.00005 2.78595
vertex 84.00015 40.2372 3.00015
vertex 84.00015 40.064400000000006 3.00015
endloop
endfacet
facet normal 1 0 0
outer loop
vertex 84.00015 22.00005 2.78595
vertex 84.00015 40.064400000000006 3.00015
vertex 84.00015 39.887100000000004 3.00015
endloop
endfacet
facet normal 1 0 0
outer loop
vertex 84.00015 22.00005 2.78595
vertex 84.00015 39.887100000000004 3.00015
vertex 84.00015 39.7062 3.00015
endloop
endfacet
facet normal 0.9999999999999999 0 0
outer loop
vertex 84.00015 22.00005 2.78595
vertex 84.00015 39.7062 3.00015
vertex 84.00015 39.52215 3.00015
endloop
endfacet
facet normal 1 0 0
outer loop
vertex 84.00015 22.00005 2.78595
vertex 84.00015 39.52215 3.00015
vertex 84.00015 39.33585 3.00015
endloop
endfacet
facet normal 1 0 0
outer loop
vertex 84.00015 22.00005 2.78595
vertex 84.00015 39.33585 3.00015
vertex 84.00015 39.1482 3.00015
endloop
endfacet
facet normal 0.9999999999999999 0 0
outer loop
vertex 84.00015 22.00005 2.78595
vertex 84.00015 39.1482 3.00015
vertex 84.00015 38.960100000000004 3.00015
endloop
endfacet
facet normal 1 0 0
outer loop
vertex 84.00015 22.00005 2.78595
vertex 84.00015 38.960100000000004 3.00015
vertex 84.00015 5.04 3.00015
endloop
endfacet
facet normal 1 0 0
outer loop
vertex 84.00015 22.00005 2.78595
vertex 84.00015 5.04 3.00015
vertex 84.00015 4.851450000000001 3.00015
endloop
endfacet
facet normal 1 0 0
outer loop
vertex 84.00015 22.00005 2.78595
vertex 84.00015 4.851450000000001 3.00015
vertex 84.00015 4.6638 3.00015
endloop
endfacet
facet normal 1 0 0
outer loop
vertex 84.00015 22.00005 2.78595
vertex 84.00015 4.6638 3.00015
vertex 84.00015 4.477950000000001 3.00015
endloop
endfacet
facet normal 0.9999999999999999 0 0
outer loop
vertex 84.00015 22.00005 2.78595
vertex 84.00015 4.477950000000001 3.00015
vertex 84.00015 4.293900000000001 3.00015
endloop
endfacet
facet normal 1 0 0
outer loop
vertex 84.00015 22.00005 2.78595
vertex 84.00015 4.293900000000001 3.00015
vertex 84.00015 4.113 3.00015
endloop
endfacet
facet normal 1 0 0
outer loop
vertex 84.00015 22.00005 2.78595
vertex 84.00015 4.113 3.00015
vertex 84.00015 3.9357 3.00015
endloop
endfacet
facet normal 1 0 0
outer loop
vertex 84.00015 22.00005 2.78595
vertex 84.00015 3.9357 3.00015
vertex 84.00015 3.7624500000000003 3.00015
endloop
endfacet
facet normal 1 0 0
outer loop
vertex 84.00015 22.00005 2.78595
vertex 84.00015 3.7624500000000003 3.00015
vertex 84.00015 3.5946000000000002 3.00015
endloop
endfacet
facet normal 1 0 0
outer loop
vertex 84.00015 22.00005 2.78595
vertex 84.00015 3.5946000000000002 3.00015
vertex 84.00015 3.4326000000000003 3.00015
endloop
endfacet
facet normal 1 0 0
outer loop
vertex 84.00015 22.00005 2.78595
vertex 84.00015 3.4326000000000003 3.00015
vertex 84.00015 3.27645 3.00015
endloop
endfacet
facet normal 1 0 0
outer loop
vertex 84.00015 22.00005 2.78595
vertex 84.00015 3.27645 3.00015
vertex 84.00015 3.1279500000000002 3.00015
endloop
endfacet
facet normal 1 0 0
outer loop
vertex 84.00015 22.00005 2.78595
vertex 84.00015 3.1279500000000002 3.00015
vertex 84.00015 3.00015 3.00015
endloop
endfacet
facet normal 1 0 0
outer loop
vertex 84.00015 22.00005 2.78595
vertex 84.00015 3.00015 3.00015
vertex 84.00015 3.00015 0
endloop
endfacet
facet normal 0.9999999999999999 0 0
outer loop
vertex 84.00015 22.00005 2.78595
vertex 84.00015 3.00015 0
vertex 84.00015 40.999950000000005 0
endloop
endfacet
facet normal 1 0 0
outer loop
vertex 84.00015 22.00005 2.78595
vertex 84.00015 40.999950000000005 0
vertex 84.00015 40.999950000000005 3.00015
endloop
endfacet
facet normal 1 0 0
outer loop
vertex 84.00015 22.00005 2.78595
vertex 84.00015 40.999950000000005 3.00015
vertex 84.00015 40.872150000000005 3.00015
endloop
endfacet
facet normal 0 -0.9999999999999999 0
outer loop
vertex 3.00015 0 0
vertex 81.00000000000001 0 0
vertex 81.00000000000001 0 3.00015
endloop
endfacet
facet normal 0 -0.9999999999999999 0
outer loop
vertex 3.00015 0 0
vertex 81.00000000000001 0 3.00015
vertex 3.00015 0 3.00015
endloop
endfacet
facet normal -0.9999999999999999 0 0
outer loop
vertex 0 22.00005 2.78595
vertex 0 40.999950000000005 0
vertex 0 3.00015 0
endloop
endfacet
facet normal -1 0 0
outer loop
vertex 0 22.00005 2.78595
vertex 0 3.00015 0
vertex 0 3.00015 3.00015
endloop
endfacet
facet normal -1 0 0
outer loop
vertex 0 22.00005 2.78595
vertex 0 3.00015 3.00015
vertex 0 3.1279500000000002 3.00015
endloop
endfacet
facet normal -1 0 0
outer loop
vertex 0 22.00005 2.78595
vertex 0 3.1279500000000002 3.00015
vertex 0 3.27645 3.00015
endloop
endfacet
facet normal -1 0 0
outer loop
vertex 0 22.00005 2.78595
vertex 0 3.27645 3.00015
vertex 0 3.4326000000000003 3.00015
endloop
endfacet
facet normal -1 0 0
outer loop
vertex 0 22.00005 2.78595
vertex 0 3.4326000000000003 3.00015
vertex 0 3.5946000000000002 3.00015
endloop
endfacet
facet normal -1 0 0
outer loop
vertex 0 22.00005 2.78595
vertex 0 3.5946000000000002 3.00015
vertex 0 3.7624500000000003 3.00015
endloop
endfacet
facet normal -1 0 0
outer loop
vertex 0 22.00005 2.78595
vertex 0 3.7624500000000003 3.00015
vertex 0 3.9357 3.00015
endloop
endfacet
facet normal -1 0 0
outer loop
vertex 0 22.00005 2.78595
vertex 0 3.9357 3.00015
vertex 0 4.113 3.00015
endloop
endfacet
facet normal -1 0 0
outer loop
vertex 0 22.00005 2.78595
vertex 0 4.113 3.00015
vertex 0 4.293900000000001 3.00015
endloop
endfacet
facet normal -0.9999999999999999 0 0
outer loop
vertex 0 22.00005 2.78595
vertex 0 4.293900000000001 3.00015
vertex 0 4.477950000000001 3.00015
endloop
endfacet
facet normal -1 0 0
outer loop
vertex 0 22.00005 2.78595
vertex 0 4.477950000000001 3.00015
vertex 0 4.6638 3.00015
endloop
endfacet
facet normal -1 0 0
outer loop
vertex 0 22.00005 2.78595
vertex 0 4.6638 3.00015
vertex 0 4.851450000000001 3.00015
endloop
endfacet
facet normal -1 0 0
outer loop
vertex 0 22.00005 2.78595
vertex 0 4.851450000000001 3.00015
vertex 0 5.04 3.00015
endloop
endfacet
facet normal -1 0 0
outer loop
vertex 0 22.00005 2.78595
vertex 0 5.04 3.00015
vertex 0 38.960100000000004 3.00015
endloop
endfacet
facet normal -0.9999999999999999 0 0
outer loop
vertex 0 22.00005 2.78595
vertex 0 38.960100000000004 3.00015
vertex 0 39.1482 3.00015
endloop
endfacet
facet normal -1 0 0
outer loop
vertex 0 22.00005 2.78595
vertex 0 39.1482 3.00015
vertex 0 39.33585 3.00015
endloop
endfacet
facet normal -1 0 0
outer loop
vertex 0 22.00005 2.78595
vertex 0 39.33585 3.00015
vertex 0 39.52215 3.00015
endloop
endfacet
facet normal -0.9999999999999999 0 0
outer loop
vertex 0 22.00005 2.78595
vertex 0 39.52215 3.00015
vertex 0 39.7062 3.00015
endloop
endfacet
facet normal -1 0 0
outer loop
vertex 0 22.00005 2.78595
vertex 0 39.7062 3.00015
vertex 0 39.887100000000004 3.00015
endloop
endfacet
facet normal -1 0 0
outer loop
vertex 0 22.00005 2.78595
vertex 0 39.887100000000004 3.00015
vertex 0 40.064400000000006 3.00015
endloop
endfacet
facet normal -1 0 0
outer loop
vertex 0 22.00005 2.78595
vertex 0 40.064400000000006 3.00015
vertex 0 40.2372 3.00015
endloop
endfacet
facet normal -1 0 0
outer loop
vertex 0 22.00005 2.78595
vertex 0 40.2372 3.00015
vertex 0 40.40505 3.00015
endloop
endfacet
facet normal -1 0 0
outer loop
vertex 0 22.00005 2.78595
vertex 0 40.40505 3.00015
vertex 0 40.5675 3.00015
endloop
endfacet
facet normal -1 0 0
outer loop
vertex 0 22.00005 2.78595
vertex 0 40.5675 3.00015
vertex 0 40.723200000000006 3.00015
endloop
endfacet
facet normal -1 0 0
outer loop
vertex 0 22.00005 2.78595
vertex 0 40.723200000000006 3.00015
vertex 0 40.872150000000005 3.00015
endloop
endfacet
facet normal -1 0 0
outer loop
vertex 0 22.00005 2.78595
vertex 0 40.872150000000005 3.00015
vertex 0 40.999950000000005 3.00015
endloop
endfacet
facet normal -1 0 0
outer loop
vertex 0 22.00005 2.78595
vertex 0 40.999950000000005 3.00015
vertex 0 40.999950000000005 0
endloop
endfacet
facet normal -0.9995190330294057 -0.031011330380387333 0
outer loop
vertex 0.00585 2.8116000000000003 0
vertex 0.00585 2.8116000000000003 3.00015
vertex 0 3.00015 3.00015
endloop
endfacet
facet normal -0.9995190330294057 -0.031011330380387333 0
outer loop
vertex 0.00585 2.8116000000000003 0
vertex 0 3.00015 3.00015
vertex 0 3.00015 0
endloop
endfacet
facet normal 0.031011330380401034 0.9995190330294054 0
outer loop
vertex 81.18855 43.99425 0
vertex 81.00000000000001 44.0001 0
vertex 81.00000000000001 44.0001 3.00015
endloop
endfacet
facet normal 0.031011330380401034 0.9995190330294054 0
outer loop
vertex 81.18855 43.99425 0
vertex 81.00000000000001 44.0001 3.00015
vertex 81.18855 43.99425 3.00015
endloop
endfacet
facet normal -0.0310113303803998 0.9995190330294056 0
outer loop
vertex 2.8116000000000003 43.99425 3.00015
vertex 3.00015 44.0001 3.00015
vertex 3.00015 44.0001 0
endloop
endfacet
facet normal -0.0310113303803998 0.9995190330294056 0
outer loop
vertex 2.8116000000000003 43.99425 3.00015
vertex 3.00015 44.0001 0
vertex 2.8116000000000003 43.99425 0
endloop
endfacet
facet normal -0.9995190330294057 0.031011330380387406 0
outer loop
vertex 0.00585 41.188500000000005 3.00015
vertex 0.00585 41.188500000000005 0
vertex 0 40.999950000000005 0
endloop
endfacet
facet normal -0.9995190330294057 0.031011330380387406 0
outer loop
vertex 0.00585 41.188500000000005 3.00015
vertex 0 40.999950000000005 0
vertex 0 40.999950000000005 3.00015
endloop
endfacet
facet normal -0.3979417730032055 0.917410674288819 0
outer loop
vertex 1.7226000000000001 43.71435 3.00015
vertex 1.8958500000000003 43.789500000000004 3.00015
vertex 1.8958500000000003 43.789500000000004 0
endloop
endfacet
facet normal -0.3979417730032055 0.917410674288819 0
outer loop
vertex 1.7226000000000001 43.71435 3.00015
vertex 1.8958500000000003 43.789500000000004 0
vertex 1.7226000000000001 43.71435 0
endloop
endfacet
facet normal -0.21996731919274273 0.9755072416374765 0
outer loop
vertex 2.2540500000000003 43.90560000000001 3.00015
vertex 2.43765 43.947 3.00015
vertex 2.43765 43.947 0
endloop
endfacet
facet normal -0.21996731919274273 0.9755072416374765 0
outer loop
vertex 2.2540500000000003 43.90560000000001 3.00015
vertex 2.43765 43.947 0
vertex 2.2540500000000003 43.90560000000001 0
endloop
endfacet
facet normal 0.9995190330294065 0.031011330380362235 0
outer loop
vertex 83.99430000000001 41.188500000000005 3.00015
vertex 84.00015 40.999950000000005 3.00015
vertex 84.00015 40.999950000000005 0
endloop
endfacet
facet normal 0.9995190330294065 0.031011330380362235 0
outer loop
vertex 83.99430000000001 41.188500000000005 3.00015
vertex 84.00015 40.999950000000005 0
vertex 83.99430000000001 41.188500000000005 0
endloop
endfacet
facet normal 0.09548497565875706 0.995430871242924 0
outer loop
vertex 81.37620000000001 43.97625000000001 0
vertex 81.18855 43.99425 0
vertex 81.18855 43.99425 3.00015
endloop
endfacet
facet normal 0.09548497565875706 0.995430871242924 0
outer loop
vertex 81.37620000000001 43.97625000000001 0
vertex 81.18855 43.99425 3.00015
vertex 81.37620000000001 43.97625000000001 3.00015
endloop
endfacet
facet normal 0.7499075469419489 -0.6615426449137718 0
outer loop
vertex 83.31165000000001 1.08765 0
vertex 83.31165000000001 1.08765 3.00015
vertex 83.18700000000001 0.9463500000000001 3.00015
endloop
endfacet
facet normal 0.7499075469419489 -0.6615426449137718 0
outer loop
vertex 83.31165000000001 1.08765 0
vertex 83.18700000000001 0.9463500000000001 3.00015
vertex 83.18700000000001 0.9463500000000001 0
endloop
endfacet
facet normal 0.7071067811865419 -0.7071067811865531 0
outer loop
vertex 83.05380000000001 0.81315 0
vertex 83.18700000000001 0.9463500000000001 0
vertex 83.18700000000001 0.9463500000000001 3.00015
endloop
endfacet
facet normal 0.7071067811865419 -0.7071067811865531 0
outer loop
vertex 83.05380000000001 0.81315 0
vertex 83.18700000000001 0.9463500000000001 3.00015
vertex 83.05380000000001 0.81315 3.00015
endloop
endfacet
facet normal -0.9954308712429203 -0.09548497565879327 0
outer loop
vertex 0.023850000000000003 2.6239500000000002 3.00015
vertex 0.00585 2.8116000000000003 3.00015
vertex 0.00585 2.8116000000000003 0
endloop
endfacet
facet normal -0.9954308712429203 -0.09548497565879327 0
outer loop
vertex 0.023850000000000003 2.6239500000000002 3.00015
vertex 0.00585 2.8116000000000003 0
vertex 0.023850000000000003 2.6239500000000002 0
endloop
endfacet
facet normal -0.09548497565875952 0.9954308712429236 0
outer loop
vertex 2.6239500000000002 43.97625000000001 3.00015
vertex 2.8116000000000003 43.99425 3.00015
vertex 2.8116000000000003 43.99425 0
endloop
endfacet
facet normal -0.09548497565875952 0.9954308712429236 0
outer loop
vertex 2.6239500000000002 43.97625000000001 3.00015
vertex 2.8116000000000003 43.99425 0
vertex 2.6239500000000002 43.97625000000001 0
endloop
endfacet
facet normal -0.1551047627583568 0.9878980274146081 0
outer loop
vertex 2.6239500000000002 43.97625000000001 3.00015
vertex 2.6239500000000002 43.97625000000001 0
vertex 2.43765 43.947 0
endloop
endfacet
facet normal -0.1551047627583568 0.9878980274146081 0
outer loop
vertex 2.6239500000000002 43.97625000000001 3.00015
vertex 2.43765 43.947 0
vertex 2.43765 43.947 3.00015
endloop
endfacet
facet normal -0.5081665590633301 0.8612588160650287 0
outer loop
vertex 1.55475 43.62885000000001 0
vertex 1.3923 43.533 0
vertex 1.3923 43.533 3.00015
endloop
endfacet
facet normal -0.5081665590633301 0.8612588160650287 0
outer loop
vertex 1.55475 43.62885000000001 0
vertex 1.3923 43.533 3.00015
vertex 1.55475 43.62885000000001 3.00015
endloop
endfacet
facet normal -0.4538899948968588 0.8910577268238739 0
outer loop
vertex 1.55475 43.62885000000001 0
vertex 1.55475 43.62885000000001 3.00015
vertex 1.7226000000000001 43.71435 3.00015
endloop
endfacet
facet normal -0.4538899948968588 0.8910577268238739 0
outer loop
vertex 1.55475 43.62885000000001 0
vertex 1.7226000000000001 43.71435 3.00015
vertex 1.7226000000000001 43.71435 0
endloop
endfacet
facet normal -0.8279901658107908 0.5607426194972334 0
outer loop
vertex 0.46710000000000007 42.607350000000004 0
vertex 0.46710000000000007 42.607350000000004 3.00015
vertex 0.5728500000000001 42.7635 3.00015
endloop
endfacet
facet normal -0.8279901658107908 0.5607426194972334 0
outer loop
vertex 0.46710000000000007 42.607350000000004 0
vertex 0.5728500000000001 42.7635 3.00015
vertex 0.5728500000000001 42.7635 0
endloop
endfacet
facet normal -0.9407655971494314 0.33905765176452474 0
outer loop
vertex 0.2106 42.10425 0
vertex 0.14670000000000002 41.926950000000005 0
vertex 0.14670000000000002 41.926950000000005 3.00015
endloop
endfacet
facet normal -0.9407655971494314 0.33905765176452474 0
outer loop
vertex 0.2106 42.10425 0
vertex 0.14670000000000002 41.926950000000005 3.00015
vertex 0.2106 42.10425 3.00015
endloop
endfacet
facet normal -0.9878404171585413 0.15547125209516824 0
outer loop
vertex 0.023850000000000003 41.37615 0
vertex 0.023850000000000003 41.37615 3.00015
vertex 0.05310000000000001 41.562000000000005 3.00015
endloop
endfacet
facet normal -0.9878404171585413 0.15547125209516824 0
outer loop
vertex 0.023850000000000003 41.37615 0
vertex 0.05310000000000001 41.562000000000005 3.00015
vertex 0.05310000000000001 41.562000000000005 0
endloop
endfacet
facet normal -0.9954308712429203 0.09548497565879441 0
outer loop
vertex 0.023850000000000003 41.37615 0
vertex 0.00585 41.188500000000005 0
vertex 0.00585 41.188500000000005 3.00015
endloop
endfacet
facet normal -0.9954308712429203 0.09548497565879441 0
outer loop
vertex 0.023850000000000003 41.37615 0
vertex 0.00585 41.188500000000005 3.00015
vertex 0.023850000000000003 41.37615 3.00015
endloop
endfacet
facet normal -0.2794496531416 0.9601603466916553 0
outer loop
vertex 2.07315 43.85295000000001 3.00015
vertex 2.2540500000000003 43.90560000000001 3.00015
vertex 2.2540500000000003 43.90560000000001 0
endloop
endfacet
facet normal -0.2794496531416 0.9601603466916553 0
outer loop
vertex 2.07315 43.85295000000001 3.00015
vertex 2.2540500000000003 43.90560000000001 0
vertex 2.07315 43.85295000000001 0
endloop
endfacet
facet normal -0.33694185180453035 0.9415254582338886 0
outer loop
vertex 2.07315 43.85295000000001 3.00015
vertex 2.07315 43.85295000000001 0
vertex 1.8958500000000003 43.789500000000004 0
endloop
endfacet
facet normal -0.33694185180453035 0.9415254582338886 0
outer loop
vertex 2.07315 43.85295000000001 3.00015
vertex 1.8958500000000003 43.789500000000004 0
vertex 1.8958500000000003 43.789500000000004 3.00015
endloop
endfacet
facet normal 0.3979417730032136 0.9174106742888153 0
outer loop
vertex 82.27755 43.71435 0
vertex 82.10430000000001 43.789500000000004 0
vertex 82.10430000000001 43.789500000000004 3.00015
endloop
endfacet
facet normal 0.3979417730032136 0.9174106742888153 0
outer loop
vertex 82.27755 43.71435 0
vertex 82.10430000000001 43.789500000000004 3.00015
vertex 82.27755 43.71435 3.00015
endloop
endfacet
facet normal 0.6603591456258361 0.750949930946342 0
outer loop
vertex 83.05380000000001 43.18695 3.00015
vertex 83.05380000000001 43.18695 0
vertex 82.91205000000001 43.311600000000006 0
endloop
endfacet
facet normal 0.6603591456258361 0.750949930946342 0
outer loop
vertex 83.05380000000001 43.18695 3.00015
vertex 82.91205000000001 43.311600000000006 0
vertex 82.91205000000001 43.311600000000006 3.00015
endloop
endfacet
facet normal 0.9995190330294066 -0.031011330380362166 0
outer loop
vertex 83.99430000000001 2.8116000000000003 0
vertex 84.00015 3.00015 0
vertex 84.00015 3.00015 3.00015
endloop
endfacet
facet normal 0.9995190330294066 -0.031011330380362166 0
outer loop
vertex 83.99430000000001 2.8116000000000003 0
vertex 84.00015 3.00015 3.00015
vertex 83.99430000000001 2.8116000000000003 3.00015
endloop
endfacet
facet normal 0.15547125209516824 -0.9878404171585413 0
outer loop
vertex 81.37620000000001 0.023850000000000003 3.00015
vertex 81.37620000000001 0.023850000000000003 0
vertex 81.56205000000001 0.05310000000000001 0
endloop
endfacet
facet normal 0.15547125209516824 -0.9878404171585413 0
outer loop
vertex 81.37620000000001 0.023850000000000003 3.00015
vertex 81.56205000000001 0.05310000000000001 0
vertex 81.56205000000001 0.05310000000000001 3.00015
endloop
endfacet
facet normal -0.7071067811865476 -0.7071067811865476 0
outer loop
vertex 0.81315 0.9463500000000001 0
vertex 0.9463500000000001 0.81315 0
vertex 0.9463500000000001 0.81315 3.00015
endloop
endfacet
facet normal -0.7071067811865476 -0.7071067811865476 0
outer loop
vertex 0.81315 0.9463500000000001 0
vertex 0.9463500000000001 0.81315 3.00015
vertex 0.81315 0.9463500000000001 3.00015
endloop
endfacet
facet normal -0.031011330380387333 -0.9995190330294057 0
outer loop
vertex 2.8116000000000003 0.00585 3.00015
vertex 2.8116000000000003 0.00585 0
vertex 3.00015 0 0
endloop
endfacet
facet normal -0.031011330380387333 -0.9995190330294057 0
outer loop
vertex 2.8116000000000003 0.00585 3.00015
vertex 3.00015 0 0
vertex 3.00015 0 3.00015
endloop
endfacet
facet normal -0.7499075469419423 0.6615426449137793 0
outer loop
vertex 0.6885000000000001 42.91245000000001 0
vertex 0.6885000000000001 42.91245000000001 3.00015
vertex 0.81315 43.05375 3.00015
endloop
endfacet
facet normal -0.7499075469419423 0.6615426449137793 0
outer loop
vertex 0.6885000000000001 42.91245000000001 0
vertex 0.81315 43.05375 3.00015
vertex 0.81315 43.05375 0
endloop
endfacet
facet normal -0.789865913472953 0.613279576321874 0
outer loop
vertex 0.6885000000000001 42.91245000000001 0
vertex 0.5728500000000001 42.7635 0
vertex 0.5728500000000001 42.7635 3.00015
endloop
endfacet
facet normal -0.789865913472953 0.613279576321874 0
outer loop
vertex 0.6885000000000001 42.91245000000001 0
vertex 0.5728500000000001 42.7635 3.00015
vertex 0.6885000000000001 42.91245000000001 3.00015
endloop
endfacet
facet normal -0.7071067811865531 0.7071067811865419 0
outer loop
vertex 0.9463500000000001 43.18695 0
vertex 0.81315 43.05375 0
vertex 0.81315 43.05375 3.00015
endloop
endfacet
facet normal -0.7071067811865531 0.7071067811865419 0
outer loop
vertex 0.9463500000000001 43.18695 0
vertex 0.81315 43.05375 3.00015
vertex 0.9463500000000001 43.18695 3.00015
endloop
endfacet
facet normal -0.6615426449137718 0.7499075469419489 0
outer loop
vertex 0.9463500000000001 43.18695 0
vertex 0.9463500000000001 43.18695 3.00015
vertex 1.08765 43.311600000000006 3.00015
endloop
endfacet
facet normal -0.6615426449137718 0.7499075469419489 0
outer loop
vertex 0.9463500000000001 43.18695 0
vertex 1.08765 43.311600000000006 3.00015
vertex 1.08765 43.311600000000006 0
endloop
endfacet
facet normal -0.6132795763218739 0.7898659134729533 0
outer loop
vertex 1.2366000000000001 43.42725 0
vertex 1.08765 43.311600000000006 0
vertex 1.08765 43.311600000000006 3.00015
endloop
endfacet
facet normal -0.6132795763218739 0.7898659134729533 0
outer loop
vertex 1.2366000000000001 43.42725 0
vertex 1.08765 43.311600000000006 3.00015
vertex 1.2366000000000001 43.42725 3.00015
endloop
endfacet
facet normal -0.5618521665937688 0.827237658048694 0
outer loop
vertex 1.2366000000000001 43.42725 0
vertex 1.2366000000000001 43.42725 3.00015
vertex 1.3923 43.533 3.00015
endloop
endfacet
facet normal -0.5618521665937688 0.827237658048694 0
outer loop
vertex 1.2366000000000001 43.42725 0
vertex 1.3923 43.533 3.00015
vertex 1.3923 43.533 0
endloop
endfacet
facet normal -0.8606408302847061 0.5092124912517877 0
outer loop
vertex 0.37125 42.445350000000005 3.00015
vertex 0.46710000000000007 42.607350000000004 3.00015
vertex 0.46710000000000007 42.607350000000004 0
endloop
endfacet
facet normal -0.8606408302847061 0.5092124912517877 0
outer loop
vertex 0.37125 42.445350000000005 3.00015
vertex 0.46710000000000007 42.607350000000004 0
vertex 0.37125 42.445350000000005 0
endloop
endfacet
facet normal -0.9182792357587161 0.3959333847686865 0
outer loop
vertex 0.28530000000000005 42.2775 0
vertex 0.2106 42.10425 0
vertex 0.2106 42.10425 3.00015
endloop
endfacet
facet normal -0.9182792357587161 0.3959333847686865 0
outer loop
vertex 0.28530000000000005 42.2775 0
vertex 0.2106 42.10425 3.00015
vertex 0.28530000000000005 42.2775 3.00015
endloop
endfacet
facet normal -0.8900905913154301 0.45578365399797777 0
outer loop
vertex 0.28530000000000005 42.2775 0
vertex 0.28530000000000005 42.2775 3.00015
vertex 0.37125 42.445350000000005 3.00015
endloop
endfacet
facet normal -0.8900905913154301 0.45578365399797777 0
outer loop
vertex 0.28530000000000005 42.2775 0
vertex 0.37125 42.445350000000005 3.00015
vertex 0.37125 42.445350000000005 0
endloop
endfacet
facet normal -0.9761308715219166 0.21718315234350813 0
outer loop
vertex 0.09405000000000001 41.746050000000004 0
vertex 0.05310000000000001 41.562000000000005 0
vertex 0.05310000000000001 41.562000000000005 3.00015
endloop
endfacet
facet normal -0.9761308715219166 0.21718315234350813 0
outer loop
vertex 0.09405000000000001 41.746050000000004 0
vertex 0.05310000000000001 41.562000000000005 3.00015
vertex 0.09405000000000001 41.746050000000004 3.00015
endloop
endfacet
facet normal -0.9601603466916554 0.2794496531415995 0
outer loop
vertex 0.09405000000000001 41.746050000000004 0
vertex 0.09405000000000001 41.746050000000004 3.00015
vertex 0.14670000000000002 41.926950000000005 3.00015
endloop
endfacet
facet normal -0.9601603466916554 0.2794496531415995 0
outer loop
vertex 0.09405000000000001 41.746050000000004 0
vertex 0.14670000000000002 41.926950000000005 3.00015
vertex 0.14670000000000002 41.926950000000005 0
endloop
endfacet
facet normal 0.7499075469419352 0.6615426449137872 0
outer loop
vertex 83.18700000000001 43.05375 0
vertex 83.18700000000001 43.05375 3.00015
vertex 83.31165000000001 42.91245000000001 3.00015
endloop
endfacet
facet normal 0.7499075469419352 0.6615426449137872 0
outer loop
vertex 83.18700000000001 43.05375 0
vertex 83.31165000000001 42.91245000000001 3.00015
vertex 83.31165000000001 42.91245000000001 0
endloop
endfacet
facet normal 0.7071067811865476 0.7071067811865476 0
outer loop
vertex 83.18700000000001 43.05375 0
vertex 83.05380000000001 43.18695 0
vertex 83.05380000000001 43.18695 3.00015
endloop
endfacet
facet normal 0.7071067811865476 0.7071067811865476 0
outer loop
vertex 83.18700000000001 43.05375 0
vertex 83.05380000000001 43.18695 3.00015
vertex 83.18700000000001 43.05375 3.00015
endloop
endfacet
facet normal 0.975622525693458 0.2194554336522974 0
outer loop
vertex 83.94705 41.562000000000005 0
vertex 83.90565000000001 41.746050000000004 0
vertex 83.90565000000001 41.746050000000004 3.00015
endloop
endfacet
facet normal 0.975622525693458 0.2194554336522974 0
outer loop
vertex 83.94705 41.562000000000005 0
vertex 83.90565000000001 41.746050000000004 3.00015
vertex 83.94705 41.562000000000005 3.00015
endloop
endfacet
facet normal 0.3369418518045259 0.9415254582338903 0
outer loop
vertex 81.927 43.85295000000001 0
vertex 81.927 43.85295000000001 3.00015
vertex 82.10430000000001 43.789500000000004 3.00015
endloop
endfacet
facet normal 0.3369418518045259 0.9415254582338903 0
outer loop
vertex 81.927 43.85295000000001 0
vertex 82.10430000000001 43.789500000000004 3.00015
vertex 82.10430000000001 43.789500000000004 0
endloop
endfacet
facet normal 0.15547125209519239 0.9878404171585374 0
outer loop
vertex 81.56205000000001 43.947 3.00015
vertex 81.56205000000001 43.947 0
vertex 81.37620000000001 43.97625000000001 0
endloop
endfacet
facet normal 0.15547125209519239 0.9878404171585374 0
outer loop
vertex 81.56205000000001 43.947 3.00015
vertex 81.37620000000001 43.97625000000001 0
vertex 81.37620000000001 43.97625000000001 3.00015
endloop
endfacet
facet normal 0.6144370439768606 0.7889658541337373 0
outer loop
vertex 82.76355000000001 43.42725 0
vertex 82.76355000000001 43.42725 3.00015
vertex 82.91205000000001 43.311600000000006 3.00015
endloop
endfacet
facet normal 0.6144370439768606 0.7889658541337373 0
outer loop
vertex 82.76355000000001 43.42725 0
vertex 82.91205000000001 43.311600000000006 3.00015
vertex 82.91205000000001 43.311600000000006 0
endloop
endfacet
facet normal 0.560742619497235 0.8279901658107898 0
outer loop
vertex 82.76355000000001 43.42725 0
vertex 82.60740000000001 43.533 0
vertex 82.60740000000001 43.533 3.00015
endloop
endfacet
facet normal 0.560742619497235 0.8279901658107898 0
outer loop
vertex 82.76355000000001 43.42725 0
vertex 82.60740000000001 43.533 3.00015
vertex 82.76355000000001 43.42725 3.00015
endloop
endfacet
facet normal 0.7910221436125201 -0.6117875189268358 0
outer loop
vertex 83.42685 1.2366000000000001 3.00015
vertex 83.31165000000001 1.08765 3.00015
vertex 83.31165000000001 1.08765 0
endloop
endfacet
facet normal 0.7910221436125201 -0.6117875189268358 0
outer loop
vertex 83.42685 1.2366000000000001 3.00015
vertex 83.31165000000001 1.08765 0
vertex 83.42685 1.2366000000000001 0
endloop
endfacet
facet normal 0.8261263006799625 -0.563484991215241 0
outer loop
vertex 83.42685 1.2366000000000001 3.00015
vertex 83.42685 1.2366000000000001 0
vertex 83.53305 1.3923 0
endloop
endfacet
facet normal 0.8261263006799625 -0.563484991215241 0
outer loop
vertex 83.42685 1.2366000000000001 3.00015
vertex 83.53305 1.3923 0
vertex 83.53305 1.3923 3.00015
endloop
endfacet
facet normal 0.9954308712429202 -0.09548497565879686 0
outer loop
vertex 83.97630000000001 2.6239500000000002 0
vertex 83.99430000000001 2.8116000000000003 0
vertex 83.99430000000001 2.8116000000000003 3.00015
endloop
endfacet
facet normal 0.9954308712429202 -0.09548497565879686 0
outer loop
vertex 83.97630000000001 2.6239500000000002 0
vertex 83.99430000000001 2.8116000000000003 3.00015
vertex 83.97630000000001 2.6239500000000002 3.00015
endloop
endfacet
facet normal 0.9878980274146081 -0.1551047627583568 0
outer loop
vertex 83.97630000000001 2.6239500000000002 0
vertex 83.97630000000001 2.6239500000000002 3.00015
vertex 83.94705 2.43765 3.00015
endloop
endfacet
facet normal 0.9878980274146081 -0.1551047627583568 0
outer loop
vertex 83.97630000000001 2.6239500000000002 0
vertex 83.94705 2.43765 3.00015
vertex 83.94705 2.43765 0
endloop
endfacet
facet normal 0.9174106742888326 -0.39794177300317374 0
outer loop
vertex 83.71440000000001 1.7226000000000001 3.00015
vertex 83.71440000000001 1.7226000000000001 0
vertex 83.78955 1.8958500000000003 0
endloop
endfacet
facet normal 0.9174106742888326 -0.39794177300317374 0
outer loop
vertex 83.71440000000001 1.7226000000000001 3.00015
vertex 83.78955 1.8958500000000003 0
vertex 83.78955 1.8958500000000003 3.00015
endloop
endfacet
facet normal 0.8910577268238434 -0.4538899948969187 0
outer loop
vertex 83.6289 1.55475 0
vertex 83.71440000000001 1.7226000000000001 0
vertex 83.71440000000001 1.7226000000000001 3.00015
endloop
endfacet
facet normal 0.8910577268238434 -0.4538899948969187 0
outer loop
vertex 83.6289 1.55475 0
vertex 83.71440000000001 1.7226000000000001 3.00015
vertex 83.6289 1.55475 3.00015
endloop
endfacet
facet normal 0.8612588160650453 -0.5081665590633022 0
outer loop
vertex 83.6289 1.55475 0
vertex 83.6289 1.55475 3.00015
vertex 83.53305 1.3923 3.00015
endloop
endfacet
facet normal 0.8612588160650453 -0.5081665590633022 0
outer loop
vertex 83.6289 1.55475 0
vertex 83.53305 1.3923 3.00015
vertex 83.53305 1.3923 0
endloop
endfacet
facet normal 0.9755072416374765 -0.21996731919274273 0
outer loop
vertex 83.90565000000001 2.2540500000000003 0
vertex 83.94705 2.43765 0
vertex 83.94705 2.43765 3.00015
endloop
endfacet
facet normal 0.9755072416374765 -0.21996731919274273 0
outer loop
vertex 83.90565000000001 2.2540500000000003 0
vertex 83.94705 2.43765 3.00015
vertex 83.90565000000001 2.2540500000000003 3.00015
endloop
endfacet
facet normal 0.9601603466916553 -0.2794496531416 0
outer loop
vertex 83.85300000000001 2.07315 3.00015
vertex 83.85300000000001 2.07315 0
vertex 83.90565000000001 2.2540500000000003 0
endloop
endfacet
facet normal 0.9601603466916553 -0.2794496531416 0
outer loop
vertex 83.85300000000001 2.07315 3.00015
vertex 83.90565000000001 2.2540500000000003 0
vertex 83.90565000000001 2.2540500000000003 3.00015
endloop
endfacet
facet normal 0.9415254582338886 -0.33694185180453035 0
outer loop
vertex 83.85300000000001 2.07315 3.00015
vertex 83.78955 1.8958500000000003 3.00015
vertex 83.78955 1.8958500000000003 0
endloop
endfacet
facet normal 0.9415254582338886 -0.33694185180453035 0
outer loop
vertex 83.85300000000001 2.07315 3.00015
vertex 83.78955 1.8958500000000003 0
vertex 83.85300000000001 2.07315 0
endloop
endfacet
facet normal 0.09548497565879083 -0.9954308712429207 0
outer loop
vertex 81.18855 0.00585 3.00015
vertex 81.18855 0.00585 0
vertex 81.37620000000001 0.023850000000000003 0
endloop
endfacet
facet normal 0.09548497565879083 -0.9954308712429207 0
outer loop
vertex 81.18855 0.00585 3.00015
vertex 81.37620000000001 0.023850000000000003 0
vertex 81.37620000000001 0.023850000000000003 3.00015
endloop
endfacet
facet normal 0.031011330380388575 -0.9995190330294058 0
outer loop
vertex 81.18855 0.00585 3.00015
vertex 81.00000000000001 0 3.00015
vertex 81.00000000000001 0 0
endloop
endfacet
facet normal 0.031011330380388575 -0.9995190330294058 0
outer loop
vertex 81.18855 0.00585 3.00015
vertex 81.00000000000001 0 0
vertex 81.18855 0.00585 0
endloop
endfacet
facet normal 0.5607426194972334 -0.8279901658107908 0
outer loop
vertex 82.60740000000001 0.46710000000000007 0
vertex 82.76355000000001 0.5728500000000001 0
vertex 82.76355000000001 0.5728500000000001 3.00015
endloop
endfacet
facet normal 0.5607426194972334 -0.8279901658107908 0
outer loop
vertex 82.60740000000001 0.46710000000000007 0
vertex 82.76355000000001 0.5728500000000001 3.00015
vertex 82.60740000000001 0.46710000000000007 3.00015
endloop
endfacet
facet normal 0.3959333847687001 -0.91827923575871 0
outer loop
vertex 82.10430000000001 0.2106 0
vertex 82.27755 0.28530000000000005 0
vertex 82.27755 0.28530000000000005 3.00015
endloop
endfacet
facet normal 0.3959333847687001 -0.91827923575871 0
outer loop
vertex 82.10430000000001 0.2106 0
vertex 82.27755 0.28530000000000005 3.00015
vertex 82.10430000000001 0.2106 3.00015
endloop
endfacet
facet normal 0.3390576517645127 -0.9407655971494359 0
outer loop
vertex 82.10430000000001 0.2106 0
vertex 82.10430000000001 0.2106 3.00015
vertex 81.927 0.14670000000000002 3.00015
endloop
endfacet
facet normal 0.3390576517645127 -0.9407655971494359 0
outer loop
vertex 82.10430000000001 0.2106 0
vertex 81.927 0.14670000000000002 3.00015
vertex 81.927 0.14670000000000002 0
endloop
endfacet
facet normal 0.21718315234350813 -0.9761308715219166 0
outer loop
vertex 81.74610000000001 0.09405000000000001 3.00015
vertex 81.56205000000001 0.05310000000000001 3.00015
vertex 81.56205000000001 0.05310000000000001 0
endloop
endfacet
facet normal 0.21718315234350813 -0.9761308715219166 0
outer loop
vertex 81.74610000000001 0.09405000000000001 3.00015
vertex 81.56205000000001 0.05310000000000001 0
vertex 81.74610000000001 0.09405000000000001 0
endloop
endfacet
facet normal 0.2794496531416096 -0.9601603466916524 0
outer loop
vertex 81.74610000000001 0.09405000000000001 3.00015
vertex 81.74610000000001 0.09405000000000001 0
vertex 81.927 0.14670000000000002 0
endloop
endfacet
facet normal 0.2794496531416096 -0.9601603466916524 0
outer loop
vertex 81.74610000000001 0.09405000000000001 3.00015
vertex 81.927 0.14670000000000002 0
vertex 81.927 0.14670000000000002 3.00015
endloop
endfacet
facet normal 0.6144370439768766 -0.7889658541337246 0
outer loop
vertex 82.91205000000001 0.6885000000000001 3.00015
vertex 82.76355000000001 0.5728500000000001 3.00015
vertex 82.76355000000001 0.5728500000000001 0
endloop
endfacet
facet normal 0.6144370439768766 -0.7889658541337246 0
outer loop
vertex 82.91205000000001 0.6885000000000001 3.00015
vertex 82.76355000000001 0.5728500000000001 0
vertex 82.91205000000001 0.6885000000000001 0
endloop
endfacet
facet normal 0.6603591456258282 -0.750949930946349 0
outer loop
vertex 82.91205000000001 0.6885000000000001 3.00015
vertex 82.91205000000001 0.6885000000000001 0
vertex 83.05380000000001 0.81315 0
endloop
endfacet
facet normal 0.6603591456258282 -0.750949930946349 0
outer loop
vertex 82.91205000000001 0.6885000000000001 3.00015
vertex 83.05380000000001 0.81315 0
vertex 83.05380000000001 0.81315 3.00015
endloop
endfacet
facet normal -0.9760179032069384 -0.217690267627038 0
outer loop
vertex 0.05310000000000001 2.43765 0
vertex 0.09405000000000001 2.2540500000000003 0
vertex 0.09405000000000001 2.2540500000000003 3.00015
endloop
endfacet
facet normal -0.9760179032069384 -0.217690267627038 0
outer loop
vertex 0.05310000000000001 2.43765 0
vertex 0.09405000000000001 2.2540500000000003 3.00015
vertex 0.05310000000000001 2.43765 3.00015
endloop
endfacet
facet normal -0.9878980274146121 -0.1551047627583327 0
outer loop
vertex 0.05310000000000001 2.43765 0
vertex 0.05310000000000001 2.43765 3.00015
vertex 0.023850000000000003 2.6239500000000002 3.00015
endloop
endfacet
facet normal -0.9878980274146121 -0.1551047627583327 0
outer loop
vertex 0.05310000000000001 2.43765 0
vertex 0.023850000000000003 2.6239500000000002 3.00015
vertex 0.023850000000000003 2.6239500000000002 0
endloop
endfacet
facet normal -0.9601603466916551 -0.2794496531416007 0
outer loop
vertex 0.14670000000000002 2.07315 0
vertex 0.14670000000000002 2.07315 3.00015
vertex 0.09405000000000001 2.2540500000000003 3.00015
endloop
endfacet
facet normal -0.9601603466916551 -0.2794496531416007 0
outer loop
vertex 0.14670000000000002 2.07315 0
vertex 0.09405000000000001 2.2540500000000003 3.00015
vertex 0.09405000000000001 2.2540500000000003 0
endloop
endfacet
facet normal -0.1551047627583327 -0.9878980274146121 0
outer loop
vertex 2.6239500000000002 0.023850000000000003 0
vertex 2.6239500000000002 0.023850000000000003 3.00015
vertex 2.43765 0.05310000000000001 3.00015
endloop
endfacet
facet normal -0.1551047627583327 -0.9878980274146121 0
outer loop
vertex 2.6239500000000002 0.023850000000000003 0
vertex 2.43765 0.05310000000000001 3.00015
vertex 2.43765 0.05310000000000001 0
endloop
endfacet
facet normal -0.09548497565879327 -0.9954308712429203 0
outer loop
vertex 2.6239500000000002 0.023850000000000003 0
vertex 2.8116000000000003 0.00585 0
vertex 2.8116000000000003 0.00585 3.00015
endloop
endfacet
facet normal -0.09548497565879327 -0.9954308712429203 0
outer loop
vertex 2.6239500000000002 0.023850000000000003 0
vertex 2.8116000000000003 0.00585 3.00015
vertex 2.6239500000000002 0.023850000000000003 3.00015
endloop
endfacet
facet normal -0.3390576517645172 -0.9407655971494341 0
outer loop
vertex 2.07315 0.14670000000000002 3.00015
vertex 1.8958500000000003 0.2106 3.00015
vertex 1.8958500000000003 0.2106 0
endloop
endfacet
facet normal -0.3390576517645172 -0.9407655971494341 0
outer loop
vertex 2.07315 0.14670000000000002 3.00015
vertex 1.8958500000000003 0.2106 0
vertex 2.07315 0.14670000000000002 0
endloop
endfacet
facet normal -0.217690267627038 -0.9760179032069384 0
outer loop
vertex 2.2540500000000003 0.09405000000000001 0
vertex 2.43765 0.05310000000000001 0
vertex 2.43765 0.05310000000000001 3.00015
endloop
endfacet
facet normal -0.217690267627038 -0.9760179032069384 0
outer loop
vertex 2.2540500000000003 0.09405000000000001 0
vertex 2.43765 0.05310000000000001 3.00015
vertex 2.2540500000000003 0.09405000000000001 3.00015
endloop
endfacet
facet normal -0.2794496531416007 -0.9601603466916551 0
outer loop
vertex 2.2540500000000003 0.09405000000000001 0
vertex 2.2540500000000003 0.09405000000000001 3.00015
vertex 2.07315 0.14670000000000002 3.00015
endloop
endfacet
facet normal -0.2794496531416007 -0.9601603466916551 0
outer loop
vertex 2.2540500000000003 0.09405000000000001 0
vertex 2.07315 0.14670000000000002 3.00015
vertex 2.07315 0.14670000000000002 0
endloop
endfacet
facet normal -0.6615426449137639 -0.7499075469419559 0
outer loop
vertex 1.08765 0.6885000000000001 3.00015
vertex 0.9463500000000001 0.81315 3.00015
vertex 0.9463500000000001 0.81315 0
endloop
endfacet
facet normal -0.6615426449137639 -0.7499075469419559 0
outer loop
vertex 1.08765 0.6885000000000001 3.00015
vertex 0.9463500000000001 0.81315 0
vertex 1.08765 0.6885000000000001 0
endloop
endfacet
facet normal -0.5618521665937671 -0.8272376580486951 0
outer loop
vertex 1.2366000000000001 0.5728500000000001 0
vertex 1.3923 0.46710000000000007 0
vertex 1.3923 0.46710000000000007 3.00015
endloop
endfacet
facet normal -0.5618521665937671 -0.8272376580486951 0
outer loop
vertex 1.2366000000000001 0.5728500000000001 0
vertex 1.3923 0.46710000000000007 3.00015
vertex 1.2366000000000001 0.5728500000000001 3.00015
endloop
endfacet
facet normal -0.6132795763218901 -0.7898659134729407 0
outer loop
vertex 1.2366000000000001 0.5728500000000001 0
vertex 1.2366000000000001 0.5728500000000001 3.00015
vertex 1.08765 0.6885000000000001 3.00015
endloop
endfacet
facet normal -0.6132795763218901 -0.7898659134729407 0
outer loop
vertex 1.2366000000000001 0.5728500000000001 0
vertex 1.08765 0.6885000000000001 3.00015
vertex 1.08765 0.6885000000000001 0
endloop
endfacet
facet normal 0.9174106742888352 0.39794177300316824 0
outer loop
vertex 83.71440000000001 42.2775 3.00015
vertex 83.78955 42.10425 3.00015
vertex 83.78955 42.10425 0
endloop
endfacet
facet normal 0.9174106742888352 0.39794177300316824 0
outer loop
vertex 83.71440000000001 42.2775 3.00015
vertex 83.78955 42.10425 0
vertex 83.71440000000001 42.2775 0
endloop
endfacet
facet normal 0.7910221436125324 0.6117875189268199 0
outer loop
vertex 83.42685 42.7635 3.00015
vertex 83.42685 42.7635 0
vertex 83.31165000000001 42.91245000000001 0
endloop
endfacet
facet normal 0.7910221436125324 0.6117875189268199 0
outer loop
vertex 83.42685 42.7635 3.00015
vertex 83.31165000000001 42.91245000000001 0
vertex 83.31165000000001 42.91245000000001 3.00015
endloop
endfacet
facet normal 0.8268821777525668 0.5623751987020521 0
outer loop
vertex 83.42685 42.7635 3.00015
vertex 83.53305 42.607350000000004 3.00015
vertex 83.53305 42.607350000000004 0
endloop
endfacet
facet normal 0.8268821777525668 0.5623751987020521 0
outer loop
vertex 83.42685 42.7635 3.00015
vertex 83.53305 42.607350000000004 0
vertex 83.42685 42.7635 0
endloop
endfacet
facet normal 0.9878404171585374 0.15547125209519239 0
outer loop
vertex 83.97630000000001 41.37615 0
vertex 83.94705 41.562000000000005 0
vertex 83.94705 41.562000000000005 3.00015
endloop
endfacet
facet normal 0.9878404171585374 0.15547125209519239 0
outer loop
vertex 83.97630000000001 41.37615 0
vertex 83.94705 41.562000000000005 3.00015
vertex 83.97630000000001 41.37615 3.00015
endloop
endfacet
facet normal 0.9954308712429198 0.09548497565879797 0
outer loop
vertex 83.97630000000001 41.37615 0
vertex 83.97630000000001 41.37615 3.00015
vertex 83.99430000000001 41.188500000000005 3.00015
endloop
endfacet
facet normal 0.9954308712429198 0.09548497565879797 0
outer loop
vertex 83.97630000000001 41.37615 0
vertex 83.99430000000001 41.188500000000005 3.00015
vertex 83.99430000000001 41.188500000000005 0
endloop
endfacet
facet normal 0.9415254582338859 0.33694185180453784 0
outer loop
vertex 83.85300000000001 41.926950000000005 0
vertex 83.78955 42.10425 0
vertex 83.78955 42.10425 3.00015
endloop
endfacet
facet normal 0.9415254582338859 0.33694185180453784 0
outer loop
vertex 83.85300000000001 41.926950000000005 0
vertex 83.78955 42.10425 3.00015
vertex 83.85300000000001 41.926950000000005 3.00015
endloop
endfacet
facet normal 0.9601603466916556 0.2794496531415987 0
outer loop
vertex 83.85300000000001 41.926950000000005 0
vertex 83.85300000000001 41.926950000000005 3.00015
vertex 83.90565000000001 41.746050000000004 3.00015
endloop
endfacet
facet normal 0.9601603466916556 0.2794496531415987 0
outer loop
vertex 83.85300000000001 41.926950000000005 0
vertex 83.90565000000001 41.746050000000004 3.00015
vertex 83.90565000000001 41.746050000000004 0
endloop
endfacet
facet normal 0.2794496531416088 0.9601603466916526 0
outer loop
vertex 81.74610000000001 43.90560000000001 0
vertex 81.74610000000001 43.90560000000001 3.00015
vertex 81.927 43.85295000000001 3.00015
endloop
endfacet
facet normal 0.2794496531416088 0.9601603466916526 0
outer loop
vertex 81.74610000000001 43.90560000000001 0
vertex 81.927 43.85295000000001 3.00015
vertex 81.927 43.85295000000001 0
endloop
endfacet
facet normal 0.2194554336522974 0.975622525693458 0
outer loop
vertex 81.74610000000001 43.90560000000001 0
vertex 81.56205000000001 43.947 0
vertex 81.56205000000001 43.947 3.00015
endloop
endfacet
facet normal 0.2194554336522974 0.975622525693458 0
outer loop
vertex 81.74610000000001 43.90560000000001 0
vertex 81.56205000000001 43.947 3.00015
vertex 81.74610000000001 43.90560000000001 3.00015
endloop
endfacet
facet normal 0.45388999489685594 0.8910577268238754 0
outer loop
vertex 82.4454 43.62885000000001 0
vertex 82.27755 43.71435 0
vertex 82.27755 43.71435 3.00015
endloop
endfacet
facet normal 0.45388999489685594 0.8910577268238754 0
outer loop
vertex 82.4454 43.62885000000001 0
vertex 82.27755 43.71435 3.00015
vertex 82.4454 43.62885000000001 3.00015
endloop
endfacet
facet normal 0.5092124912517936 0.8606408302847024 0
outer loop
vertex 82.4454 43.62885000000001 0
vertex 82.4454 43.62885000000001 3.00015
vertex 82.60740000000001 43.533 3.00015
endloop
endfacet
facet normal 0.5092124912517936 0.8606408302847024 0
outer loop
vertex 82.4454 43.62885000000001 0
vertex 82.60740000000001 43.533 3.00015
vertex 82.60740000000001 43.533 0
endloop
endfacet
facet normal 0.5092124912517711 -0.8606408302847158 0
outer loop
vertex 82.4454 0.37125 0
vertex 82.60740000000001 0.46710000000000007 0
vertex 82.60740000000001 0.46710000000000007 3.00015
endloop
endfacet
facet normal 0.5092124912517711 -0.8606408302847158 0
outer loop
vertex 82.4454 0.37125 0
vertex 82.60740000000001 0.46710000000000007 3.00015
vertex 82.4454 0.37125 3.00015
endloop
endfacet
facet normal 0.45578365399797777 -0.8900905913154301 0
outer loop
vertex 82.4454 0.37125 0
vertex 82.4454 0.37125 3.00015
vertex 82.27755 0.28530000000000005 3.00015
endloop
endfacet
facet normal 0.45578365399797777 -0.8900905913154301 0
outer loop
vertex 82.4454 0.37125 0
vertex 82.27755 0.28530000000000005 3.00015
vertex 82.27755 0.28530000000000005 0
endloop
endfacet
facet normal -0.9407655971494341 -0.3390576517645172 0
outer loop
vertex 0.2106 1.8958500000000003 0
vertex 0.2106 1.8958500000000003 3.00015
vertex 0.14670000000000002 2.07315 3.00015
endloop
endfacet
facet normal -0.9407655971494341 -0.3390576517645172 0
outer loop
vertex 0.2106 1.8958500000000003 0
vertex 0.14670000000000002 2.07315 3.00015
vertex 0.14670000000000002 2.07315 0
endloop
endfacet
facet normal -0.9182792357587134 -0.39593338476869194 0
outer loop
vertex 0.2106 1.8958500000000003 0
vertex 0.28530000000000005 1.7226000000000001 0
vertex 0.28530000000000005 1.7226000000000001 3.00015
endloop
endfacet
facet normal -0.9182792357587134 -0.39593338476869194 0
outer loop
vertex 0.2106 1.8958500000000003 0
vertex 0.28530000000000005 1.7226000000000001 3.00015
vertex 0.2106 1.8958500000000003 3.00015
endloop
endfacet
facet normal -0.8272376580486951 -0.5618521665937671 0
outer loop
vertex 0.46710000000000007 1.3923 0
vertex 0.5728500000000001 1.2366000000000001 0
vertex 0.5728500000000001 1.2366000000000001 3.00015
endloop
endfacet
facet normal -0.8272376580486951 -0.5618521665937671 0
outer loop
vertex 0.46710000000000007 1.3923 0
vertex 0.5728500000000001 1.2366000000000001 3.00015
vertex 0.46710000000000007 1.3923 3.00015
endloop
endfacet
facet normal -0.861258816065042 -0.5081665590633075 0
outer loop
vertex 0.37125 1.55475 3.00015
vertex 0.37125 1.55475 0
vertex 0.46710000000000007 1.3923 0
endloop
endfacet
facet normal -0.861258816065042 -0.5081665590633075 0
outer loop
vertex 0.37125 1.55475 3.00015
vertex 0.46710000000000007 1.3923 0
vertex 0.46710000000000007 1.3923 3.00015
endloop
endfacet
facet normal -0.8900905913154283 -0.45578365399798054 0
outer loop
vertex 0.37125 1.55475 3.00015
vertex 0.28530000000000005 1.7226000000000001 3.00015
vertex 0.28530000000000005 1.7226000000000001 0
endloop
endfacet
facet normal -0.8900905913154283 -0.45578365399798054 0
outer loop
vertex 0.37125 1.55475 3.00015
vertex 0.28530000000000005 1.7226000000000001 0
vertex 0.37125 1.55475 0
endloop
endfacet
facet normal -0.7898659134729407 -0.6132795763218901 0
outer loop
vertex 0.6885000000000001 1.08765 3.00015
vertex 0.5728500000000001 1.2366000000000001 3.00015
vertex 0.5728500000000001 1.2366000000000001 0
endloop
endfacet
facet normal -0.7898659134729407 -0.6132795763218901 0
outer loop
vertex 0.6885000000000001 1.08765 3.00015
vertex 0.5728500000000001 1.2366000000000001 0
vertex 0.6885000000000001 1.08765 0
endloop
endfacet
facet normal -0.7499075469419559 -0.6615426449137639 0
outer loop
vertex 0.6885000000000001 1.08765 3.00015
vertex 0.6885000000000001 1.08765 0
vertex 0.81315 0.9463500000000001 0
endloop
endfacet
facet normal -0.7499075469419559 -0.6615426449137639 0
outer loop
vertex 0.6885000000000001 1.08765 3.00015
vertex 0.81315 0.9463500000000001 0
vertex 0.81315 0.9463500000000001 3.00015
endloop
endfacet
facet normal -0.5081665590633075 -0.861258816065042 0
outer loop
vertex 1.55475 0.37125 3.00015
vertex 1.3923 0.46710000000000007 3.00015
vertex 1.3923 0.46710000000000007 0
endloop
endfacet
facet normal -0.5081665590633075 -0.861258816065042 0
outer loop
vertex 1.55475 0.37125 3.00015
vertex 1.3923 0.46710000000000007 0
vertex 1.55475 0.37125 0
endloop
endfacet
facet normal 0 0 -1
outer loop
vertex 41.99985 22.00005 0
vertex 83.6289 42.445350000000005 0
vertex 83.71440000000001 42.2775 0
endloop
endfacet
facet normal 0 0 -1
outer loop
vertex 41.99985 22.00005 0
vertex 83.71440000000001 42.2775 0
vertex 83.78955 42.10425 0
endloop
endfacet
facet normal 0 0 -1
outer loop
vertex 41.99985 22.00005 0
vertex 83.78955 42.10425 0
vertex 83.85300000000001 41.926950000000005 0
endloop
endfacet
facet normal 0 0 -0.9999999999999999
outer loop
vertex 41.99985 22.00005 0
vertex 83.85300000000001 41.926950000000005 0
vertex 83.90565000000001 41.746050000000004 0
endloop
endfacet
facet normal 0 0 -1
outer loop
vertex 41.99985 22.00005 0
vertex 83.90565000000001 41.746050000000004 0
vertex 83.94705 41.562000000000005 0
endloop
endfacet
facet normal 0 0 -1
outer loop
vertex 41.99985 22.00005 0
vertex 83.94705 41.562000000000005 0
vertex 83.97630000000001 41.37615 0
endloop
endfacet
facet normal 0 0 -1
outer loop
vertex 41.99985 22.00005 0
vertex 83.97630000000001 41.37615 0
vertex 83.99430000000001 41.188500000000005 0
endloop
endfacet
facet normal 0 0 -1
outer loop
vertex 41.99985 22.00005 0
vertex 83.99430000000001 41.188500000000005 0
vertex 84.00015 40.999950000000005 0
endloop
endfacet
facet normal 0 0 -1
outer loop
vertex 41.99985 22.00005 0
vertex 84.00015 40.999950000000005 0
vertex 84.00015 3.00015 0
endloop
endfacet
facet normal 0 0 -1
outer loop
vertex 41.99985 22.00005 0
vertex 84.00015 3.00015 0
vertex 83.99430000000001 2.8116000000000003 0
endloop
endfacet
facet normal 0 0 -1
outer loop
vertex 41.99985 22.00005 0
vertex 83.99430000000001 2.8116000000000003 0
vertex 83.97630000000001 2.6239500000000002 0
endloop
endfacet
facet normal 0 0 -1
outer loop
vertex 41.99985 22.00005 0
vertex 83.97630000000001 2.6239500000000002 0
vertex 83.94705 2.43765 0
endloop
endfacet
facet normal 0 0 -1
outer loop
vertex 41.99985 22.00005 0
vertex 83.94705 2.43765 0
vertex 83.90565000000001 2.2540500000000003 0
endloop
endfacet
facet normal 0 0 -0.9999999999999999
outer loop
vertex 41.99985 22.00005 0
vertex 83.90565000000001 2.2540500000000003 0
vertex 83.85300000000001 2.07315 0
endloop
endfacet
facet normal 0 0 -1
outer loop
vertex 41.99985 22.00005 0
vertex 83.85300000000001 2.07315 0
vertex 83.78955 1.8958500000000003 0
endloop
endfacet
facet normal 0 0 -1
outer loop
vertex 41.99985 22.00005 0
vertex 83.78955 1.8958500000000003 0
vertex 83.71440000000001 1.7226000000000001 0
endloop
endfacet
facet normal 0 0 -1
outer loop
vertex 41.99985 22.00005 0
vertex 83.71440000000001 1.7226000000000001 0
vertex 83.6289 1.55475 0
endloop
endfacet
facet normal 0 0 -1
outer loop
vertex 41.99985 22.00005 0
vertex 83.6289 1.55475 0
vertex 83.53305 1.3923 0
endloop
endfacet
facet normal 0 0 -1
outer loop
vertex 41.99985 22.00005 0
vertex 83.53305 1.3923 0
vertex 83.42685 1.2366000000000001 0
endloop
endfacet
facet normal 0 0 -1
outer loop
vertex 41.99985 22.00005 0
vertex 83.42685 1.2366000000000001 0
vertex 83.31165000000001 1.08765 0
endloop
endfacet
facet normal 0 0 -0.9999999999999999
outer loop
vertex 41.99985 22.00005 0
vertex 83.31165000000001 1.08765 0
vertex 83.18700000000001 0.9463500000000001 0
endloop
endfacet
facet normal 0 0 -1
outer loop
vertex 41.99985 22.00005 0
vertex 83.18700000000001 0.9463500000000001 0
vertex 83.05380000000001 0.81315 0
endloop
endfacet
facet normal 0 0 -1
outer loop
vertex 41.99985 22.00005 0
vertex 83.05380000000001 0.81315 0
vertex 82.91205000000001 0.6885000000000001 0
endloop
endfacet
facet normal 0 0 -0.9999999999999999
outer loop
vertex 41.99985 22.00005 0
vertex 82.91205000000001 0.6885000000000001 0
vertex 82.76355000000001 0.5728500000000001 0
endloop
endfacet
facet normal 0 0 -1
outer loop
vertex 41.99985 22.00005 0
vertex 82.76355000000001 0.5728500000000001 0
vertex 82.60740000000001 0.46710000000000007 0
endloop
endfacet
facet normal 0 0 -1
outer loop
vertex 41.99985 22.00005 0
vertex 82.60740000000001 0.46710000000000007 0
vertex 82.4454 0.37125 0
endloop
endfacet
facet normal 0 0 -1
outer loop
vertex 41.99985 22.00005 0
vertex 82.4454 0.37125 0
vertex 82.27755 0.28530000000000005 0
endloop
endfacet
facet normal 0 0 -1
outer loop
vertex 41.99985 22.00005 0
vertex 82.27755 0.28530000000000005 0
vertex 82.10430000000001 0.2106 0
endloop
endfacet
facet normal 0 0 -0.9999999999999999
outer loop
vertex 41.99985 22.00005 0
vertex 82.10430000000001 0.2106 0
vertex 81.927 0.14670000000000002 0
endloop
endfacet
facet normal 0 0 -1
outer loop
vertex 41.99985 22.00005 0
vertex 81.927 0.14670000000000002 0
vertex 81.74610000000001 0.09405000000000001 0
endloop
endfacet
facet normal 0 0 -1
outer loop
vertex 41.99985 22.00005 0
vertex 81.74610000000001 0.09405000000000001 0
vertex 81.56205000000001 0.05310000000000001 0
endloop
endfacet
facet normal 0 0 -1
outer loop
vertex 41.99985 22.00005 0
vertex 81.56205000000001 0.05310000000000001 0
vertex 81.37620000000001 0.023850000000000003 0
endloop
endfacet
facet normal 0 0 -1
outer loop
vertex 41.99985 22.00005 0
vertex 81.37620000000001 0.023850000000000003 0
vertex 81.18855 0.00585 0
endloop
endfacet
facet normal 0 0 -1
outer loop
vertex 41.99985 22.00005 0
vertex 81.18855 0.00585 0
vertex 81.00000000000001 0 0
endloop
endfacet
facet normal 0 0 -1
outer loop
vertex 41.99985 22.00005 0
vertex 81.00000000000001 0 0
vertex 3.00015 0 0
endloop
endfacet
facet normal 0 0 -1
outer loop
vertex 41.99985 22.00005 0
vertex 3.00015 0 0
vertex 2.8116000000000003 0.00585 0
endloop
endfacet
facet normal 0 0 -1
outer loop
vertex 41.99985 22.00005 0
vertex 2.8116000000000003 0.00585 0
vertex 2.6239500000000002 0.023850000000000003 0
endloop
endfacet
facet normal 0 0 -1
outer loop
vertex 41.99985 22.00005 0
vertex 2.6239500000000002 0.023850000000000003 0
vertex 2.43765 0.05310000000000001 0
endloop
endfacet
facet normal 0 0 -1
outer loop
vertex 41.99985 22.00005 0
vertex 2.43765 0.05310000000000001 0
vertex 2.2540500000000003 0.09405000000000001 0
endloop
endfacet
facet normal 0 0 -1
outer loop
vertex 41.99985 22.00005 0
vertex 2.2540500000000003 0.09405000000000001 0
vertex 2.07315 0.14670000000000002 0
endloop
endfacet
facet normal 0 0 -0.9999999999999999
outer loop
vertex 41.99985 22.00005 0
vertex 2.07315 0.14670000000000002 0
vertex 1.8958500000000003 0.2106 0
endloop
endfacet
facet normal 0 0 -1
outer loop
vertex 41.99985 22.00005 0
vertex 1.8958500000000003 0.2106 0
vertex 1.7226000000000001 0.28530000000000005 0
endloop
endfacet
facet normal 0 0 -1
outer loop
vertex 41.99985 22.00005 0
vertex 1.7226000000000001 0.28530000000000005 0
vertex 1.55475 0.37125 0
endloop
endfacet
facet normal 0 0 -1
outer loop
vertex 41.99985 22.00005 0
vertex 1.55475 0.37125 0
vertex 1.3923 0.46710000000000007 0
endloop
endfacet
facet normal 0 0 -1
outer loop
vertex 41.99985 22.00005 0
vertex 1.3923 0.46710000000000007 0
vertex 1.2366000000000001 0.5728500000000001 0
endloop
endfacet
facet normal 0 0 -1
outer loop
vertex 41.99985 22.00005 0
vertex 1.2366000000000001 0.5728500000000001 0
vertex 1.08765 0.6885000000000001 0
endloop
endfacet
facet normal 0 0 -1
outer loop
vertex 41.99985 22.00005 0
vertex 1.08765 0.6885000000000001 0
vertex 0.9463500000000001 0.81315 0
endloop
endfacet
facet normal 0 0 -1
outer loop
vertex 41.99985 22.00005 0
vertex 0.9463500000000001 0.81315 0
vertex 0.81315 0.9463500000000001 0
endloop
endfacet
facet normal 0 0 -1
outer loop
vertex 41.99985 22.00005 0
vertex 0.81315 0.9463500000000001 0
vertex 0.6885000000000001 1.08765 0
endloop
endfacet
facet normal 0 0 -1
outer loop
vertex 41.99985 22.00005 0
vertex 0.6885000000000001 1.08765 0
vertex 0.5728500000000001 1.2366000000000001 0
endloop
endfacet
facet normal 0 0 -1
outer loop
vertex 41.99985 22.00005 0
vertex 0.5728500000000001 1.2366000000000001 0
vertex 0.46710000000000007 1.3923 0
endloop
endfacet
facet normal 0 0 -1
outer loop
vertex 41.99985 22.00005 0
vertex 0.46710000000000007 1.3923 0
vertex 0.37125 1.55475 0
endloop
endfacet
facet normal 0 0 -1
outer loop
vertex 41.99985 22.00005 0
vertex 0.37125 1.55475 0
vertex 0.28530000000000005 1.7226000000000001 0
endloop
endfacet
facet normal 0 0 -1
outer loop
vertex 41.99985 22.00005 0
vertex 0.28530000000000005 1.7226000000000001 0
vertex 0.2106 1.8958500000000003 0
endloop
endfacet
facet normal 0 0 -1
outer loop
vertex 41.99985 22.00005 0
vertex 0.2106 1.8958500000000003 0
vertex 0.14670000000000002 2.07315 0
endloop
endfacet
facet normal 0 0 -0.9999999999999999
outer loop
vertex 41.99985 22.00005 0
vertex 0.14670000000000002 2.07315 0
vertex 0.09405000000000001 2.2540500000000003 0
endloop
endfacet
facet normal 0 0 -0.9999999999999999
outer loop
vertex 41.99985 22.00005 0
vertex 0.09405000000000001 2.2540500000000003 0
vertex 0.05310000000000001 2.43765 0
endloop
endfacet
facet normal 0 0 -1
outer loop
vertex 41.99985 22.00005 0
vertex 0.05310000000000001 2.43765 0
vertex 0.023850000000000003 2.6239500000000002 0
endloop
endfacet
facet normal 0 0 -1
outer loop
vertex 41.99985 22.00005 0
vertex 0.023850000000000003 2.6239500000000002 0
vertex 0.00585 2.8116000000000003 0
endloop
endfacet
facet normal 0 0 -1
outer loop
vertex 41.99985 22.00005 0
vertex 0.00585 2.8116000000000003 0
vertex 0 3.00015 0
endloop
endfacet
facet normal 0 0 -0.9999999999999999
outer loop
vertex 41.99985 22.00005 0
vertex 0 3.00015 0
vertex 0 40.999950000000005 0
endloop
endfacet
facet normal 0 0 -1
outer loop
vertex 41.99985 22.00005 0
vertex 0 40.999950000000005 0
vertex 0.00585 41.188500000000005 0
endloop
endfacet
facet normal 0 0 -1
outer loop
vertex 41.99985 22.00005 0
vertex 0.00585 41.188500000000005 0
vertex 0.023850000000000003 41.37615 0
endloop
endfacet
facet normal 0 0 -1
outer loop
vertex 41.99985 22.00005 0
vertex 0.023850000000000003 41.37615 0
vertex 0.05310000000000001 41.562000000000005 0
endloop
endfacet
facet normal 0 0 -1
outer loop
vertex 41.99985 22.00005 0
vertex 0.05310000000000001 41.562000000000005 0
vertex 0.09405000000000001 41.746050000000004 0
endloop
endfacet
facet normal 0 0 -0.9999999999999999
outer loop
vertex 41.99985 22.00005 0
vertex 0.09405000000000001 41.746050000000004 0
vertex 0.14670000000000002 41.926950000000005 0
endloop
endfacet
facet normal 0 0 -1
outer loop
vertex 41.99985 22.00005 0
vertex 0.14670000000000002 41.926950000000005 0
vertex 0.2106 42.10425 0
endloop
endfacet
facet normal 0 0 -1
outer loop
vertex 41.99985 22.00005 0
vertex 0.2106 42.10425 0
vertex 0.28530000000000005 42.2775 0
endloop
endfacet
facet normal 0 0 -1
outer loop
vertex 41.99985 22.00005 0
vertex 0.28530000000000005 42.2775 0
vertex 0.37125 42.445350000000005 0
endloop
endfacet
facet normal 0 0 -1
outer loop
vertex 41.99985 22.00005 0
vertex 0.37125 42.445350000000005 0
vertex 0.46710000000000007 42.607350000000004 0
endloop
endfacet
facet normal 0 0 -1
outer loop
vertex 41.99985 22.00005 0
vertex 0.46710000000000007 42.607350000000004 0
vertex 0.5728500000000001 42.7635 0
endloop
endfacet
facet normal 0 0 -0.9999999999999999
outer loop
vertex 41.99985 22.00005 0
vertex 0.5728500000000001 42.7635 0
vertex 0.6885000000000001 42.91245000000001 0
endloop
endfacet
facet normal 0 0 -1
outer loop
vertex 41.99985 22.00005 0
vertex 0.6885000000000001 42.91245000000001 0
vertex 0.81315 43.05375 0
endloop
endfacet
facet normal 0 0 -0.9999999999999999
outer loop
vertex 41.99985 22.00005 0
vertex 0.81315 43.05375 0
vertex 0.9463500000000001 43.18695 0
endloop
endfacet
facet normal 0 0 -1
outer loop
vertex 41.99985 22.00005 0
vertex 0.9463500000000001 43.18695 0
vertex 1.08765 43.311600000000006 0
endloop
endfacet
facet normal 0 0 -0.9999999999999999
outer loop
vertex 41.99985 22.00005 0
vertex 1.08765 43.311600000000006 0
vertex 1.2366000000000001 43.42725 0
endloop
endfacet
facet normal 0 0 -1
outer loop
vertex 41.99985 22.00005 0
vertex 1.2366000000000001 43.42725 0
vertex 1.3923 43.533 0
endloop
endfacet
facet normal 0 0 -1
outer loop
vertex 41.99985 22.00005 0
vertex 1.3923 43.533 0
vertex 1.55475 43.62885000000001 0
endloop
endfacet
facet normal 0 0 -0.9999999999999999
outer loop
vertex 41.99985 22.00005 0
vertex 1.55475 43.62885000000001 0
vertex 1.7226000000000001 43.71435 0
endloop
endfacet
facet normal 0 0 -1
outer loop
vertex 41.99985 22.00005 0
vertex 1.7226000000000001 43.71435 0
vertex 1.8958500000000003 43.789500000000004 0
endloop
endfacet
facet normal 0 0 -0.9999999999999999
outer loop
vertex 41.99985 22.00005 0
vertex 1.8958500000000003 43.789500000000004 0
vertex 2.07315 43.85295000000001 0
endloop
endfacet
facet normal 0 0 -1
outer loop
vertex 41.99985 22.00005 0
vertex 2.07315 43.85295000000001 0
vertex 2.2540500000000003 43.90560000000001 0
endloop
endfacet
facet normal 0 0 -1
outer loop
vertex 41.99985 22.00005 0
vertex 2.2540500000000003 43.90560000000001 0
vertex 2.43765 43.947 0
endloop
endfacet
facet normal 0 0 -1
outer loop
vertex 41.99985 22.00005 0
vertex 2.43765 43.947 0
vertex 2.6239500000000002 43.97625000000001 0
endloop
endfacet
facet normal 0 0 -0.9999999999999999
outer loop
vertex 41.99985 22.00005 0
vertex 2.6239500000000002 43.97625000000001 0
vertex 2.8116000000000003 43.99425 0
endloop
endfacet
facet normal 0 0 -1
outer loop
vertex 41.99985 22.00005 0
vertex 2.8116000000000003 43.99425 0
vertex 3.00015 44.0001 0
endloop
endfacet
facet normal 0 0 -1
outer loop
vertex 41.99985 22.00005 0
vertex 3.00015 44.0001 0
vertex 81.00000000000001 44.0001 0
endloop
endfacet
facet normal 0 0 -1
outer loop
vertex 41.99985 22.00005 0
vertex 81.00000000000001 44.0001 0
vertex 81.18855 43.99425 0
endloop
endfacet
facet normal 0 0 -1
outer loop
vertex 41.99985 22.00005 0
vertex 81.18855 43.99425 0
vertex 81.37620000000001 43.97625000000001 0
endloop
endfacet
facet normal 0 0 -1
outer loop
vertex 41.99985 22.00005 0
vertex 81.37620000000001 43.97625000000001 0
vertex 81.56205000000001 43.947 0
endloop
endfacet
facet normal 0 0 -1
outer loop
vertex 41.99985 22.00005 0
vertex 81.56205000000001 43.947 0
vertex 81.74610000000001 43.90560000000001 0
endloop
endfacet
facet normal 0 0 -1
outer loop
vertex 41.99985 22.00005 0
vertex 81.74610000000001 43.90560000000001 0
vertex 81.927 43.85295000000001 0
endloop
endfacet
facet normal 0 0 -1
outer loop
vertex 41.99985 22.00005 0
vertex 81.927 43.85295000000001 0
vertex 82.10430000000001 43.789500000000004 0
endloop
endfacet
facet normal 0 0 -1
outer loop
vertex 41.99985 22.00005 0
vertex 82.10430000000001 43.789500000000004 0
vertex 82.27755 43.71435 0
endloop
endfacet
facet normal 0 0 -1
outer loop
vertex 41.99985 22.00005 0
vertex 82.27755 43.71435 0
vertex 82.4454 43.62885000000001 0
endloop
endfacet
facet normal 0 0 -1
outer loop
vertex 41.99985 22.00005 0
vertex 82.4454 43.62885000000001 0
vertex 82.60740000000001 43.533 0
endloop
endfacet
facet normal 0 0 -1
outer loop
vertex 41.99985 22.00005 0
vertex 82.60740000000001 43.533 0
vertex 82.76355000000001 43.42725 0
endloop
endfacet
facet normal 0 0 -1
outer loop
vertex 41.99985 22.00005 0
vertex 82.76355000000001 43.42725 0
vertex 82.91205000000001 43.311600000000006 0
endloop
endfacet
facet normal 0 0 -1
outer loop
vertex 41.99985 22.00005 0
vertex 82.91205000000001 43.311600000000006 0
vertex 83.05380000000001 43.18695 0
endloop
endfacet
facet normal 0 0 -1
outer loop
vertex 41.99985 22.00005 0
vertex 83.05380000000001 43.18695 0
vertex 83.18700000000001 43.05375 0
endloop
endfacet
facet normal 0 0 -1
outer loop
vertex 41.99985 22.00005 0
vertex 83.18700000000001 43.05375 0
vertex 83.31165000000001 42.91245000000001 0
endloop
endfacet
facet normal 0 0 -1
outer loop
vertex 41.99985 22.00005 0
vertex 83.31165000000001 42.91245000000001 0
vertex 83.42685 42.7635 0
endloop
endfacet
facet normal 0 0 -1
outer loop
vertex 41.99985 22.00005 0
vertex 83.42685 42.7635 0
vertex 83.53305 42.607350000000004 0
endloop
endfacet
facet normal 0 0 -1
outer loop
vertex 41.99985 22.00005 0
vertex 83.53305 42.607350000000004 0
vertex 83.6289 42.445350000000005 0
endloop
endfacet
facet normal 0.8606408302847092 0.5092124912517821 0
outer loop
vertex 83.6289 42.445350000000005 0
vertex 83.53305 42.607350000000004 0
vertex 83.53305 42.607350000000004 3.00015
endloop
endfacet
facet normal 0.8606408302847092 0.5092124912517821 0
outer loop
vertex 83.6289 42.445350000000005 0
vertex 83.53305 42.607350000000004 3.00015
vertex 83.6289 42.445350000000005 3.00015
endloop
endfacet
facet normal 0.8910577268238448 0.4538899948969158 0
outer loop
vertex 83.6289 42.445350000000005 0
vertex 83.6289 42.445350000000005 3.00015
vertex 83.71440000000001 42.2775 3.00015
endloop
endfacet
facet normal 0.8910577268238448 0.4538899948969158 0
outer loop
vertex 83.6289 42.445350000000005 0
vertex 83.71440000000001 42.2775 3.00015
vertex 83.71440000000001 42.2775 0
endloop
endfacet
facet normal -0.45578365399798054 -0.8900905913154283 0
outer loop
vertex 1.7226000000000001 0.28530000000000005 3.00015
vertex 1.55475 0.37125 3.00015
vertex 1.55475 0.37125 0
endloop
endfacet
facet normal -0.45578365399798054 -0.8900905913154283 0
outer loop
vertex 1.7226000000000001 0.28530000000000005 3.00015
vertex 1.55475 0.37125 0
vertex 1.7226000000000001 0.28530000000000005 0
endloop
endfacet
facet normal -0.39593338476869194 -0.9182792357587134 0
outer loop
vertex 1.7226000000000001 0.28530000000000005 3.00015
vertex 1.7226000000000001 0.28530000000000005 0
vertex 1.8958500000000003 0.2106 0
endloop
endfacet
facet normal -0.39593338476869194 -0.9182792357587134 0
outer loop
vertex 1.7226000000000001 0.28530000000000005 3.00015
vertex 1.8958500000000003 0.2106 0
vertex 1.8958500000000003 0.2106 3.00015
endloop
endfacet
facet normal 0 0 1
outer loop
vertex 41.99985 43.197750000000006 3.00015
vertex 3.00015 44.0001 3.00015
vertex 2.8116000000000003 43.99425 3.00015
endloop
endfacet
facet normal 0 0 0.9999999999999999
outer loop
vertex 41.99985 43.197750000000006 3.00015
vertex 2.8116000000000003 43.99425 3.00015
vertex 2.6239500000000002 43.97625000000001 3.00015
endloop
endfacet
facet normal 0 0 1
outer loop
vertex 41.99985 43.197750000000006 3.00015
vertex 2.6239500000000002 43.97625000000001 3.00015
vertex 2.43765 43.947 3.00015
endloop
endfacet
facet normal 0 0 1
outer loop
vertex 41.99985 43.197750000000006 3.00015
vertex 2.43765 43.947 3.00015
vertex 2.2540500000000003 43.90560000000001 3.00015
endloop
endfacet
facet normal 0 0 1
outer loop
vertex 41.99985 43.197750000000006 3.00015
vertex 2.2540500000000003 43.90560000000001 3.00015
vertex 2.07315 43.85295000000001 3.00015
endloop
endfacet
facet normal 0 0 0.9999999999999999
outer loop
vertex 41.99985 43.197750000000006 3.00015
vertex 2.07315 43.85295000000001 3.00015
vertex 1.8958500000000003 43.789500000000004 3.00015
endloop
endfacet
facet normal 0 0 0.9999999999999999
outer loop
vertex 41.99985 43.197750000000006 3.00015
vertex 1.8958500000000003 43.789500000000004 3.00015
vertex 1.7226000000000001 43.71435 3.00015
endloop
endfacet
facet normal 0 0 1
outer loop
vertex 41.99985 43.197750000000006 3.00015
vertex 1.7226000000000001 43.71435 3.00015
vertex 1.55475 43.62885000000001 3.00015
endloop
endfacet
facet normal 0 0 1
outer loop
vertex 41.99985 43.197750000000006 3.00015
vertex 1.55475 43.62885000000001 3.00015
vertex 1.3923 43.533 3.00015
endloop
endfacet
facet normal 0 0 1
outer loop
vertex 41.99985 43.197750000000006 3.00015
vertex 1.3923 43.533 3.00015
vertex 1.2366000000000001 43.42725 3.00015
endloop
endfacet
facet normal 0 0 1
outer loop
vertex 41.99985 43.197750000000006 3.00015
vertex 1.2366000000000001 43.42725 3.00015
vertex 1.08765 43.311600000000006 3.00015
endloop
endfacet
facet normal 0 0 1
outer loop
vertex 41.99985 43.197750000000006 3.00015
vertex 1.08765 43.311600000000006 3.00015
vertex 0.9463500000000001 43.18695 3.00015
endloop
endfacet
facet normal 0 0 1
outer loop
vertex 41.99985 43.197750000000006 3.00015
vertex 0.9463500000000001 43.18695 3.00015
vertex 0.81315 43.05375 3.00015
endloop
endfacet
facet normal 0 0 1
outer loop
vertex 41.99985 43.197750000000006 3.00015
vertex 0.81315 43.05375 3.00015
vertex 0.6885000000000001 42.91245000000001 3.00015
endloop
endfacet
facet normal 0 0 1
outer loop
vertex 41.99985 43.197750000000006 3.00015
vertex 0.6885000000000001 42.91245000000001 3.00015
vertex 0.5728500000000001 42.7635 3.00015
endloop
endfacet
facet normal 0 0 1
outer loop
vertex 41.99985 43.197750000000006 3.00015
vertex 0.5728500000000001 42.7635 3.00015
vertex 0.46710000000000007 42.607350000000004 3.00015
endloop
endfacet
facet normal 0 0 1
outer loop
vertex 41.99985 43.197750000000006 3.00015
vertex 0.46710000000000007 42.607350000000004 3.00015
vertex 0.37125 42.445350000000005 3.00015
endloop
endfacet
facet normal 0 0 1
outer loop
vertex 41.99985 43.197750000000006 3.00015
vertex 0.37125 42.445350000000005 3.00015
vertex 0.28530000000000005 42.2775 3.00015
endloop
endfacet
facet normal 0 0 1
outer loop
vertex 41.99985 43.197750000000006 3.00015
vertex 0.28530000000000005 42.2775 3.00015
vertex 0.2106 42.10425 3.00015
endloop
endfacet
facet normal 0 0 1
outer loop
vertex 41.99985 43.197750000000006 3.00015
vertex 0.2106 42.10425 3.00015
vertex 0.15885000000000002 41.9598 3.00015
endloop
endfacet
facet normal 0 0 1
outer loop
vertex 41.99985 43.197750000000006 3.00015
vertex 0.15885000000000002 41.9598 3.00015
vertex 5.04 41.9598 3.00015
endloop
endfacet
facet normal 0 0 0.9999999999999999
outer loop
vertex 41.99985 43.197750000000006 3.00015
vertex 5.04 41.9598 3.00015
vertex 78.96015000000001 41.9598 3.00015
endloop
endfacet
facet normal 0 0 1
outer loop
vertex 41.99985 43.197750000000006 3.00015
vertex 78.96015000000001 41.9598 3.00015
vertex 83.8413 41.9598 3.00015
endloop
endfacet
facet normal 0 0 1
outer loop
vertex 41.99985 43.197750000000006 3.00015
vertex 83.8413 41.9598 3.00015
vertex 83.78955 42.10425 3.00015
endloop
endfacet
facet normal 0 0 0.9999999999999999
outer loop
vertex 41.99985 43.197750000000006 3.00015
vertex 83.78955 42.10425 3.00015
vertex 83.71440000000001 42.2775 3.00015
endloop
endfacet
facet normal 0 0 1
outer loop
vertex 41.99985 43.197750000000006 3.00015
vertex 83.71440000000001 42.2775 3.00015
vertex 83.6289 42.445350000000005 3.00015
endloop
endfacet
facet normal 0 0 1
outer loop
vertex 41.99985 43.197750000000006 3.00015
vertex 83.6289 42.445350000000005 3.00015
vertex 83.53305 42.607350000000004 3.00015
endloop
endfacet
facet normal 0 0 0.9999999999999999
outer loop
vertex 41.99985 43.197750000000006 3.00015
vertex 83.53305 42.607350000000004 3.00015
vertex 83.42685 42.7635 3.00015
endloop
endfacet
facet normal 0 0 1
outer loop
vertex 41.99985 43.197750000000006 3.00015
vertex 83.42685 42.7635 3.00015
vertex 83.31165000000001 42.91245000000001 3.00015
endloop
endfacet
facet normal 0 0 1
outer loop
vertex 41.99985 43.197750000000006 3.00015
vertex 83.31165000000001 42.91245000000001 3.00015
vertex 83.18700000000001 43.05375 3.00015
endloop
endfacet
facet normal 0 0 1
outer loop
vertex 41.99985 43.197750000000006 3.00015
vertex 83.18700000000001 43.05375 3.00015
vertex 83.05380000000001 43.18695 3.00015
endloop
endfacet
facet normal 0 0 1
outer loop
vertex 41.99985 43.197750000000006 3.00015
vertex 83.05380000000001 43.18695 3.00015
vertex 82.91205000000001 43.311600000000006 3.00015
endloop
endfacet
facet normal 0 0 1
outer loop
vertex 41.99985 43.197750000000006 3.00015
vertex 82.91205000000001 43.311600000000006 3.00015
vertex 82.76355000000001 43.42725 3.00015
endloop
endfacet
facet normal 0 0 1
outer loop
vertex 41.99985 43.197750000000006 3.00015
vertex 82.76355000000001 43.42725 3.00015
vertex 82.60740000000001 43.533 3.00015
endloop
endfacet
facet normal 0 0 1
outer loop
vertex 41.99985 43.197750000000006 3.00015
vertex 82.60740000000001 43.533 3.00015
vertex 82.4454 43.62885000000001 3.00015
endloop
endfacet
facet normal 0 0 1
outer loop
vertex 41.99985 43.197750000000006 3.00015
vertex 82.4454 43.62885000000001 3.00015
vertex 82.27755 43.71435 3.00015
endloop
endfacet
facet normal 0 0 1
outer loop
vertex 41.99985 43.197750000000006 3.00015
vertex 82.27755 43.71435 3.00015
vertex 82.10430000000001 43.789500000000004 3.00015
endloop
endfacet
facet normal 0 0 0.9999999999999999
outer loop
vertex 41.99985 43.197750000000006 3.00015
vertex 82.10430000000001 43.789500000000004 3.00015
vertex 81.927 43.85295000000001 3.00015
endloop
endfacet
facet normal 0 0 1
outer loop
vertex 41.99985 43.197750000000006 3.00015
vertex 81.927 43.85295000000001 3.00015
vertex 81.74610000000001 43.90560000000001 3.00015
endloop
endfacet
facet normal 0 0 1
outer loop
vertex 41.99985 43.197750000000006 3.00015
vertex 81.74610000000001 43.90560000000001 3.00015
vertex 81.56205000000001 43.947 3.00015
endloop
endfacet
facet normal 0 0 1
outer loop
vertex 41.99985 43.197750000000006 3.00015
vertex 81.56205000000001 43.947 3.00015
vertex 81.37620000000001 43.97625000000001 3.00015
endloop
endfacet
facet normal 0 0 1
outer loop
vertex 41.99985 43.197750000000006 3.00015
vertex 81.37620000000001 43.97625000000001 3.00015
vertex 81.18855 43.99425 3.00015
endloop
endfacet
facet normal 0 0 0.9999999999999999
outer loop
vertex 41.99985 43.197750000000006 3.00015
vertex 81.18855 43.99425 3.00015
vertex 81.00000000000001 44.0001 3.00015
endloop
endfacet
facet normal 0 0 0.9999999999999999
outer loop
vertex 41.99985 43.197750000000006 3.00015
vertex 81.00000000000001 44.0001 3.00015
vertex 3.00015 44.0001 3.00015
endloop
endfacet
facet normal 0 0 0.9999999999999999
outer loop
vertex 78.96015000000001 41.9598 3.00015
vertex 79.14825 41.953950000000006 3.00015
vertex 83.84355000000001 41.953950000000006 3.00015
endloop
endfacet
facet normal 0 0 1
outer loop
vertex 78.96015000000001 41.9598 3.00015
vertex 83.84355000000001 41.953950000000006 3.00015
vertex 83.8413 41.9598 3.00015
endloop
endfacet
facet normal 0 0 1
outer loop
vertex 0.15885000000000002 41.9598 3.00015
vertex 0.15660000000000002 41.953950000000006 3.00015
vertex 4.851450000000001 41.953950000000006 3.00015
endloop
endfacet
facet normal 0 0 1
outer loop
vertex 0.15885000000000002 41.9598 3.00015
vertex 4.851450000000001 41.953950000000006 3.00015
vertex 5.04 41.9598 3.00015
endloop
endfacet
facet normal 0 0 1
outer loop
vertex 79.14825 41.953950000000006 3.00015
vertex 79.33590000000001 41.936400000000006 3.00015
vertex 83.84985 41.936400000000006 3.00015
endloop
endfacet
facet normal 0 0 1
outer loop
vertex 79.14825 41.953950000000006 3.00015
vertex 83.84985 41.936400000000006 3.00015
vertex 83.84355000000001 41.953950000000006 3.00015
endloop
endfacet
facet normal 0 0 1
outer loop
vertex 0.15660000000000002 41.953950000000006 3.00015
vertex 0.15030000000000002 41.936400000000006 3.00015
vertex 4.6638 41.936400000000006 3.00015
endloop
endfacet
facet normal 0 0 1
outer loop
vertex 0.15660000000000002 41.953950000000006 3.00015
vertex 4.6638 41.936400000000006 3.00015
vertex 4.851450000000001 41.953950000000006 3.00015
endloop
endfacet
facet normal 0 0 1
outer loop
vertex 82.08405 41.922450000000005 3.00015
vertex 79.33590000000001 41.936400000000006 3.00015
vertex 79.52220000000001 41.9067 3.00015
endloop
endfacet
facet normal 0 0 1
outer loop
vertex 82.08405 41.922450000000005 3.00015
vertex 79.52220000000001 41.9067 3.00015
vertex 83.85885 41.9067 3.00015
endloop
endfacet
facet normal 0 0 1
outer loop
vertex 82.08405 41.922450000000005 3.00015
vertex 83.85885 41.9067 3.00015
vertex 83.85300000000001 41.926950000000005 3.00015
endloop
endfacet
facet normal 0 0 1
outer loop
vertex 82.08405 41.922450000000005 3.00015
vertex 83.85300000000001 41.926950000000005 3.00015
vertex 83.84985 41.936400000000006 3.00015
endloop
endfacet
facet normal 0 0 1
outer loop
vertex 82.08405 41.922450000000005 3.00015
vertex 83.84985 41.936400000000006 3.00015
vertex 79.33590000000001 41.936400000000006 3.00015
endloop
endfacet
facet normal 0 0 1
outer loop
vertex 1.9161000000000001 41.922450000000005 3.00015
vertex 0.15030000000000002 41.936400000000006 3.00015
vertex 0.14670000000000002 41.926950000000005 3.00015
endloop
endfacet
facet normal 0 0 1
outer loop
vertex 1.9161000000000001 41.922450000000005 3.00015
vertex 0.14670000000000002 41.926950000000005 3.00015
vertex 0.14085 41.9067 3.00015
endloop
endfacet
facet normal 0 0 1
outer loop
vertex 1.9161000000000001 41.922450000000005 3.00015
vertex 0.14085 41.9067 3.00015
vertex 4.477950000000001 41.9067 3.00015
endloop
endfacet
facet normal 0 0 1
outer loop
vertex 1.9161000000000001 41.922450000000005 3.00015
vertex 4.477950000000001 41.9067 3.00015
vertex 4.6638 41.936400000000006 3.00015
endloop
endfacet
facet normal 0 0 1
outer loop
vertex 1.9161000000000001 41.922450000000005 3.00015
vertex 4.6638 41.936400000000006 3.00015
vertex 0.15030000000000002 41.936400000000006 3.00015
endloop
endfacet
facet normal 0 0 1
outer loop
vertex 79.52220000000001 41.9067 3.00015
vertex 79.70625000000001 41.865750000000006 3.00015
vertex 83.87100000000001 41.865750000000006 3.00015
endloop
endfacet
facet normal 0 0 1
outer loop
vertex 79.52220000000001 41.9067 3.00015
vertex 83.87100000000001 41.865750000000006 3.00015
vertex 83.85885 41.9067 3.00015
endloop
endfacet
facet normal 0 0 1
outer loop
vertex 0.14085 41.9067 3.00015
vertex 0.12915000000000001 41.865750000000006 3.00015
vertex 4.293900000000001 41.865750000000006 3.00015
endloop
endfacet
facet normal 0 0 1
outer loop
vertex 0.14085 41.9067 3.00015
vertex 4.293900000000001 41.865750000000006 3.00015
vertex 4.477950000000001 41.9067 3.00015
endloop
endfacet
facet normal 0 0 0.9999999999999999
outer loop
vertex 79.70625000000001 41.865750000000006 3.00015
vertex 79.88715 41.813100000000006 3.00015
vertex 83.8863 41.813100000000006 3.00015
endloop
endfacet
facet normal 0 0 1
outer loop
vertex 79.70625000000001 41.865750000000006 3.00015
vertex 83.8863 41.813100000000006 3.00015
vertex 83.87100000000001 41.865750000000006 3.00015
endloop
endfacet
facet normal 0 0 0.9999999999999999
outer loop
vertex 0.12915000000000001 41.865750000000006 3.00015
vertex 0.11385 41.813100000000006 3.00015
vertex 4.113 41.813100000000006 3.00015
endloop
endfacet
facet normal 0 0 0.9999999999999999
outer loop
vertex 0.12915000000000001 41.865750000000006 3.00015
vertex 4.113 41.813100000000006 3.00015
vertex 4.293900000000001 41.865750000000006 3.00015
endloop
endfacet
facet normal 0 0 1
outer loop
vertex 79.88715 41.813100000000006 3.00015
vertex 80.06445000000001 41.7492 3.00015
vertex 83.90475 41.7492 3.00015
endloop
endfacet
facet normal 0 0 1
outer loop
vertex 79.88715 41.813100000000006 3.00015
vertex 83.90475 41.7492 3.00015
vertex 83.8863 41.813100000000006 3.00015
endloop
endfacet
facet normal 0 0 1
outer loop
vertex 0.11385 41.813100000000006 3.00015
vertex 0.09540000000000001 41.7492 3.00015
vertex 3.9357 41.7492 3.00015
endloop
endfacet
facet normal 0 0 1
outer loop
vertex 0.11385 41.813100000000006 3.00015
vertex 3.9357 41.7492 3.00015
vertex 4.113 41.813100000000006 3.00015
endloop
endfacet
facet normal 0 0 1
outer loop
vertex 82.4067 41.7186 3.00015
vertex 80.06445000000001 41.7492 3.00015
vertex 80.23725 41.6745 3.00015
endloop
endfacet
facet normal 0 0 1
outer loop
vertex 82.4067 41.7186 3.00015
vertex 80.23725 41.6745 3.00015
vertex 83.92185 41.6745 3.00015
endloop
endfacet
facet normal 0 0 1
outer loop
vertex 82.4067 41.7186 3.00015
vertex 83.92185 41.6745 3.00015
vertex 83.90565000000001 41.746050000000004 3.00015
endloop
endfacet
facet normal 0 0 1
outer loop
vertex 82.4067 41.7186 3.00015
vertex 83.90565000000001 41.746050000000004 3.00015
vertex 83.90475 41.7492 3.00015
endloop
endfacet
facet normal 0 0 1
outer loop
vertex 82.4067 41.7186 3.00015
vertex 83.90475 41.7492 3.00015
vertex 80.06445000000001 41.7492 3.00015
endloop
endfacet
facet normal 0 0 1
outer loop
vertex 1.5930000000000002 41.7186 3.00015
vertex 0.09540000000000001 41.7492 3.00015
vertex 0.09405000000000001 41.746050000000004 3.00015
endloop
endfacet
facet normal 0 0 0.9999999999999999
outer loop
vertex 1.5930000000000002 41.7186 3.00015
vertex 0.09405000000000001 41.746050000000004 3.00015
vertex 0.07830000000000001 41.6745 3.00015
endloop
endfacet
facet normal 0 0 1
outer loop
vertex 1.5930000000000002 41.7186 3.00015
vertex 0.07830000000000001 41.6745 3.00015
vertex 3.7624500000000003 41.6745 3.00015
endloop
endfacet
facet normal 0 0 1
outer loop
vertex 1.5930000000000002 41.7186 3.00015
vertex 3.7624500000000003 41.6745 3.00015
vertex 3.9357 41.7492 3.00015
endloop
endfacet
facet normal 0 0 1
outer loop
vertex 1.5930000000000002 41.7186 3.00015
vertex 3.9357 41.7492 3.00015
vertex 0.09540000000000001 41.7492 3.00015
endloop
endfacet
facet normal 0 0 1
outer loop
vertex 80.23725 41.6745 3.00015
vertex 80.4051 41.589000000000006 3.00015
vertex 83.94075000000001 41.589000000000006 3.00015
endloop
endfacet
facet normal 0 0 1
outer loop
vertex 80.23725 41.6745 3.00015
vertex 83.94075000000001 41.589000000000006 3.00015
vertex 83.92185 41.6745 3.00015
endloop
endfacet
facet normal 0 0 1
outer loop
vertex 0.07830000000000001 41.6745 3.00015
vertex 0.05895 41.589000000000006 3.00015
vertex 3.5946000000000002 41.589000000000006 3.00015
endloop
endfacet
facet normal 0 0 1
outer loop
vertex 0.07830000000000001 41.6745 3.00015
vertex 3.5946000000000002 41.589000000000006 3.00015
vertex 3.7624500000000003 41.6745 3.00015
endloop
endfacet
facet normal 0 0 1
outer loop
vertex 82.56375000000001 41.545350000000006 3.00015
vertex 80.4051 41.589000000000006 3.00015
vertex 80.56755000000001 41.49315000000001 3.00015
endloop
endfacet
facet normal 0 0 1
outer loop
vertex 82.56375000000001 41.545350000000006 3.00015
vertex 80.56755000000001 41.49315000000001 3.00015
vertex 83.95785000000001 41.49315000000001 3.00015
endloop
endfacet
facet normal 0 0 1
outer loop
vertex 82.56375000000001 41.545350000000006 3.00015
vertex 83.95785000000001 41.49315000000001 3.00015
vertex 83.94705 41.562000000000005 3.00015
endloop
endfacet
facet normal 0 0 1
outer loop
vertex 82.56375000000001 41.545350000000006 3.00015
vertex 83.94705 41.562000000000005 3.00015
vertex 83.94075000000001 41.589000000000006 3.00015
endloop
endfacet
facet normal 0 0 1
outer loop
vertex 82.56375000000001 41.545350000000006 3.00015
vertex 83.94075000000001 41.589000000000006 3.00015
vertex 80.4051 41.589000000000006 3.00015
endloop
endfacet
facet normal 0 0 1
outer loop
vertex 1.4364000000000001 41.545350000000006 3.00015
vertex 0.05895 41.589000000000006 3.00015
vertex 0.05310000000000001 41.562000000000005 3.00015
endloop
endfacet
facet normal 0 0 0.9999999999999999
outer loop
vertex 1.4364000000000001 41.545350000000006 3.00015
vertex 0.05310000000000001 41.562000000000005 3.00015
vertex 0.042300000000000004 41.49315000000001 3.00015
endloop
endfacet
facet normal 0 0 1
outer loop
vertex 1.4364000000000001 41.545350000000006 3.00015
vertex 0.042300000000000004 41.49315000000001 3.00015
vertex 3.4326000000000003 41.49315000000001 3.00015
endloop
endfacet
facet normal 0 0 1
outer loop
vertex 1.4364000000000001 41.545350000000006 3.00015
vertex 3.4326000000000003 41.49315000000001 3.00015
vertex 3.5946000000000002 41.589000000000006 3.00015
endloop
endfacet
facet normal 0 0 1
outer loop
vertex 1.4364000000000001 41.545350000000006 3.00015
vertex 3.5946000000000002 41.589000000000006 3.00015
vertex 0.05895 41.589000000000006 3.00015
endloop
endfacet
facet normal 0 0 1
outer loop
vertex 80.56755000000001 41.49315000000001 3.00015
vertex 80.72325000000001 41.386950000000006 3.00015
vertex 83.9745 41.386950000000006 3.00015
endloop
endfacet
facet normal 0 0 1
outer loop
vertex 80.56755000000001 41.49315000000001 3.00015
vertex 83.9745 41.386950000000006 3.00015
vertex 83.95785000000001 41.49315000000001 3.00015
endloop
endfacet
facet normal 0 0 1
outer loop
vertex 0.042300000000000004 41.49315000000001 3.00015
vertex 0.025200000000000004 41.386950000000006 3.00015
vertex 3.27645 41.386950000000006 3.00015
endloop
endfacet
facet normal 0 0 0.9999999999999999
outer loop
vertex 0.042300000000000004 41.49315000000001 3.00015
vertex 3.27645 41.386950000000006 3.00015
vertex 3.4326000000000003 41.49315000000001 3.00015
endloop
endfacet
facet normal 0 0 1
outer loop
vertex 82.7064 41.338800000000006 3.00015
vertex 80.72325000000001 41.386950000000006 3.00015
vertex 80.8722 41.271750000000004 3.00015
endloop
endfacet
facet normal 0 0 1
outer loop
vertex 82.7064 41.338800000000006 3.00015
vertex 80.8722 41.271750000000004 3.00015
vertex 83.98620000000001 41.271750000000004 3.00015
endloop
endfacet
facet normal 0 0 1
outer loop
vertex 82.7064 41.338800000000006 3.00015
vertex 83.98620000000001 41.271750000000004 3.00015
vertex 83.97630000000001 41.37615 3.00015
endloop
endfacet
facet normal 0 0 1
outer loop
vertex 82.7064 41.338800000000006 3.00015
vertex 83.97630000000001 41.37615 3.00015
vertex 83.9745 41.386950000000006 3.00015
endloop
endfacet
facet normal 0 0 1
outer loop
vertex 82.7064 41.338800000000006 3.00015
vertex 83.9745 41.386950000000006 3.00015
vertex 80.72325000000001 41.386950000000006 3.00015
endloop
endfacet
facet normal 0 0 1
outer loop
vertex 1.2933000000000001 41.338800000000006 3.00015
vertex 0.025200000000000004 41.386950000000006 3.00015
vertex 0.023850000000000003 41.37615 3.00015
endloop
endfacet
facet normal 0 0 1
outer loop
vertex 1.2933000000000001 41.338800000000006 3.00015
vertex 0.023850000000000003 41.37615 3.00015
vertex 0.01395 41.271750000000004 3.00015
endloop
endfacet
facet normal 0 0 1
outer loop
vertex 1.2933000000000001 41.338800000000006 3.00015
vertex 0.01395 41.271750000000004 3.00015
vertex 3.1279500000000002 41.271750000000004 3.00015
endloop
endfacet
facet normal 0 0 0.9999999999999999
outer loop
vertex 1.2933000000000001 41.338800000000006 3.00015
vertex 3.1279500000000002 41.271750000000004 3.00015
vertex 3.27645 41.386950000000006 3.00015
endloop
endfacet
facet normal 0 0 0.9999999999999999
outer loop
vertex 1.2933000000000001 41.338800000000006 3.00015
vertex 3.27645 41.386950000000006 3.00015
vertex 0.025200000000000004 41.386950000000006 3.00015
endloop
endfacet
facet normal 0 0 1
outer loop
vertex 82.77210000000001 41.20515 3.00015
vertex 80.8722 41.271750000000004 3.00015
vertex 81.01350000000001 41.1471 3.00015
endloop
endfacet
facet normal 0 0 1
outer loop
vertex 82.77210000000001 41.20515 3.00015
vertex 81.01350000000001 41.1471 3.00015
vertex 83.99520000000001 41.1471 3.00015
endloop
endfacet
facet normal 0 0 0.9999999999999999
outer loop
vertex 82.77210000000001 41.20515 3.00015
vertex 83.99520000000001 41.1471 3.00015
vertex 83.99430000000001 41.188500000000005 3.00015
endloop
endfacet
facet normal 0 0 1
outer loop
vertex 82.77210000000001 41.20515 3.00015
vertex 83.99430000000001 41.188500000000005 3.00015
vertex 83.98620000000001 41.271750000000004 3.00015
endloop
endfacet
facet normal 0 0 1
outer loop
vertex 82.77210000000001 41.20515 3.00015
vertex 83.98620000000001 41.271750000000004 3.00015
vertex 80.8722 41.271750000000004 3.00015
endloop
endfacet
facet normal 0 0 1
outer loop
vertex 1.2276 41.20515 3.00015
vertex 0.01395 41.271750000000004 3.00015
vertex 0.00585 41.188500000000005 3.00015
endloop
endfacet
facet normal 0 0 1
outer loop
vertex 1.2276 41.20515 3.00015
vertex 0.00585 41.188500000000005 3.00015
vertex 0.0045000000000000005 41.1471 3.00015
endloop
endfacet
facet normal 0 0 1
outer loop
vertex 1.2276 41.20515 3.00015
vertex 0.0045000000000000005 41.1471 3.00015
vertex 2.9862 41.1471 3.00015
endloop
endfacet
facet normal 0 0 0.9999999999999999
outer loop
vertex 1.2276 41.20515 3.00015
vertex 2.9862 41.1471 3.00015
vertex 3.1279500000000002 41.271750000000004 3.00015
endloop
endfacet
facet normal 0 0 1
outer loop
vertex 1.2276 41.20515 3.00015
vertex 3.1279500000000002 41.271750000000004 3.00015
vertex 0.01395 41.271750000000004 3.00015
endloop
endfacet
facet normal 0 0 1
outer loop
vertex 81.01350000000001 41.1471 3.00015
vertex 81.14670000000001 41.013450000000006 3.00015
vertex 83.9997 41.013450000000006 3.00015
endloop
endfacet
facet normal 0 0 1
outer loop
vertex 81.01350000000001 41.1471 3.00015
vertex 83.9997 41.013450000000006 3.00015
vertex 83.99520000000001 41.1471 3.00015
endloop
endfacet
facet normal 0 0 1
outer loop
vertex 0.0045000000000000005 41.1471 3.00015
vertex 0.00045000000000000004 41.013450000000006 3.00015
vertex 2.853 41.013450000000006 3.00015
endloop
endfacet
facet normal 0 0 0.9999999999999999
outer loop
vertex 0.0045000000000000005 41.1471 3.00015
vertex 2.853 41.013450000000006 3.00015
vertex 2.9862 41.1471 3.00015
endloop
endfacet
facet normal 0 0 1
outer loop
vertex 82.8837 40.95405 3.00015
vertex 81.14670000000001 41.013450000000006 3.00015
vertex 81.27135000000001 40.872150000000005 3.00015
endloop
endfacet
facet normal 0 0 1
outer loop
vertex 82.8837 40.95405 3.00015
vertex 81.27135000000001 40.872150000000005 3.00015
vertex 84.00015 40.872150000000005 3.00015
endloop
endfacet
facet normal 0 0 1
outer loop
vertex 82.8837 40.95405 3.00015
vertex 84.00015 40.872150000000005 3.00015
vertex 84.00015 40.999950000000005 3.00015
endloop
endfacet
facet normal 0 0 1
outer loop
vertex 82.8837 40.95405 3.00015
vertex 84.00015 40.999950000000005 3.00015
vertex 83.9997 41.013450000000006 3.00015
endloop
endfacet
facet normal 0 0 1
outer loop
vertex 82.8837 40.95405 3.00015
vertex 83.9997 41.013450000000006 3.00015
vertex 81.14670000000001 41.013450000000006 3.00015
endloop
endfacet
facet normal 0 0 1
outer loop
vertex 1.1164500000000002 40.95405 3.00015
vertex 0.00045000000000000004 41.013450000000006 3.00015
vertex 0 40.999950000000005 3.00015
endloop
endfacet
facet normal 0 0 1
outer loop
vertex 1.1164500000000002 40.95405 3.00015
vertex 0 40.999950000000005 3.00015
vertex 0 40.872150000000005 3.00015
endloop
endfacet
facet normal 0 0 1
outer loop
vertex 1.1164500000000002 40.95405 3.00015
vertex 0 40.872150000000005 3.00015
vertex 2.7283500000000003 40.872150000000005 3.00015
endloop
endfacet
facet normal 0 0 1
outer loop
vertex 1.1164500000000002 40.95405 3.00015
vertex 2.7283500000000003 40.872150000000005 3.00015
vertex 2.853 41.013450000000006 3.00015
endloop
endfacet
facet normal 0 0 1
outer loop
vertex 1.1164500000000002 40.95405 3.00015
vertex 2.853 41.013450000000006 3.00015
vertex 0.00045000000000000004 41.013450000000006 3.00015
endloop
endfacet
facet normal 0 0 1
outer loop
vertex 81.27135000000001 40.872150000000005 3.00015
vertex 81.38700000000001 40.723200000000006 3.00015
vertex 84.00015 40.723200000000006 3.00015
endloop
endfacet
facet normal 0 0 1
outer loop
vertex 81.27135000000001 40.872150000000005 3.00015
vertex 84.00015 40.723200000000006 3.00015
vertex 84.00015 40.872150000000005 3.00015
endloop
endfacet
facet normal 0 0 1
outer loop
vertex 0 40.872150000000005 3.00015
vertex 0 40.723200000000006 3.00015
vertex 2.61315 40.723200000000006 3.00015
endloop
endfacet
facet normal 0 0 1
outer loop
vertex 0 40.872150000000005 3.00015
vertex 2.61315 40.723200000000006 3.00015
vertex 2.7283500000000003 40.872150000000005 3.00015
endloop
endfacet
facet normal 0 0 0.9999999999999999
outer loop
vertex 81.38700000000001 40.723200000000006 3.00015
vertex 81.4932 40.5675 3.00015
vertex 84.00015 40.5675 3.00015
endloop
endfacet
facet normal 0 0 1
outer loop
vertex 81.38700000000001 40.723200000000006 3.00015
vertex 84.00015 40.5675 3.00015
vertex 84.00015 40.723200000000006 3.00015
endloop
endfacet
facet normal 0 0 1
outer loop
vertex 0 40.723200000000006 3.00015
vertex 0 40.5675 3.00015
vertex 2.5069500000000002 40.5675 3.00015
endloop
endfacet
facet normal 0 0 1
outer loop
vertex 0 40.723200000000006 3.00015
vertex 2.5069500000000002 40.5675 3.00015
vertex 2.61315 40.723200000000006 3.00015
endloop
endfacet
facet normal 0 0 1
outer loop
vertex 81.4932 40.5675 3.00015
vertex 81.58905000000001 40.40505 3.00015
vertex 84.00015 40.40505 3.00015
endloop
endfacet
facet normal 0 0 1
outer loop
vertex 81.4932 40.5675 3.00015
vertex 84.00015 40.40505 3.00015
vertex 84.00015 40.5675 3.00015
endloop
endfacet
facet normal 0 0 1
outer loop
vertex 0 40.5675 3.00015
vertex 0 40.40505 3.00015
vertex 2.4111000000000002 40.40505 3.00015
endloop
endfacet
facet normal 0 0 0.9999999999999999
outer loop
vertex 0 40.5675 3.00015
vertex 2.4111000000000002 40.40505 3.00015
vertex 2.5069500000000002 40.5675 3.00015
endloop
endfacet
facet normal 0 0 1
outer loop
vertex 81.58905000000001 40.40505 3.00015
vertex 81.67455000000001 40.2372 3.00015
vertex 84.00015 40.2372 3.00015
endloop
endfacet
facet normal 0 0 1
outer loop
vertex 81.58905000000001 40.40505 3.00015
vertex 84.00015 40.2372 3.00015
vertex 84.00015 40.40505 3.00015
endloop
endfacet
facet normal 0 0 1
outer loop
vertex 0 40.40505 3.00015
vertex 0 40.2372 3.00015
vertex 2.3256 40.2372 3.00015
endloop
endfacet
facet normal 0 0 1
outer loop
vertex 0 40.40505 3.00015
vertex 2.3256 40.2372 3.00015
vertex 2.4111000000000002 40.40505 3.00015
endloop
endfacet
facet normal 0 0 1
outer loop
vertex 81.67455000000001 40.2372 3.00015
vertex 81.74925 40.064400000000006 3.00015
vertex 84.00015 40.064400000000006 3.00015
endloop
endfacet
facet normal 0 0 1
outer loop
vertex 81.67455000000001 40.2372 3.00015
vertex 84.00015 40.064400000000006 3.00015
vertex 84.00015 40.2372 3.00015
endloop
endfacet
facet normal 0 0 1
outer loop
vertex 0 40.2372 3.00015
vertex 0 40.064400000000006 3.00015
vertex 2.2504500000000003 40.064400000000006 3.00015
endloop
endfacet
facet normal 0 0 1
outer loop
vertex 0 40.2372 3.00015
vertex 2.2504500000000003 40.064400000000006 3.00015
vertex 2.3256 40.2372 3.00015
endloop
endfacet
facet normal 0 0 1
outer loop
vertex 81.74925 40.064400000000006 3.00015
vertex 81.81315000000001 39.887100000000004 3.00015
vertex 84.00015 39.887100000000004 3.00015
endloop
endfacet
facet normal 0 0 1
outer loop
vertex 81.74925 40.064400000000006 3.00015
vertex 84.00015 39.887100000000004 3.00015
vertex 84.00015 40.064400000000006 3.00015
endloop
endfacet
facet normal 0 0 1
outer loop
vertex 0 40.064400000000006 3.00015
vertex 0 39.887100000000004 3.00015
vertex 2.1870000000000003 39.887100000000004 3.00015
endloop
endfacet
facet normal 0 0 1
outer loop
vertex 0 40.064400000000006 3.00015
vertex 2.1870000000000003 39.887100000000004 3.00015
vertex 2.2504500000000003 40.064400000000006 3.00015
endloop
endfacet
facet normal 0 0 1
outer loop
vertex 81.81315000000001 39.887100000000004 3.00015
vertex 81.86580000000001 39.7062 3.00015
vertex 84.00015 39.7062 3.00015
endloop
endfacet
facet normal 0 0 0.9999999999999999
outer loop
vertex 81.81315000000001 39.887100000000004 3.00015
vertex 84.00015 39.7062 3.00015
vertex 84.00015 39.887100000000004 3.00015
endloop
endfacet
facet normal 0 0 1
outer loop
vertex 0 39.887100000000004 3.00015
vertex 0 39.7062 3.00015
vertex 2.1343500000000004 39.7062 3.00015
endloop
endfacet
facet normal 0 0 1
outer loop
vertex 0 39.887100000000004 3.00015
vertex 2.1343500000000004 39.7062 3.00015
vertex 2.1870000000000003 39.887100000000004 3.00015
endloop
endfacet
facet normal 0 0 1
outer loop
vertex 81.86580000000001 39.7062 3.00015
vertex 81.90675 39.52215 3.00015
vertex 84.00015 39.52215 3.00015
endloop
endfacet
facet normal 0 0 1
outer loop
vertex 81.86580000000001 39.7062 3.00015
vertex 84.00015 39.52215 3.00015
vertex 84.00015 39.7062 3.00015
endloop
endfacet
facet normal 0 0 0.9999999999999999
outer loop
vertex 0 39.7062 3.00015
vertex 0 39.52215 3.00015
vertex 2.09295 39.52215 3.00015
endloop
endfacet
facet normal 0 0 1
outer loop
vertex 0 39.7062 3.00015
vertex 2.09295 39.52215 3.00015
vertex 2.1343500000000004 39.7062 3.00015
endloop
endfacet
facet normal 0 0 1
outer loop
vertex 81.90675 39.52215 3.00015
vertex 81.93645000000001 39.33585 3.00015
vertex 84.00015 39.33585 3.00015
endloop
endfacet
facet normal 0 0 1
outer loop
vertex 81.90675 39.52215 3.00015
vertex 84.00015 39.33585 3.00015
vertex 84.00015 39.52215 3.00015
endloop
endfacet
facet normal 0 0 0.9999999999999999
outer loop
vertex 0 39.52215 3.00015
vertex 0 39.33585 3.00015
vertex 2.0637000000000003 39.33585 3.00015
endloop
endfacet
facet normal 0 0 0.9999999999999999
outer loop
vertex 0 39.52215 3.00015
vertex 2.0637000000000003 39.33585 3.00015
vertex 2.09295 39.52215 3.00015
endloop
endfacet
facet normal 0 0 1
outer loop
vertex 81.93645000000001 39.33585 3.00015
vertex 81.95400000000001 39.1482 3.00015
vertex 84.00015 39.1482 3.00015
endloop
endfacet
facet normal 0 0 1
outer loop
vertex 81.93645000000001 39.33585 3.00015
vertex 84.00015 39.1482 3.00015
vertex 84.00015 39.33585 3.00015
endloop
endfacet
facet normal 0 0 1
outer loop
vertex 0 39.33585 3.00015
vertex 0 39.1482 3.00015
vertex 2.0457 39.1482 3.00015
endloop
endfacet
facet normal 0 0 1
outer loop
vertex 0 39.33585 3.00015
vertex 2.0457 39.1482 3.00015
vertex 2.0637000000000003 39.33585 3.00015
endloop
endfacet
facet normal 0 0 0.9999999999999999
outer loop
vertex 81.95400000000001 39.1482 3.00015
vertex 81.95985 38.960100000000004 3.00015
vertex 84.00015 38.960100000000004 3.00015
endloop
endfacet
facet normal 0 0 0.9999999999999999
outer loop
vertex 81.95400000000001 39.1482 3.00015
vertex 84.00015 38.960100000000004 3.00015
vertex 84.00015 39.1482 3.00015
endloop
endfacet
facet normal 0 0 1
outer loop
vertex 0 39.1482 3.00015
vertex 0 38.960100000000004 3.00015
vertex 2.0398500000000004 38.960100000000004 3.00015
endloop
endfacet
facet normal 0 0 1
outer loop
vertex 0 39.1482 3.00015
vertex 2.0398500000000004 38.960100000000004 3.00015
vertex 2.0457 39.1482 3.00015
endloop
endfacet
facet normal 0 0 1
outer loop
vertex 81.95985 38.960100000000004 3.00015
vertex 81.95985 5.04 3.00015
vertex 84.00015 5.04 3.00015
endloop
endfacet
facet normal 0 0 1
outer loop
vertex 81.95985 38.960100000000004 3.00015
vertex 84.00015 5.04 3.00015
vertex 84.00015 38.960100000000004 3.00015
endloop
endfacet
facet normal 0 0 1
outer loop
vertex 0 38.960100000000004 3.00015
vertex 0 5.04 3.00015
vertex 2.0398500000000004 5.04 3.00015
endloop
endfacet
facet normal 0 0 1
outer loop
vertex 0 38.960100000000004 3.00015
vertex 2.0398500000000004 5.04 3.00015
vertex 2.0398500000000004 38.960100000000004 3.00015
endloop
endfacet
facet normal 0 0 1
outer loop
vertex 81.95985 5.04 3.00015
vertex 81.95400000000001 4.851450000000001 3.00015
vertex 84.00015 4.851450000000001 3.00015
endloop
endfacet
facet normal 0 0 1
outer loop
vertex 81.95985 5.04 3.00015
vertex 84.00015 4.851450000000001 3.00015
vertex 84.00015 5.04 3.00015
endloop
endfacet
facet normal 0 0 1
outer loop
vertex 0 5.04 3.00015
vertex 0 4.851450000000001 3.00015
vertex 2.0457 4.851450000000001 3.00015
endloop
endfacet
facet normal 0 0 1
outer loop
vertex 0 5.04 3.00015
vertex 2.0457 4.851450000000001 3.00015
vertex 2.0398500000000004 5.04 3.00015
endloop
endfacet
facet normal 0 0 1
outer loop
vertex 81.95400000000001 4.851450000000001 3.00015
vertex 81.93645000000001 4.6638 3.00015
vertex 84.00015 4.6638 3.00015
endloop
endfacet
facet normal 0 0 1
outer loop
vertex 81.95400000000001 4.851450000000001 3.00015
vertex 84.00015 4.6638 3.00015
vertex 84.00015 4.851450000000001 3.00015
endloop
endfacet
facet normal 0 0 0.9999999999999999
outer loop
vertex 0 4.851450000000001 3.00015
vertex 0 4.6638 3.00015
vertex 2.0637000000000003 4.6638 3.00015
endloop
endfacet
facet normal 0 0 1
outer loop
vertex 0 4.851450000000001 3.00015
vertex 2.0637000000000003 4.6638 3.00015
vertex 2.0457 4.851450000000001 3.00015
endloop
endfacet
facet normal 0 0 0.9999999999999999
outer loop
vertex 81.93645000000001 4.6638 3.00015
vertex 81.90675 4.477950000000001 3.00015
vertex 84.00015 4.477950000000001 3.00015
endloop
endfacet
facet normal 0 0 1
outer loop
vertex 81.93645000000001 4.6638 3.00015
vertex 84.00015 4.477950000000001 3.00015
vertex 84.00015 4.6638 3.00015
endloop
endfacet
facet normal 0 0 1
outer loop
vertex 0 4.6638 3.00015
vertex 0 4.477950000000001 3.00015
vertex 2.09295 4.477950000000001 3.00015
endloop
endfacet
facet normal 0 0 0.9999999999999999
outer loop
vertex 0 4.6638 3.00015
vertex 2.09295 4.477950000000001 3.00015
vertex 2.0637000000000003 4.6638 3.00015
endloop
endfacet
facet normal 0 0 1
outer loop
vertex 81.90675 4.477950000000001 3.00015
vertex 81.86580000000001 4.293900000000001 3.00015
vertex 84.00015 4.293900000000001 3.00015
endloop
endfacet
facet normal 0 0 0.9999999999999999
outer loop
vertex 81.90675 4.477950000000001 3.00015
vertex 84.00015 4.293900000000001 3.00015
vertex 84.00015 4.477950000000001 3.00015
endloop
endfacet
facet normal 0 0 1
outer loop
vertex 0 4.477950000000001 3.00015
vertex 0 4.293900000000001 3.00015
vertex 2.1343500000000004 4.293900000000001 3.00015
endloop
endfacet
facet normal 0 0 1
outer loop
vertex 0 4.477950000000001 3.00015
vertex 2.1343500000000004 4.293900000000001 3.00015
vertex 2.09295 4.477950000000001 3.00015
endloop
endfacet
facet normal 0 0 1
outer loop
vertex 81.86580000000001 4.293900000000001 3.00015
vertex 81.81315000000001 4.113 3.00015
vertex 84.00015 4.113 3.00015
endloop
endfacet
facet normal 0 0 1
outer loop
vertex 81.86580000000001 4.293900000000001 3.00015
vertex 84.00015 4.113 3.00015
vertex 84.00015 4.293900000000001 3.00015
endloop
endfacet
facet normal 0 0 1
outer loop
vertex 0 4.293900000000001 3.00015
vertex 0 4.113 3.00015
vertex 2.1870000000000003 4.113 3.00015
endloop
endfacet
facet normal 0 0 1
outer loop
vertex 0 4.293900000000001 3.00015
vertex 2.1870000000000003 4.113 3.00015
vertex 2.1343500000000004 4.293900000000001 3.00015
endloop
endfacet
facet normal 0 0 1
outer loop
vertex 41.99985 22.00005 3.00015
vertex 7.0398000000000005 39.96 3.00015
vertex 6.851700000000001 39.954150000000006 3.00015
endloop
endfacet
facet normal 0 0 1
outer loop
vertex 41.99985 22.00005 3.00015
vertex 6.851700000000001 39.954150000000006 3.00015
vertex 6.6640500000000005 39.936150000000005 3.00015
endloop
endfacet
facet normal 0 0 1
outer loop
vertex 41.99985 22.00005 3.00015
vertex 6.6640500000000005 39.936150000000005 3.00015
vertex 6.47775 39.9069 3.00015
endloop
endfacet
facet normal 0 0 1
outer loop
vertex 41.99985 22.00005 3.00015
vertex 6.47775 39.9069 3.00015
vertex 6.294150000000001 39.865950000000005 3.00015
endloop
endfacet
facet normal 0 0 1
outer loop
vertex 41.99985 22.00005 3.00015
vertex 6.294150000000001 39.865950000000005 3.00015
vertex 6.112800000000001 39.813300000000005 3.00015
endloop
endfacet
facet normal 0 0 1
outer loop
vertex 41.99985 22.00005 3.00015
vertex 6.112800000000001 39.813300000000005 3.00015
vertex 5.9355 39.7494 3.00015
endloop
endfacet
facet normal 0 0 0.9999999999999999
outer loop
vertex 41.99985 22.00005 3.00015
vertex 5.9355 39.7494 3.00015
vertex 5.762700000000001 39.6747 3.00015
endloop
endfacet
facet normal 0 0 1
outer loop
vertex 41.99985 22.00005 3.00015
vertex 5.762700000000001 39.6747 3.00015
vertex 5.59485 39.588750000000005 3.00015
endloop
endfacet
facet normal 0 0 1
outer loop
vertex 41.99985 22.00005 3.00015
vertex 5.59485 39.588750000000005 3.00015
vertex 5.4324 39.492900000000006 3.00015
endloop
endfacet
facet normal 0 0 1
outer loop
vertex 41.99985 22.00005 3.00015
vertex 5.4324 39.492900000000006 3.00015
vertex 5.276700000000001 39.387150000000005 3.00015
endloop
endfacet
facet normal 0 0 1
outer loop
vertex 41.99985 22.00005 3.00015
vertex 5.276700000000001 39.387150000000005 3.00015
vertex 5.127750000000001 39.2715 3.00015
endloop
endfacet
facet normal 0 0 1
outer loop
vertex 41.99985 22.00005 3.00015
vertex 5.127750000000001 39.2715 3.00015
vertex 4.9864500000000005 39.14685 3.00015
endloop
endfacet
facet normal 0 0 1
outer loop
vertex 41.99985 22.00005 3.00015
vertex 4.9864500000000005 39.14685 3.00015
vertex 4.85325 39.013650000000005 3.00015
endloop
endfacet
facet normal 0 0 0.9999999999999999
outer loop
vertex 41.99985 22.00005 3.00015
vertex 4.85325 39.013650000000005 3.00015
vertex 4.7286 38.872350000000004 3.00015
endloop
endfacet
facet normal 0 0 1
outer loop
vertex 41.99985 22.00005 3.00015
vertex 4.7286 38.872350000000004 3.00015
vertex 4.6129500000000005 38.723400000000005 3.00015
endloop
endfacet
facet normal 0 0 1
outer loop
vertex 41.99985 22.00005 3.00015
vertex 4.6129500000000005 38.723400000000005 3.00015
vertex 4.5072 38.5677 3.00015
endloop
endfacet
facet normal 0 0 1
outer loop
vertex 41.99985 22.00005 3.00015
vertex 4.5072 38.5677 3.00015
vertex 4.410900000000001 38.40525 3.00015
endloop
endfacet
facet normal 0 0 1
outer loop
vertex 41.99985 22.00005 3.00015
vertex 4.410900000000001 38.40525 3.00015
vertex 4.3254 38.2374 3.00015
endloop
endfacet
facet normal 0 0 0.9999999999999999
outer loop
vertex 41.99985 22.00005 3.00015
vertex 4.3254 38.2374 3.00015
vertex 4.2507 38.064150000000005 3.00015
endloop
endfacet
facet normal 0 0 0.9999999999999999
outer loop
vertex 41.99985 22.00005 3.00015
vertex 4.2507 38.064150000000005 3.00015
vertex 4.186800000000001 37.88685 3.00015
endloop
endfacet
facet normal 0 0 1
outer loop
vertex 41.99985 22.00005 3.00015
vertex 4.186800000000001 37.88685 3.00015
vertex 4.13415 37.70595 3.00015
endloop
endfacet
facet normal 0 0 0.9999999999999999
outer loop
vertex 41.99985 22.00005 3.00015
vertex 4.13415 37.70595 3.00015
vertex 4.0932 37.52235 3.00015
endloop
endfacet
facet normal 0 0 0.9999999999999999
outer loop
vertex 41.99985 22.00005 3.00015
vertex 4.0932 37.52235 3.00015
vertex 4.0635 37.33605 3.00015
endloop
endfacet
facet normal 0 0 1
outer loop
vertex 41.99985 22.00005 3.00015
vertex 4.0635 37.33605 3.00015
vertex 4.04595 37.1484 3.00015
endloop
endfacet
facet normal 0 0 1
outer loop
vertex 41.99985 22.00005 3.00015
vertex 4.04595 37.1484 3.00015
vertex 4.040100000000001 36.95985 3.00015
endloop
endfacet
facet normal 0 0 1
outer loop
vertex 41.99985 22.00005 3.00015
vertex 4.040100000000001 36.95985 3.00015
vertex 4.040100000000001 7.0398000000000005 3.00015
endloop
endfacet
facet normal 0 0 1
outer loop
vertex 41.99985 22.00005 3.00015
vertex 4.040100000000001 7.0398000000000005 3.00015
vertex 4.04595 6.851700000000001 3.00015
endloop
endfacet
facet normal 0 0 1
outer loop
vertex 41.99985 22.00005 3.00015
vertex 4.04595 6.851700000000001 3.00015
vertex 4.0635 6.6640500000000005 3.00015
endloop
endfacet
facet normal 0 0 1
outer loop
vertex 41.99985 22.00005 3.00015
vertex 4.0635 6.6640500000000005 3.00015
vertex 4.0932 6.47775 3.00015
endloop
endfacet
facet normal 0 0 0.9999999999999999
outer loop
vertex 41.99985 22.00005 3.00015
vertex 4.0932 6.47775 3.00015
vertex 4.13415 6.294150000000001 3.00015
endloop
endfacet
facet normal 0 0 1
outer loop
vertex 41.99985 22.00005 3.00015
vertex 4.13415 6.294150000000001 3.00015
vertex 4.186800000000001 6.112800000000001 3.00015
endloop
endfacet
facet normal 0 0 1
outer loop
vertex 41.99985 22.00005 3.00015
vertex 4.186800000000001 6.112800000000001 3.00015
vertex 4.2507 5.9355 3.00015
endloop
endfacet
facet normal 0 0 1
outer loop
vertex 41.99985 22.00005 3.00015
vertex 4.2507 5.9355 3.00015
vertex 4.3254 5.762700000000001 3.00015
endloop
endfacet
facet normal 0 0 1
outer loop
vertex 41.99985 22.00005 3.00015
vertex 4.3254 5.762700000000001 3.00015
vertex 4.410900000000001 5.59485 3.00015
endloop
endfacet
facet normal 0 0 1
outer loop
vertex 41.99985 22.00005 3.00015
vertex 4.410900000000001 5.59485 3.00015
vertex 4.5072 5.4324 3.00015
endloop
endfacet
facet normal 0 0 1
outer loop
vertex 41.99985 22.00005 3.00015
vertex 4.5072 5.4324 3.00015
vertex 4.6129500000000005 5.276700000000001 3.00015
endloop
endfacet
facet normal 0 0 0.9999999999999999
outer loop
vertex 41.99985 22.00005 3.00015
vertex 4.6129500000000005 5.276700000000001 3.00015
vertex 4.7286 5.127750000000001 3.00015
endloop
endfacet
facet normal 0 0 1
outer loop
vertex 41.99985 22.00005 3.00015
vertex 4.7286 5.127750000000001 3.00015
vertex 4.85325 4.9864500000000005 3.00015
endloop
endfacet
facet normal 0 0 0.9999999999999999
outer loop
vertex 41.99985 22.00005 3.00015
vertex 4.85325 4.9864500000000005 3.00015
vertex 4.9864500000000005 4.85325 3.00015
endloop
endfacet
facet normal 0 0 1
outer loop
vertex 41.99985 22.00005 3.00015
vertex 4.9864500000000005 4.85325 3.00015
vertex 5.127750000000001 4.7286 3.00015
endloop
endfacet
facet normal 0 0 1
outer loop
vertex 41.99985 22.00005 3.00015
vertex 5.127750000000001 4.7286 3.00015
vertex 5.276700000000001 4.6129500000000005 3.00015
endloop
endfacet
facet normal 0 0 1
outer loop
vertex 41.99985 22.00005 3.00015
vertex 5.276700000000001 4.6129500000000005 3.00015
vertex 5.4324 4.5072 3.00015
endloop
endfacet
facet normal 0 0 1
outer loop
vertex 41.99985 22.00005 3.00015
vertex 5.4324 4.5072 3.00015
vertex 5.59485 4.410900000000001 3.00015
endloop
endfacet
facet normal 0 0 1
outer loop
vertex 41.99985 22.00005 3.00015
vertex 5.59485 4.410900000000001 3.00015
vertex 5.762700000000001 4.3254 3.00015
endloop
endfacet
facet normal 0 0 0.9999999999999999
outer loop
vertex 41.99985 22.00005 3.00015
vertex 5.762700000000001 4.3254 3.00015
vertex 5.9355 4.2507 3.00015
endloop
endfacet
facet normal 0 0 1
outer loop
vertex 41.99985 22.00005 3.00015
vertex 5.9355 4.2507 3.00015
vertex 6.112800000000001 4.186800000000001 3.00015
endloop
endfacet
facet normal 0 0 1
outer loop
vertex 41.99985 22.00005 3.00015
vertex 6.112800000000001 4.186800000000001 3.00015
vertex 6.294150000000001 4.13415 3.00015
endloop
endfacet
facet normal 0 0 0.9999999999999999
outer loop
vertex 41.99985 22.00005 3.00015
vertex 6.294150000000001 4.13415 3.00015
vertex 6.47775 4.0932 3.00015
endloop
endfacet
facet normal 0 0 1
outer loop
vertex 41.99985 22.00005 3.00015
vertex 6.47775 4.0932 3.00015
vertex 6.6640500000000005 4.0635 3.00015
endloop
endfacet
facet normal 0 0 0.9999999999999999
outer loop
vertex 41.99985 22.00005 3.00015
vertex 6.6640500000000005 4.0635 3.00015
vertex 6.851700000000001 4.04595 3.00015
endloop
endfacet
facet normal 0 0 0.9999999999999999
outer loop
vertex 41.99985 22.00005 3.00015
vertex 6.851700000000001 4.04595 3.00015
vertex 7.0398000000000005 4.040100000000001 3.00015
endloop
endfacet
facet normal 0 0 1
outer loop
vertex 41.99985 22.00005 3.00015
vertex 7.0398000000000005 4.040100000000001 3.00015
vertex 76.9599 4.040100000000001 3.00015
endloop
endfacet
facet normal 0 0 1
outer loop
vertex 41.99985 22.00005 3.00015
vertex 76.9599 4.040100000000001 3.00015
vertex 77.14845000000001 4.04595 3.00015
endloop
endfacet
facet normal 0 0 1
outer loop
vertex 41.99985 22.00005 3.00015
vertex 77.14845000000001 4.04595 3.00015
vertex 77.3361 4.0635 3.00015
endloop
endfacet
facet normal 0 0 1
outer loop
vertex 41.99985 22.00005 3.00015
vertex 77.3361 4.0635 3.00015
vertex 77.52195 4.0932 3.00015
endloop
endfacet
facet normal 0 0 1
outer loop
vertex 41.99985 22.00005 3.00015
vertex 77.52195 4.0932 3.00015
vertex 77.706 4.13415 3.00015
endloop
endfacet
facet normal 0 0 1
outer loop
vertex 41.99985 22.00005 3.00015
vertex 77.706 4.13415 3.00015
vertex 77.88690000000001 4.186800000000001 3.00015
endloop
endfacet
facet normal 0 0 1
outer loop
vertex 41.99985 22.00005 3.00015
vertex 77.88690000000001 4.186800000000001 3.00015
vertex 78.06420000000001 4.2507 3.00015
endloop
endfacet
facet normal 0 0 1
outer loop
vertex 41.99985 22.00005 3.00015
vertex 78.06420000000001 4.2507 3.00015
vertex 78.23745000000001 4.3254 3.00015
endloop
endfacet
facet normal 0 0 1
outer loop
vertex 41.99985 22.00005 3.00015
vertex 78.23745000000001 4.3254 3.00015
vertex 78.40530000000001 4.410900000000001 3.00015
endloop
endfacet
facet normal 0 0 1
outer loop
vertex 41.99985 22.00005 3.00015
vertex 78.40530000000001 4.410900000000001 3.00015
vertex 78.5673 4.5072 3.00015
endloop
endfacet
facet normal 0 0 1
outer loop
vertex 41.99985 22.00005 3.00015
vertex 78.5673 4.5072 3.00015
vertex 78.72345000000001 4.6129500000000005 3.00015
endloop
endfacet
facet normal 0 0 1
outer loop
vertex 41.99985 22.00005 3.00015
vertex 78.72345000000001 4.6129500000000005 3.00015
vertex 78.87240000000001 4.7286 3.00015
endloop
endfacet
facet normal 0 0 1
outer loop
vertex 41.99985 22.00005 3.00015
vertex 78.87240000000001 4.7286 3.00015
vertex 79.01370000000001 4.85325 3.00015
endloop
endfacet
facet normal 0 0 1
outer loop
vertex 41.99985 22.00005 3.00015
vertex 79.01370000000001 4.85325 3.00015
vertex 79.1469 4.9864500000000005 3.00015
endloop
endfacet
facet normal 0 0 1
outer loop
vertex 41.99985 22.00005 3.00015
vertex 79.1469 4.9864500000000005 3.00015
vertex 79.27155 5.127750000000001 3.00015
endloop
endfacet
facet normal 0 0 1
outer loop
vertex 41.99985 22.00005 3.00015
vertex 79.27155 5.127750000000001 3.00015
vertex 79.3872 5.276700000000001 3.00015
endloop
endfacet
facet normal 0 0 1
outer loop
vertex 41.99985 22.00005 3.00015
vertex 79.3872 5.276700000000001 3.00015
vertex 79.49295000000001 5.4324 3.00015
endloop
endfacet
facet normal 0 0 1
outer loop
vertex 41.99985 22.00005 3.00015
vertex 79.49295000000001 5.4324 3.00015
vertex 79.5888 5.59485 3.00015
endloop
endfacet
facet normal 0 0 1
outer loop
vertex 41.99985 22.00005 3.00015
vertex 79.5888 5.59485 3.00015
vertex 79.6743 5.762700000000001 3.00015
endloop
endfacet
facet normal 0 0 1
outer loop
vertex 41.99985 22.00005 3.00015
vertex 79.6743 5.762700000000001 3.00015
vertex 79.74945000000001 5.9355 3.00015
endloop
endfacet
facet normal 0 0 0.9999999999999999
outer loop
vertex 41.99985 22.00005 3.00015
vertex 79.74945000000001 5.9355 3.00015
vertex 79.81335000000001 6.112800000000001 3.00015
endloop
endfacet
facet normal 0 0 1
outer loop
vertex 41.99985 22.00005 3.00015
vertex 79.81335000000001 6.112800000000001 3.00015
vertex 79.86555000000001 6.294150000000001 3.00015
endloop
endfacet
facet normal 0 0 1
outer loop
vertex 41.99985 22.00005 3.00015
vertex 79.86555000000001 6.294150000000001 3.00015
vertex 79.90695000000001 6.47775 3.00015
endloop
endfacet
facet normal 0 0 0.9999999999999999
outer loop
vertex 41.99985 22.00005 3.00015
vertex 79.90695000000001 6.47775 3.00015
vertex 79.93620000000001 6.6640500000000005 3.00015
endloop
endfacet
facet normal 0 0 0.9999999999999999
outer loop
vertex 41.99985 22.00005 3.00015
vertex 79.93620000000001 6.6640500000000005 3.00015
vertex 79.95420000000001 6.851700000000001 3.00015
endloop
endfacet
facet normal 0 0 1
outer loop
vertex 41.99985 22.00005 3.00015
vertex 79.95420000000001 6.851700000000001 3.00015
vertex 79.96005000000001 7.0398000000000005 3.00015
endloop
endfacet
facet normal 0 0 1
outer loop
vertex 41.99985 22.00005 3.00015
vertex 79.96005000000001 7.0398000000000005 3.00015
vertex 79.96005000000001 36.95985 3.00015
endloop
endfacet
facet normal 0 0 1
outer loop
vertex 41.99985 22.00005 3.00015
vertex 79.96005000000001 36.95985 3.00015
vertex 79.95420000000001 37.1484 3.00015
endloop
endfacet
facet normal 0 0 0.9999999999999999
outer loop
vertex 41.99985 22.00005 3.00015
vertex 79.95420000000001 37.1484 3.00015
vertex 79.93620000000001 37.33605 3.00015
endloop
endfacet
facet normal 0 0 1
outer loop
vertex 41.99985 22.00005 3.00015
vertex 79.93620000000001 37.33605 3.00015
vertex 79.90695000000001 37.52235 3.00015
endloop
endfacet
facet normal 0 0 1
outer loop
vertex 41.99985 22.00005 3.00015
vertex 79.90695000000001 37.52235 3.00015
vertex 79.86555000000001 37.70595 3.00015
endloop
endfacet
facet normal 0 0 1
outer loop
vertex 41.99985 22.00005 3.00015
vertex 79.86555000000001 37.70595 3.00015
vertex 79.81335000000001 37.88685 3.00015
endloop
endfacet
facet normal 0 0 1
outer loop
vertex 41.99985 22.00005 3.00015
vertex 79.81335000000001 37.88685 3.00015
vertex 79.74945000000001 38.064150000000005 3.00015
endloop
endfacet
facet normal 0 0 1
outer loop
vertex 41.99985 22.00005 3.00015
vertex 79.74945000000001 38.064150000000005 3.00015
vertex 79.6743 38.2374 3.00015
endloop
endfacet
facet normal 0 0 1
outer loop
vertex 41.99985 22.00005 3.00015
vertex 79.6743 38.2374 3.00015
vertex 79.5888 38.40525 3.00015
endloop
endfacet
facet normal 0 0 1
outer loop
vertex 41.99985 22.00005 3.00015
vertex 79.5888 38.40525 3.00015
vertex 79.49295000000001 38.5677 3.00015
endloop
endfacet
facet normal 0 0 0.9999999999999999
outer loop
vertex 41.99985 22.00005 3.00015
vertex 79.49295000000001 38.5677 3.00015
vertex 79.3872 38.723400000000005 3.00015
endloop
endfacet
facet normal 0 0 0.9999999999999999
outer loop
vertex 41.99985 22.00005 3.00015
vertex 79.3872 38.723400000000005 3.00015
vertex 79.27155 38.872350000000004 3.00015
endloop
endfacet
facet normal 0 0 1
outer loop
vertex 41.99985 22.00005 3.00015
vertex 79.27155 38.872350000000004 3.00015
vertex 79.1469 39.013650000000005 3.00015
endloop
endfacet
facet normal 0 0 0.9999999999999999
outer loop
vertex 41.99985 22.00005 3.00015
vertex 79.1469 39.013650000000005 3.00015
vertex 79.01370000000001 39.14685 3.00015
endloop
endfacet
facet normal 0 0 1
outer loop
vertex 41.99985 22.00005 3.00015
vertex 79.01370000000001 39.14685 3.00015
vertex 78.87240000000001 39.2715 3.00015
endloop
endfacet
facet normal 0 0 1
outer loop
vertex 41.99985 22.00005 3.00015
vertex 78.87240000000001 39.2715 3.00015
vertex 78.72345000000001 39.387150000000005 3.00015
endloop
endfacet
facet normal 0 0 1
outer loop
vertex 41.99985 22.00005 3.00015
vertex 78.72345000000001 39.387150000000005 3.00015
vertex 78.5673 39.492900000000006 3.00015
endloop
endfacet
facet normal 0 0 1
outer loop
vertex 41.99985 22.00005 3.00015
vertex 78.5673 39.492900000000006 3.00015
vertex 78.40530000000001 39.588750000000005 3.00015
endloop
endfacet
facet normal 0 0 1
outer loop
vertex 41.99985 22.00005 3.00015
vertex 78.40530000000001 39.588750000000005 3.00015
vertex 78.23745000000001 39.6747 3.00015
endloop
endfacet
facet normal 0 0 1
outer loop
vertex 41.99985 22.00005 3.00015
vertex 78.23745000000001 39.6747 3.00015
vertex 78.06420000000001 39.7494 3.00015
endloop
endfacet
facet normal 0 0 1
outer loop
vertex 41.99985 22.00005 3.00015
vertex 78.06420000000001 39.7494 3.00015
vertex 77.88690000000001 39.813300000000005 3.00015
endloop
endfacet
facet normal 0 0 1
outer loop
vertex 41.99985 22.00005 3.00015
vertex 77.88690000000001 39.813300000000005 3.00015
vertex 77.706 39.865950000000005 3.00015
endloop
endfacet
facet normal 0 0 1
outer loop
vertex 41.99985 22.00005 3.00015
vertex 77.706 39.865950000000005 3.00015
vertex 77.52195 39.9069 3.00015
endloop
endfacet
facet normal 0 0 1
outer loop
vertex 41.99985 22.00005 3.00015
vertex 77.52195 39.9069 3.00015
vertex 77.3361 39.936150000000005 3.00015
endloop
endfacet
facet normal 0 0 1
outer loop
vertex 41.99985 22.00005 3.00015
vertex 77.3361 39.936150000000005 3.00015
vertex 77.14845000000001 39.954150000000006 3.00015
endloop
endfacet
facet normal 0 0 0.9999999999999999
outer loop
vertex 41.99985 22.00005 3.00015
vertex 77.14845000000001 39.954150000000006 3.00015
vertex 76.9599 39.96 3.00015
endloop
endfacet
facet normal 0 0 1
outer loop
vertex 41.99985 22.00005 3.00015
vertex 76.9599 39.96 3.00015
vertex 7.0398000000000005 39.96 3.00015
endloop
endfacet
facet normal 0 0 0.9999999999999999
outer loop
vertex 81.81315000000001 4.113 3.00015
vertex 81.74925 3.9357 3.00015
vertex 84.00015 3.9357 3.00015
endloop
endfacet
facet normal 0 0 1
outer loop
vertex 81.81315000000001 4.113 3.00015
vertex 84.00015 3.9357 3.00015
vertex 84.00015 4.113 3.00015
endloop
endfacet
facet normal 0 0 1
outer loop
vertex 0 4.113 3.00015
vertex 0 3.9357 3.00015
vertex 2.2504500000000003 3.9357 3.00015
endloop
endfacet
facet normal 0 0 1
outer loop
vertex 0 4.113 3.00015
vertex 2.2504500000000003 3.9357 3.00015
vertex 2.1870000000000003 4.113 3.00015
endloop
endfacet
facet normal 0 0 1
outer loop
vertex 81.74925 3.9357 3.00015
vertex 81.67455000000001 3.7624500000000003 3.00015
vertex 84.00015 3.7624500000000003 3.00015
endloop
endfacet
facet normal 0 0 1
outer loop
vertex 81.74925 3.9357 3.00015
vertex 84.00015 3.7624500000000003 3.00015
vertex 84.00015 3.9357 3.00015
endloop
endfacet
facet normal 0 0 1
outer loop
vertex 0 3.9357 3.00015
vertex 0 3.7624500000000003 3.00015
vertex 2.3256 3.7624500000000003 3.00015
endloop
endfacet
facet normal 0 0 1
outer loop
vertex 0 3.9357 3.00015
vertex 2.3256 3.7624500000000003 3.00015
vertex 2.2504500000000003 3.9357 3.00015
endloop
endfacet
facet normal 0 0 1
outer loop
vertex 81.67455000000001 3.7624500000000003 3.00015
vertex 81.58905000000001 3.5946000000000002 3.00015
vertex 84.00015 3.5946000000000002 3.00015
endloop
endfacet
facet normal 0 0 1
outer loop
vertex 81.67455000000001 3.7624500000000003 3.00015
vertex 84.00015 3.5946000000000002 3.00015
vertex 84.00015 3.7624500000000003 3.00015
endloop
endfacet
facet normal 0 0 1
outer loop
vertex 0 3.7624500000000003 3.00015
vertex 0 3.5946000000000002 3.00015
vertex 2.4111000000000002 3.5946000000000002 3.00015
endloop
endfacet
facet normal 0 0 1
outer loop
vertex 0 3.7624500000000003 3.00015
vertex 2.4111000000000002 3.5946000000000002 3.00015
vertex 2.3256 3.7624500000000003 3.00015
endloop
endfacet
facet normal 0 0 1
outer loop
vertex 81.58905000000001 3.5946000000000002 3.00015
vertex 81.4932 3.4326000000000003 3.00015
vertex 84.00015 3.4326000000000003 3.00015
endloop
endfacet
facet normal 0 0 1
outer loop
vertex 81.58905000000001 3.5946000000000002 3.00015
vertex 84.00015 3.4326000000000003 3.00015
vertex 84.00015 3.5946000000000002 3.00015
endloop
endfacet
facet normal 0 0 0.9999999999999999
outer loop
vertex 0 3.5946000000000002 3.00015
vertex 0 3.4326000000000003 3.00015
vertex 2.5069500000000002 3.4326000000000003 3.00015
endloop
endfacet
facet normal 0 0 0.9999999999999999
outer loop
vertex 0 3.5946000000000002 3.00015
vertex 2.5069500000000002 3.4326000000000003 3.00015
vertex 2.4111000000000002 3.5946000000000002 3.00015
endloop
endfacet
facet normal 0 0 1
outer loop
vertex 81.4932 3.4326000000000003 3.00015
vertex 81.38700000000001 3.27645 3.00015
vertex 84.00015 3.27645 3.00015
endloop
endfacet
facet normal 0 0 1
outer loop
vertex 81.4932 3.4326000000000003 3.00015
vertex 84.00015 3.27645 3.00015
vertex 84.00015 3.4326000000000003 3.00015
endloop
endfacet
facet normal 0 0 1
outer loop
vertex 0 3.4326000000000003 3.00015
vertex 0 3.27645 3.00015
vertex 2.61315 3.27645 3.00015
endloop
endfacet
facet normal 0 0 1
outer loop
vertex 0 3.4326000000000003 3.00015
vertex 2.61315 3.27645 3.00015
vertex 2.5069500000000002 3.4326000000000003 3.00015
endloop
endfacet
facet normal 0 0 1
outer loop
vertex 81.38700000000001 3.27645 3.00015
vertex 81.27135000000001 3.1279500000000002 3.00015
vertex 84.00015 3.1279500000000002 3.00015
endloop
endfacet
facet normal 0 0 1
outer loop
vertex 81.38700000000001 3.27645 3.00015
vertex 84.00015 3.1279500000000002 3.00015
vertex 84.00015 3.27645 3.00015
endloop
endfacet
facet normal 0 0 0.9999999999999999
outer loop
vertex 0 3.27645 3.00015
vertex 0 3.1279500000000002 3.00015
vertex 2.7283500000000003 3.1279500000000002 3.00015
endloop
endfacet
facet normal 0 0 1
outer loop
vertex 0 3.27645 3.00015
vertex 2.7283500000000003 3.1279500000000002 3.00015
vertex 2.61315 3.27645 3.00015
endloop
endfacet
facet normal 0 0 1
outer loop
vertex 82.8837 3.0456000000000003 3.00015
vertex 81.27135000000001 3.1279500000000002 3.00015
vertex 81.14670000000001 2.9862 3.00015
endloop
endfacet
facet normal 0 0 1
outer loop
vertex 82.8837 3.0456000000000003 3.00015
vertex 81.14670000000001 2.9862 3.00015
vertex 83.9997 2.9862 3.00015
endloop
endfacet
facet normal 0 0 0.9999999999999999
outer loop
vertex 82.8837 3.0456000000000003 3.00015
vertex 83.9997 2.9862 3.00015
vertex 84.00015 3.00015 3.00015
endloop
endfacet
facet normal 0 0 1
outer loop
vertex 82.8837 3.0456000000000003 3.00015
vertex 84.00015 3.00015 3.00015
vertex 84.00015 3.1279500000000002 3.00015
endloop
endfacet
facet normal 0 0 1
outer loop
vertex 82.8837 3.0456000000000003 3.00015
vertex 84.00015 3.1279500000000002 3.00015
vertex 81.27135000000001 3.1279500000000002 3.00015
endloop
endfacet
facet normal 0 0 1
outer loop
vertex 1.1164500000000002 3.0456000000000003 3.00015
vertex 0 3.1279500000000002 3.00015
vertex 0 3.00015 3.00015
endloop
endfacet
facet normal 0 0 0.9999999999999999
outer loop
vertex 1.1164500000000002 3.0456000000000003 3.00015
vertex 0 3.00015 3.00015
vertex 0.00045000000000000004 2.9862 3.00015
endloop
endfacet
facet normal 0 0 1
outer loop
vertex 1.1164500000000002 3.0456000000000003 3.00015
vertex 0.00045000000000000004 2.9862 3.00015
vertex 2.853 2.9862 3.00015
endloop
endfacet
facet normal 0 0 0.9999999999999999
outer loop
vertex 1.1164500000000002 3.0456000000000003 3.00015
vertex 2.853 2.9862 3.00015
vertex 2.7283500000000003 3.1279500000000002 3.00015
endloop
endfacet
facet normal 0 0 1
outer loop
vertex 1.1164500000000002 3.0456000000000003 3.00015
vertex 2.7283500000000003 3.1279500000000002 3.00015
vertex 0 3.1279500000000002 3.00015
endloop
endfacet
facet normal 0 0 1
outer loop
vertex 81.14670000000001 2.9862 3.00015
vertex 81.01350000000001 2.853 3.00015
vertex 83.99520000000001 2.853 3.00015
endloop
endfacet
facet normal 0 0 1
outer loop
vertex 81.14670000000001 2.9862 3.00015
vertex 83.99520000000001 2.853 3.00015
vertex 83.9997 2.9862 3.00015
endloop
endfacet
facet normal 0 0 1
outer loop
vertex 0.00045000000000000004 2.9862 3.00015
vertex 0.0045000000000000005 2.853 3.00015
vertex 2.9862 2.853 3.00015
endloop
endfacet
facet normal 0 0 0.9999999999999999
outer loop
vertex 0.00045000000000000004 2.9862 3.00015
vertex 2.9862 2.853 3.00015
vertex 2.853 2.9862 3.00015
endloop
endfacet
facet normal 0 0 1
outer loop
vertex 82.77210000000001 2.79495 3.00015
vertex 81.01350000000001 2.853 3.00015
vertex 80.8722 2.7283500000000003 3.00015
endloop
endfacet
facet normal 0 0 0.9999999999999999
outer loop
vertex 82.77210000000001 2.79495 3.00015
vertex 80.8722 2.7283500000000003 3.00015
vertex 83.98620000000001 2.7283500000000003 3.00015
endloop
endfacet
facet normal 0 0 1
outer loop
vertex 82.77210000000001 2.79495 3.00015
vertex 83.98620000000001 2.7283500000000003 3.00015
vertex 83.99430000000001 2.8116000000000003 3.00015
endloop
endfacet
facet normal 0 0 1
outer loop
vertex 82.77210000000001 2.79495 3.00015
vertex 83.99430000000001 2.8116000000000003 3.00015
vertex 83.99520000000001 2.853 3.00015
endloop
endfacet
facet normal 0 0 1
outer loop
vertex 82.77210000000001 2.79495 3.00015
vertex 83.99520000000001 2.853 3.00015
vertex 81.01350000000001 2.853 3.00015
endloop
endfacet
facet normal 0 0 1
outer loop
vertex 1.2276 2.79495 3.00015
vertex 0.0045000000000000005 2.853 3.00015
vertex 0.00585 2.8116000000000003 3.00015
endloop
endfacet
facet normal 0 0 1
outer loop
vertex 1.2276 2.79495 3.00015
vertex 0.00585 2.8116000000000003 3.00015
vertex 0.01395 2.7283500000000003 3.00015
endloop
endfacet
facet normal 0 0 1
outer loop
vertex 1.2276 2.79495 3.00015
vertex 0.01395 2.7283500000000003 3.00015
vertex 3.1279500000000002 2.7283500000000003 3.00015
endloop
endfacet
facet normal 0 0 1
outer loop
vertex 1.2276 2.79495 3.00015
vertex 3.1279500000000002 2.7283500000000003 3.00015
vertex 2.9862 2.853 3.00015
endloop
endfacet
facet normal 0 0 1
outer loop
vertex 1.2276 2.79495 3.00015
vertex 2.9862 2.853 3.00015
vertex 0.0045000000000000005 2.853 3.00015
endloop
endfacet
facet normal 0 0 1
outer loop
vertex 82.7064 2.6613 3.00015
vertex 80.8722 2.7283500000000003 3.00015
vertex 80.72325000000001 2.61315 3.00015
endloop
endfacet
facet normal 0 0 1
outer loop
vertex 82.7064 2.6613 3.00015
vertex 80.72325000000001 2.61315 3.00015
vertex 83.9745 2.61315 3.00015
endloop
endfacet
facet normal 0 0 1
outer loop
vertex 82.7064 2.6613 3.00015
vertex 83.9745 2.61315 3.00015
vertex 83.97630000000001 2.6239500000000002 3.00015
endloop
endfacet
facet normal 0 0 1
outer loop
vertex 82.7064 2.6613 3.00015
vertex 83.97630000000001 2.6239500000000002 3.00015
vertex 83.98620000000001 2.7283500000000003 3.00015
endloop
endfacet
facet normal 0 0 1
outer loop
vertex 82.7064 2.6613 3.00015
vertex 83.98620000000001 2.7283500000000003 3.00015
vertex 80.8722 2.7283500000000003 3.00015
endloop
endfacet
facet normal 0 0 1
outer loop
vertex 1.2933000000000001 2.6613 3.00015
vertex 0.01395 2.7283500000000003 3.00015
vertex 0.023850000000000003 2.6239500000000002 3.00015
endloop
endfacet
facet normal 0 0 1
outer loop
vertex 1.2933000000000001 2.6613 3.00015
vertex 0.023850000000000003 2.6239500000000002 3.00015
vertex 0.025200000000000004 2.61315 3.00015
endloop
endfacet
facet normal 0 0 1
outer loop
vertex 1.2933000000000001 2.6613 3.00015
vertex 0.025200000000000004 2.61315 3.00015
vertex 3.27645 2.61315 3.00015
endloop
endfacet
facet normal 0 0 1
outer loop
vertex 1.2933000000000001 2.6613 3.00015
vertex 3.27645 2.61315 3.00015
vertex 3.1279500000000002 2.7283500000000003 3.00015
endloop
endfacet
facet normal 0 0 1
outer loop
vertex 1.2933000000000001 2.6613 3.00015
vertex 3.1279500000000002 2.7283500000000003 3.00015
vertex 0.01395 2.7283500000000003 3.00015
endloop
endfacet
facet normal 0 0 1
outer loop
vertex 80.72325000000001 2.61315 3.00015
vertex 80.56755000000001 2.5069500000000002 3.00015
vertex 83.95785000000001 2.5069500000000002 3.00015
endloop
endfacet
facet normal 0 0 1
outer loop
vertex 80.72325000000001 2.61315 3.00015
vertex 83.95785000000001 2.5069500000000002 3.00015
vertex 83.9745 2.61315 3.00015
endloop
endfacet
facet normal 0 0 1
outer loop
vertex 0.025200000000000004 2.61315 3.00015
vertex 0.042300000000000004 2.5069500000000002 3.00015
vertex 3.4326000000000003 2.5069500000000002 3.00015
endloop
endfacet
facet normal 0 0 1
outer loop
vertex 0.025200000000000004 2.61315 3.00015
vertex 3.4326000000000003 2.5069500000000002 3.00015
vertex 3.27645 2.61315 3.00015
endloop
endfacet
facet normal 0 0 1
outer loop
vertex 82.56375000000001 2.45475 3.00015
vertex 80.56755000000001 2.5069500000000002 3.00015
vertex 80.4051 2.4111000000000002 3.00015
endloop
endfacet
facet normal 0 0 1
outer loop
vertex 82.56375000000001 2.45475 3.00015
vertex 80.4051 2.4111000000000002 3.00015
vertex 83.94075000000001 2.4111000000000002 3.00015
endloop
endfacet
facet normal 0 0 1
outer loop
vertex 82.56375000000001 2.45475 3.00015
vertex 83.94075000000001 2.4111000000000002 3.00015
vertex 83.94705 2.43765 3.00015
endloop
endfacet
facet normal 0 0 1
outer loop
vertex 82.56375000000001 2.45475 3.00015
vertex 83.94705 2.43765 3.00015
vertex 83.95785000000001 2.5069500000000002 3.00015
endloop
endfacet
facet normal 0 0 1
outer loop
vertex 82.56375000000001 2.45475 3.00015
vertex 83.95785000000001 2.5069500000000002 3.00015
vertex 80.56755000000001 2.5069500000000002 3.00015
endloop
endfacet
facet normal 0 0 1
outer loop
vertex 1.4364000000000001 2.45475 3.00015
vertex 0.042300000000000004 2.5069500000000002 3.00015
vertex 0.05310000000000001 2.43765 3.00015
endloop
endfacet
facet normal 0 0 1
outer loop
vertex 1.4364000000000001 2.45475 3.00015
vertex 0.05310000000000001 2.43765 3.00015
vertex 0.05895 2.4111000000000002 3.00015
endloop
endfacet
facet normal 0 0 1
outer loop
vertex 1.4364000000000001 2.45475 3.00015
vertex 0.05895 2.4111000000000002 3.00015
vertex 3.5946000000000002 2.4111000000000002 3.00015
endloop
endfacet
facet normal 0 0 1
outer loop
vertex 1.4364000000000001 2.45475 3.00015
vertex 3.5946000000000002 2.4111000000000002 3.00015
vertex 3.4326000000000003 2.5069500000000002 3.00015
endloop
endfacet
facet normal 0 0 1
outer loop
vertex 1.4364000000000001 2.45475 3.00015
vertex 3.4326000000000003 2.5069500000000002 3.00015
vertex 0.042300000000000004 2.5069500000000002 3.00015
endloop
endfacet
facet normal 0 0 1
outer loop
vertex 80.4051 2.4111000000000002 3.00015
vertex 80.23725 2.3256 3.00015
vertex 83.92185 2.3256 3.00015
endloop
endfacet
facet normal 0 0 1
outer loop
vertex 80.4051 2.4111000000000002 3.00015
vertex 83.92185 2.3256 3.00015
vertex 83.94075000000001 2.4111000000000002 3.00015
endloop
endfacet
facet normal 0 0 1
outer loop
vertex 0.05895 2.4111000000000002 3.00015
vertex 0.07830000000000001 2.3256 3.00015
vertex 3.7624500000000003 2.3256 3.00015
endloop
endfacet
facet normal 0 0 1
outer loop
vertex 0.05895 2.4111000000000002 3.00015
vertex 3.7624500000000003 2.3256 3.00015
vertex 3.5946000000000002 2.4111000000000002 3.00015
endloop
endfacet
facet normal 0 0 1
outer loop
vertex 82.4067 2.28105 3.00015
vertex 80.23725 2.3256 3.00015
vertex 80.06445000000001 2.2504500000000003 3.00015
endloop
endfacet
facet normal 0 0 1
outer loop
vertex 82.4067 2.28105 3.00015
vertex 80.06445000000001 2.2504500000000003 3.00015
vertex 83.90475 2.2504500000000003 3.00015
endloop
endfacet
facet normal 0 0 1
outer loop
vertex 82.4067 2.28105 3.00015
vertex 83.90475 2.2504500000000003 3.00015
vertex 83.90565000000001 2.2540500000000003 3.00015
endloop
endfacet
facet normal 0 0 0.9999999999999999
outer loop
vertex 82.4067 2.28105 3.00015
vertex 83.90565000000001 2.2540500000000003 3.00015
vertex 83.92185 2.3256 3.00015
endloop
endfacet
facet normal 0 0 1
outer loop
vertex 82.4067 2.28105 3.00015
vertex 83.92185 2.3256 3.00015
vertex 80.23725 2.3256 3.00015
endloop
endfacet
facet normal 0 0 1
outer loop
vertex 1.5930000000000002 2.28105 3.00015
vertex 0.07830000000000001 2.3256 3.00015
vertex 0.09405000000000001 2.2540500000000003 3.00015
endloop
endfacet
facet normal 0 0 0.9999999999999999
outer loop
vertex 1.5930000000000002 2.28105 3.00015
vertex 0.09405000000000001 2.2540500000000003 3.00015
vertex 0.09540000000000001 2.2504500000000003 3.00015
endloop
endfacet
facet normal 0 0 1
outer loop
vertex 1.5930000000000002 2.28105 3.00015
vertex 0.09540000000000001 2.2504500000000003 3.00015
vertex 3.9357 2.2504500000000003 3.00015
endloop
endfacet
facet normal 0 0 1
outer loop
vertex 1.5930000000000002 2.28105 3.00015
vertex 3.9357 2.2504500000000003 3.00015
vertex 3.7624500000000003 2.3256 3.00015
endloop
endfacet
facet normal 0 0 1
outer loop
vertex 1.5930000000000002 2.28105 3.00015
vertex 3.7624500000000003 2.3256 3.00015
vertex 0.07830000000000001 2.3256 3.00015
endloop
endfacet
facet normal 0 0 1
outer loop
vertex 80.06445000000001 2.2504500000000003 3.00015
vertex 79.88715 2.1870000000000003 3.00015
vertex 83.8863 2.1870000000000003 3.00015
endloop
endfacet
facet normal 0 0 0.9999999999999999
outer loop
vertex 80.06445000000001 2.2504500000000003 3.00015
vertex 83.8863 2.1870000000000003 3.00015
vertex 83.90475 2.2504500000000003 3.00015
endloop
endfacet
facet normal 0 0 1
outer loop
vertex 0.09540000000000001 2.2504500000000003 3.00015
vertex 0.11385 2.1870000000000003 3.00015
vertex 4.113 2.1870000000000003 3.00015
endloop
endfacet
facet normal 0 0 0.9999999999999999
outer loop
vertex 0.09540000000000001 2.2504500000000003 3.00015
vertex 4.113 2.1870000000000003 3.00015
vertex 3.9357 2.2504500000000003 3.00015
endloop
endfacet
facet normal 0 0 1
outer loop
vertex 79.88715 2.1870000000000003 3.00015
vertex 79.70625000000001 2.1343500000000004 3.00015
vertex 83.87100000000001 2.1343500000000004 3.00015
endloop
endfacet
facet normal 0 0 0.9999999999999999
outer loop
vertex 79.88715 2.1870000000000003 3.00015
vertex 83.87100000000001 2.1343500000000004 3.00015
vertex 83.8863 2.1870000000000003 3.00015
endloop
endfacet
facet normal 0 0 0.9999999999999999
outer loop
vertex 0.11385 2.1870000000000003 3.00015
vertex 0.12915000000000001 2.1343500000000004 3.00015
vertex 4.293900000000001 2.1343500000000004 3.00015
endloop
endfacet
facet normal 0 0 0.9999999999999999
outer loop
vertex 0.11385 2.1870000000000003 3.00015
vertex 4.293900000000001 2.1343500000000004 3.00015
vertex 4.113 2.1870000000000003 3.00015
endloop
endfacet
facet normal 0 0 1
outer loop
vertex 79.70625000000001 2.1343500000000004 3.00015
vertex 79.52220000000001 2.09295 3.00015
vertex 83.85885 2.09295 3.00015
endloop
endfacet
facet normal 0 0 1
outer loop
vertex 79.70625000000001 2.1343500000000004 3.00015
vertex 83.85885 2.09295 3.00015
vertex 83.87100000000001 2.1343500000000004 3.00015
endloop
endfacet
facet normal 0 0 1
outer loop
vertex 0.12915000000000001 2.1343500000000004 3.00015
vertex 0.14085 2.09295 3.00015
vertex 4.477950000000001 2.09295 3.00015
endloop
endfacet
facet normal 0 0 0.9999999999999999
outer loop
vertex 0.12915000000000001 2.1343500000000004 3.00015
vertex 4.477950000000001 2.09295 3.00015
vertex 4.293900000000001 2.1343500000000004 3.00015
endloop
endfacet
facet normal 0 0 1
outer loop
vertex 82.08405 2.0772000000000004 3.00015
vertex 79.52220000000001 2.09295 3.00015
vertex 79.33590000000001 2.0637000000000003 3.00015
endloop
endfacet
facet normal 0 0 1
outer loop
vertex 82.08405 2.0772000000000004 3.00015
vertex 79.33590000000001 2.0637000000000003 3.00015
vertex 83.84985 2.0637000000000003 3.00015
endloop
endfacet
facet normal 0 0 1
outer loop
vertex 82.08405 2.0772000000000004 3.00015
vertex 83.84985 2.0637000000000003 3.00015
vertex 83.85300000000001 2.07315 3.00015
endloop
endfacet
facet normal 0 0 1
outer loop
vertex 82.08405 2.0772000000000004 3.00015
vertex 83.85300000000001 2.07315 3.00015
vertex 83.85885 2.09295 3.00015
endloop
endfacet
facet normal 0 0 1
outer loop
vertex 82.08405 2.0772000000000004 3.00015
vertex 83.85885 2.09295 3.00015
vertex 79.52220000000001 2.09295 3.00015
endloop
endfacet
facet normal 0 0 1
outer loop
vertex 1.9161000000000001 2.0772000000000004 3.00015
vertex 0.14085 2.09295 3.00015
vertex 0.14670000000000002 2.07315 3.00015
endloop
endfacet
facet normal 0 0 1
outer loop
vertex 1.9161000000000001 2.0772000000000004 3.00015
vertex 0.14670000000000002 2.07315 3.00015
vertex 0.15030000000000002 2.0637000000000003 3.00015
endloop
endfacet
facet normal 0 0 1
outer loop
vertex 1.9161000000000001 2.0772000000000004 3.00015
vertex 0.15030000000000002 2.0637000000000003 3.00015
vertex 4.6638 2.0637000000000003 3.00015
endloop
endfacet
facet normal 0 0 1
outer loop
vertex 1.9161000000000001 2.0772000000000004 3.00015
vertex 4.6638 2.0637000000000003 3.00015
vertex 4.477950000000001 2.09295 3.00015
endloop
endfacet
facet normal 0 0 1
outer loop
vertex 1.9161000000000001 2.0772000000000004 3.00015
vertex 4.477950000000001 2.09295 3.00015
vertex 0.14085 2.09295 3.00015
endloop
endfacet
facet normal 0 0 1
outer loop
vertex 79.33590000000001 2.0637000000000003 3.00015
vertex 79.14825 2.0457 3.00015
vertex 83.84355000000001 2.0457 3.00015
endloop
endfacet
facet normal 0 0 0.9999999999999999
outer loop
vertex 79.33590000000001 2.0637000000000003 3.00015
vertex 83.84355000000001 2.0457 3.00015
vertex 83.84985 2.0637000000000003 3.00015
endloop
endfacet
facet normal 0 0 1
outer loop
vertex 0.15030000000000002 2.0637000000000003 3.00015
vertex 0.15660000000000002 2.0457 3.00015
vertex 4.851450000000001 2.0457 3.00015
endloop
endfacet
facet normal 0 0 1
outer loop
vertex 0.15030000000000002 2.0637000000000003 3.00015
vertex 4.851450000000001 2.0457 3.00015
vertex 4.6638 2.0637000000000003 3.00015
endloop
endfacet
facet normal 0 0 1
outer loop
vertex 79.14825 2.0457 3.00015
vertex 78.96015000000001 2.0398500000000004 3.00015
vertex 83.8413 2.0398500000000004 3.00015
endloop
endfacet
facet normal 0 0 0.9999999999999999
outer loop
vertex 79.14825 2.0457 3.00015
vertex 83.8413 2.0398500000000004 3.00015
vertex 83.84355000000001 2.0457 3.00015
endloop
endfacet
facet normal 0 0 1
outer loop
vertex 0.15660000000000002 2.0457 3.00015
vertex 0.15885000000000002 2.0398500000000004 3.00015
vertex 5.04 2.0398500000000004 3.00015
endloop
endfacet
facet normal 0 0 1
outer loop
vertex 0.15660000000000002 2.0457 3.00015
vertex 5.04 2.0398500000000004 3.00015
vertex 4.851450000000001 2.0457 3.00015
endloop
endfacet
facet normal 0 0 1
outer loop
vertex 41.99985 0.8023500000000001 3.00015
vertex 78.96015000000001 2.0398500000000004 3.00015
vertex 5.04 2.0398500000000004 3.00015
endloop
endfacet
facet normal 0 0 1
outer loop
vertex 41.99985 0.8023500000000001 3.00015
vertex 5.04 2.0398500000000004 3.00015
vertex 0.15885000000000002 2.0398500000000004 3.00015
endloop
endfacet
facet normal 0 0 1
outer loop
vertex 41.99985 0.8023500000000001 3.00015
vertex 0.15885000000000002 2.0398500000000004 3.00015
vertex 0.2106 1.8958500000000003 3.00015
endloop
endfacet
facet normal 0 0 0.9999999999999999
outer loop
vertex 41.99985 0.8023500000000001 3.00015
vertex 0.2106 1.8958500000000003 3.00015
vertex 0.28530000000000005 1.7226000000000001 3.00015
endloop
endfacet
facet normal 0 0 1
outer loop
vertex 41.99985 0.8023500000000001 3.00015
vertex 0.28530000000000005 1.7226000000000001 3.00015
vertex 0.37125 1.55475 3.00015
endloop
endfacet
facet normal 0 0 1
outer loop
vertex 41.99985 0.8023500000000001 3.00015
vertex 0.37125 1.55475 3.00015
vertex 0.46710000000000007 1.3923 3.00015
endloop
endfacet
facet normal 0 0 1
outer loop
vertex 41.99985 0.8023500000000001 3.00015
vertex 0.46710000000000007 1.3923 3.00015
vertex 0.5728500000000001 1.2366000000000001 3.00015
endloop
endfacet
facet normal 0 0 1
outer loop
vertex 41.99985 0.8023500000000001 3.00015
vertex 0.5728500000000001 1.2366000000000001 3.00015
vertex 0.6885000000000001 1.08765 3.00015
endloop
endfacet
facet normal 0 0 0.9999999999999999
outer loop
vertex 41.99985 0.8023500000000001 3.00015
vertex 0.6885000000000001 1.08765 3.00015
vertex 0.81315 0.9463500000000001 3.00015
endloop
endfacet
facet normal 0 0 1
outer loop
vertex 41.99985 0.8023500000000001 3.00015
vertex 0.81315 0.9463500000000001 3.00015
vertex 0.9463500000000001 0.81315 3.00015
endloop
endfacet
facet normal 0 0 1
outer loop
vertex 41.99985 0.8023500000000001 3.00015
vertex 0.9463500000000001 0.81315 3.00015
vertex 1.08765 0.6885000000000001 3.00015
endloop
endfacet
facet normal 0 0 1
outer loop
vertex 41.99985 0.8023500000000001 3.00015
vertex 1.08765 0.6885000000000001 3.00015
vertex 1.2366000000000001 0.5728500000000001 3.00015
endloop
endfacet
facet normal 0 0 1
outer loop
vertex 41.99985 0.8023500000000001 3.00015
vertex 1.2366000000000001 0.5728500000000001 3.00015
vertex 1.3923 0.46710000000000007 3.00015
endloop
endfacet
facet normal 0 0 0.9999999999999999
outer loop
vertex 41.99985 0.8023500000000001 3.00015
vertex 1.3923 0.46710000000000007 3.00015
vertex 1.55475 0.37125 3.00015
endloop
endfacet
facet normal 0 0 0.9999999999999999
outer loop
vertex 41.99985 0.8023500000000001 3.00015
vertex 1.55475 0.37125 3.00015
vertex 1.7226000000000001 0.28530000000000005 3.00015
endloop
endfacet
facet normal 0 0 1
outer loop
vertex 41.99985 0.8023500000000001 3.00015
vertex 1.7226000000000001 0.28530000000000005 3.00015
vertex 1.8958500000000003 0.2106 3.00015
endloop
endfacet
facet normal 0 0 0.9999999999999999
outer loop
vertex 41.99985 0.8023500000000001 3.00015
vertex 1.8958500000000003 0.2106 3.00015
vertex 2.07315 0.14670000000000002 3.00015
endloop
endfacet
facet normal 0 0 1
outer loop
vertex 41.99985 0.8023500000000001 3.00015
vertex 2.07315 0.14670000000000002 3.00015
vertex 2.2540500000000003 0.09405000000000001 3.00015
endloop
endfacet
facet normal 0 0 1
outer loop
vertex 41.99985 0.8023500000000001 3.00015
vertex 2.2540500000000003 0.09405000000000001 3.00015
vertex 2.43765 0.05310000000000001 3.00015
endloop
endfacet
facet normal 0 0 1
outer loop
vertex 41.99985 0.8023500000000001 3.00015
vertex 2.43765 0.05310000000000001 3.00015
vertex 2.6239500000000002 0.023850000000000003 3.00015
endloop
endfacet
facet normal 0 0 1
outer loop
vertex 41.99985 0.8023500000000001 3.00015
vertex 2.6239500000000002 0.023850000000000003 3.00015
vertex 2.8116000000000003 0.00585 3.00015
endloop
endfacet
facet normal 0 0 1
outer loop
vertex 41.99985 0.8023500000000001 3.00015
vertex 2.8116000000000003 0.00585 3.00015
vertex 3.00015 0 3.00015
endloop
endfacet
facet normal 0 0 1
outer loop
vertex 41.99985 0.8023500000000001 3.00015
vertex 3.00015 0 3.00015
vertex 81.00000000000001 0 3.00015
endloop
endfacet
facet normal 0 0 1
outer loop
vertex 41.99985 0.8023500000000001 3.00015
vertex 81.00000000000001 0 3.00015
vertex 81.18855 0.00585 3.00015
endloop
endfacet
facet normal 0 0 1
outer loop
vertex 41.99985 0.8023500000000001 3.00015
vertex 81.18855 0.00585 3.00015
vertex 81.37620000000001 0.023850000000000003 3.00015
endloop
endfacet
facet normal 0 0 1
outer loop
vertex 41.99985 0.8023500000000001 3.00015
vertex 81.37620000000001 0.023850000000000003 3.00015
vertex 81.56205000000001 0.05310000000000001 3.00015
endloop
endfacet
facet normal 0 0 0.9999999999999999
outer loop
vertex 41.99985 0.8023500000000001 3.00015
vertex 81.56205000000001 0.05310000000000001 3.00015
vertex 81.74610000000001 0.09405000000000001 3.00015
endloop
endfacet
facet normal 0 0 1
outer loop
vertex 41.99985 0.8023500000000001 3.00015
vertex 81.74610000000001 0.09405000000000001 3.00015
vertex 81.927 0.14670000000000002 3.00015
endloop
endfacet
facet normal 0 0 1
outer loop
vertex 41.99985 0.8023500000000001 3.00015
vertex 81.927 0.14670000000000002 3.00015
vertex 82.10430000000001 0.2106 3.00015
endloop
endfacet
facet normal 0 0 1
outer loop
vertex 41.99985 0.8023500000000001 3.00015
vertex 82.10430000000001 0.2106 3.00015
vertex 82.27755 0.28530000000000005 3.00015
endloop
endfacet
facet normal 0 0 1
outer loop
vertex 41.99985 0.8023500000000001 3.00015
vertex 82.27755 0.28530000000000005 3.00015
vertex 82.4454 0.37125 3.00015
endloop
endfacet
facet normal 0 0 1
outer loop
vertex 41.99985 0.8023500000000001 3.00015
vertex 82.4454 0.37125 3.00015
vertex 82.60740000000001 0.46710000000000007 3.00015
endloop
endfacet
facet normal 0 0 1
outer loop
vertex 41.99985 0.8023500000000001 3.00015
vertex 82.60740000000001 0.46710000000000007 3.00015
vertex 82.76355000000001 0.5728500000000001 3.00015
endloop
endfacet
facet normal 0 0 1
outer loop
vertex 41.99985 0.8023500000000001 3.00015
vertex 82.76355000000001 0.5728500000000001 3.00015
vertex 82.91205000000001 0.6885000000000001 3.00015
endloop
endfacet
facet normal 0 0 1
outer loop
vertex 41.99985 0.8023500000000001 3.00015
vertex 82.91205000000001 0.6885000000000001 3.00015
vertex 83.05380000000001 0.81315 3.00015
endloop
endfacet
facet normal 0 0 1
outer loop
vertex 41.99985 0.8023500000000001 3.00015
vertex 83.05380000000001 0.81315 3.00015
vertex 83.18700000000001 0.9463500000000001 3.00015
endloop
endfacet
facet normal 0 0 1
outer loop
vertex 41.99985 0.8023500000000001 3.00015
vertex 83.18700000000001 0.9463500000000001 3.00015
vertex 83.31165000000001 1.08765 3.00015
endloop
endfacet
facet normal 0 0 1
outer loop
vertex 41.99985 0.8023500000000001 3.00015
vertex 83.31165000000001 1.08765 3.00015
vertex 83.42685 1.2366000000000001 3.00015
endloop
endfacet
facet normal 0 0 1
outer loop
vertex 41.99985 0.8023500000000001 3.00015
vertex 83.42685 1.2366000000000001 3.00015
vertex 83.53305 1.3923 3.00015
endloop
endfacet
facet normal 0 0 1
outer loop
vertex 41.99985 0.8023500000000001 3.00015
vertex 83.53305 1.3923 3.00015
vertex 83.6289 1.55475 3.00015
endloop
endfacet
facet normal 0 0 1
outer loop
vertex 41.99985 0.8023500000000001 3.00015
vertex 83.6289 1.55475 3.00015
vertex 83.71440000000001 1.7226000000000001 3.00015
endloop
endfacet
facet normal 0 0 0.9999999999999999
outer loop
vertex 41.99985 0.8023500000000001 3.00015
vertex 83.71440000000001 1.7226000000000001 3.00015
vertex 83.78955 1.8958500000000003 3.00015
endloop
endfacet
facet normal 0 0 0.9999999999999999
outer loop
vertex 41.99985 0.8023500000000001 3.00015
vertex 83.78955 1.8958500000000003 3.00015
vertex 83.8413 2.0398500000000004 3.00015
endloop
endfacet
facet normal 0 0 1
outer loop
vertex 41.99985 0.8023500000000001 3.00015
vertex 83.8413 2.0398500000000004 3.00015
vertex 78.96015000000001 2.0398500000000004 3.00015
endloop
endfacet
facet normal 0 1 0
outer loop
vertex 78.96015000000001 41.9598 7.0002
vertex 78.96015000000001 41.9598 3.00015
vertex 5.04 41.9598 3.00015
endloop
endfacet
facet normal 0 1 0
outer loop
vertex 78.96015000000001 41.9598 7.0002
vertex 5.04 41.9598 3.00015
vertex 5.04 41.9598 7.0002
endloop
endfacet
facet normal 1 0 0
outer loop
vertex 81.95985 22.00005 6.71445
vertex 81.95985 38.872350000000004 7.0002
vertex 81.95985 38.723400000000005 7.0002
endloop
endfacet
facet normal 1 0 0
outer loop
vertex 81.95985 22.00005 6.71445
vertex 81.95985 38.723400000000005 7.0002
vertex 81.95985 38.5677 7.0002
endloop
endfacet
facet normal 1 0 0
outer loop
vertex 81.95985 22.00005 6.71445
vertex 81.95985 38.5677 7.0002
vertex 81.95985 38.40525 7.0002
endloop
endfacet
facet normal 1 0 0
outer loop
vertex 81.95985 22.00005 6.71445
vertex 81.95985 38.40525 7.0002
vertex 81.95985 38.2374 7.0002
endloop
endfacet
facet normal 1 0 0
outer loop
vertex 81.95985 22.00005 6.71445
vertex 81.95985 38.2374 7.0002
vertex 81.95985 38.064150000000005 7.0002
endloop
endfacet
facet normal 0.9999999999999999 0 0
outer loop
vertex 81.95985 22.00005 6.71445
vertex 81.95985 38.064150000000005 7.0002
vertex 81.95985 37.88685 7.0002
endloop
endfacet
facet normal 0.9999999999999999 0 0
outer loop
vertex 81.95985 22.00005 6.71445
vertex 81.95985 37.88685 7.0002
vertex 81.95985 37.70595 7.0002
endloop
endfacet
facet normal 1 0 0
outer loop
vertex 81.95985 22.00005 6.71445
vertex 81.95985 37.70595 7.0002
vertex 81.95985 37.52235 7.0002
endloop
endfacet
facet normal 0.9999999999999999 0 0
outer loop
vertex 81.95985 22.00005 6.71445
vertex 81.95985 37.52235 7.0002
vertex 81.95985 37.33605 7.0002
endloop
endfacet
facet normal 1 0 0
outer loop
vertex 81.95985 22.00005 6.71445
vertex 81.95985 37.33605 7.0002
vertex 81.95985 37.1484 7.0002
endloop
endfacet
facet normal 1 0 0
outer loop
vertex 81.95985 22.00005 6.71445
vertex 81.95985 37.1484 7.0002
vertex 81.95985 36.95985 7.0002
endloop
endfacet
facet normal 1 0 0
outer loop
vertex 81.95985 22.00005 6.71445
vertex 81.95985 36.95985 7.0002
vertex 81.95985 7.0398000000000005 7.0002
endloop
endfacet
facet normal 1 0 0
outer loop
vertex 81.95985 22.00005 6.71445
vertex 81.95985 7.0398000000000005 7.0002
vertex 81.95985 6.851700000000001 7.0002
endloop
endfacet
facet normal 1 0 0
outer loop
vertex 81.95985 22.00005 6.71445
vertex 81.95985 6.851700000000001 7.0002
vertex 81.95985 6.6640500000000005 7.0002
endloop
endfacet
facet normal 1 0 0
outer loop
vertex 81.95985 22.00005 6.71445
vertex 81.95985 6.6640500000000005 7.0002
vertex 81.95985 6.47775 7.0002
endloop
endfacet
facet normal 1 0 0
outer loop
vertex 81.95985 22.00005 6.71445
vertex 81.95985 6.47775 7.0002
vertex 81.95985 6.294150000000001 7.0002
endloop
endfacet
facet normal 1 0 0
outer loop
vertex 81.95985 22.00005 6.71445
vertex 81.95985 6.294150000000001 7.0002
vertex 81.95985 6.112800000000001 7.0002
endloop
endfacet
facet normal 1 0 0
outer loop
vertex 81.95985 22.00005 6.71445
vertex 81.95985 6.112800000000001 7.0002
vertex 81.95985 5.9355 7.0002
endloop
endfacet
facet normal 1 0 0
outer loop
vertex 81.95985 22.00005 6.71445
vertex 81.95985 5.9355 7.0002
vertex 81.95985 5.762700000000001 7.0002
endloop
endfacet
facet normal 1 0 0
outer loop
vertex 81.95985 22.00005 6.71445
vertex 81.95985 5.762700000000001 7.0002
vertex 81.95985 5.59485 7.0002
endloop
endfacet
facet normal 1 0 0
outer loop
vertex 81.95985 22.00005 6.71445
vertex 81.95985 5.59485 7.0002
vertex 81.95985 5.4324 7.0002
endloop
endfacet
facet normal 0.9999999999999999 0 0
outer loop
vertex 81.95985 22.00005 6.71445
vertex 81.95985 5.4324 7.0002
vertex 81.95985 5.276700000000001 7.0002
endloop
endfacet
facet normal 1 0 0
outer loop
vertex 81.95985 22.00005 6.71445
vertex 81.95985 5.276700000000001 7.0002
vertex 81.95985 5.127750000000001 7.0002
endloop
endfacet
facet normal 0.9999999999999999 0 0
outer loop
vertex 81.95985 22.00005 6.71445
vertex 81.95985 5.127750000000001 7.0002
vertex 81.95985 5.04 7.0002
endloop
endfacet
facet normal 1 0 0
outer loop
vertex 81.95985 22.00005 6.71445
vertex 81.95985 5.04 7.0002
vertex 81.95985 5.04 3.00015
endloop
endfacet
facet normal 1 0 0
outer loop
vertex 81.95985 22.00005 6.71445
vertex 81.95985 5.04 3.00015
vertex 81.95985 38.960100000000004 3.00015
endloop
endfacet
facet normal 1 0 0
outer loop
vertex 81.95985 22.00005 6.71445
vertex 81.95985 38.960100000000004 3.00015
vertex 81.95985 38.960100000000004 7.0002
endloop
endfacet
facet normal 0.9999999999999999 0 0
outer loop
vertex 81.95985 22.00005 6.71445
vertex 81.95985 38.960100000000004 7.0002
vertex 81.95985 38.872350000000004 7.0002
endloop
endfacet
facet normal 0 -1 0
outer loop
vertex 5.04 2.0398500000000004 3.00015
vertex 78.96015000000001 2.0398500000000004 3.00015
vertex 78.96015000000001 2.0398500000000004 7.0002
endloop
endfacet
facet normal 0 -1 0
outer loop
vertex 5.04 2.0398500000000004 3.00015
vertex 78.96015000000001 2.0398500000000004 7.0002
vertex 5.04 2.0398500000000004 7.0002
endloop
endfacet
facet normal -1 0 0
outer loop
vertex 2.0398500000000004 22.00005 6.71445
vertex 2.0398500000000004 38.960100000000004 3.00015
vertex 2.0398500000000004 5.04 3.00015
endloop
endfacet
facet normal -1 0 0
outer loop
vertex 2.0398500000000004 22.00005 6.71445
vertex 2.0398500000000004 5.04 3.00015
vertex 2.0398500000000004 5.04 7.0002
endloop
endfacet
facet normal -0.9999999999999999 0 0
outer loop
vertex 2.0398500000000004 22.00005 6.71445
vertex 2.0398500000000004 5.04 7.0002
vertex 2.0398500000000004 5.127750000000001 7.0002
endloop
endfacet
facet normal -1 0 0
outer loop
vertex 2.0398500000000004 22.00005 6.71445
vertex 2.0398500000000004 5.127750000000001 7.0002
vertex 2.0398500000000004 5.276700000000001 7.0002
endloop
endfacet
facet normal -0.9999999999999999 0 0
outer loop
vertex 2.0398500000000004 22.00005 6.71445
vertex 2.0398500000000004 5.276700000000001 7.0002
vertex 2.0398500000000004 5.4324 7.0002
endloop
endfacet
facet normal -1 0 0
outer loop
vertex 2.0398500000000004 22.00005 6.71445
vertex 2.0398500000000004 5.4324 7.0002
vertex 2.0398500000000004 5.59485 7.0002
endloop
endfacet
facet normal -1 0 0
outer loop
vertex 2.0398500000000004 22.00005 6.71445
vertex 2.0398500000000004 5.59485 7.0002
vertex 2.0398500000000004 5.762700000000001 7.0002
endloop
endfacet
facet normal -1 0 0
outer loop
vertex 2.0398500000000004 22.00005 6.71445
vertex 2.0398500000000004 5.762700000000001 7.0002
vertex 2.0398500000000004 5.9355 7.0002
endloop
endfacet
facet normal -1 0 0
outer loop
vertex 2.0398500000000004 22.00005 6.71445
vertex 2.0398500000000004 5.9355 7.0002
vertex 2.0398500000000004 6.112800000000001 7.0002
endloop
endfacet
facet normal -1 0 0
outer loop
vertex 2.0398500000000004 22.00005 6.71445
vertex 2.0398500000000004 6.112800000000001 7.0002
vertex 2.0398500000000004 6.294150000000001 7.0002
endloop
endfacet
facet normal -1 0 0
outer loop
vertex 2.0398500000000004 22.00005 6.71445
vertex 2.0398500000000004 6.294150000000001 7.0002
vertex 2.0398500000000004 6.47775 7.0002
endloop
endfacet
facet normal -1 0 0
outer loop
vertex 2.0398500000000004 22.00005 6.71445
vertex 2.0398500000000004 6.47775 7.0002
vertex 2.0398500000000004 6.6640500000000005 7.0002
endloop
endfacet
facet normal -1 0 0
outer loop
vertex 2.0398500000000004 22.00005 6.71445
vertex 2.0398500000000004 6.6640500000000005 7.0002
vertex 2.0398500000000004 6.851700000000001 7.0002
endloop
endfacet
facet normal -1 0 0
outer loop
vertex 2.0398500000000004 22.00005 6.71445
vertex 2.0398500000000004 6.851700000000001 7.0002
vertex 2.0398500000000004 7.0398000000000005 7.0002
endloop
endfacet
facet normal -1 0 0
outer loop
vertex 2.0398500000000004 22.00005 6.71445
vertex 2.0398500000000004 7.0398000000000005 7.0002
vertex 2.0398500000000004 36.95985 7.0002
endloop
endfacet
facet normal -1 0 0
outer loop
vertex 2.0398500000000004 22.00005 6.71445
vertex 2.0398500000000004 36.95985 7.0002
vertex 2.0398500000000004 37.1484 7.0002
endloop
endfacet
facet normal -1 0 0
outer loop
vertex 2.0398500000000004 22.00005 6.71445
vertex 2.0398500000000004 37.1484 7.0002
vertex 2.0398500000000004 37.33605 7.0002
endloop
endfacet
facet normal -0.9999999999999999 0 0
outer loop
vertex 2.0398500000000004 22.00005 6.71445
vertex 2.0398500000000004 37.33605 7.0002
vertex 2.0398500000000004 37.52235 7.0002
endloop
endfacet
facet normal -1 0 0
outer loop
vertex 2.0398500000000004 22.00005 6.71445
vertex 2.0398500000000004 37.52235 7.0002
vertex 2.0398500000000004 37.70595 7.0002
endloop
endfacet
facet normal -0.9999999999999999 0 0
outer loop
vertex 2.0398500000000004 22.00005 6.71445
vertex 2.0398500000000004 37.70595 7.0002
vertex 2.0398500000000004 37.88685 7.0002
endloop
endfacet
facet normal -0.9999999999999999 0 0
outer loop
vertex 2.0398500000000004 22.00005 6.71445
vertex 2.0398500000000004 37.88685 7.0002
vertex 2.0398500000000004 38.064150000000005 7.0002
endloop
endfacet
facet normal -1 0 0
outer loop
vertex 2.0398500000000004 22.00005 6.71445
vertex 2.0398500000000004 38.064150000000005 7.0002
vertex 2.0398500000000004 38.2374 7.0002
endloop
endfacet
facet normal -1 0 0
outer loop
vertex 2.0398500000000004 22.00005 6.71445
vertex 2.0398500000000004 38.2374 7.0002
vertex 2.0398500000000004 38.40525 7.0002
endloop
endfacet
facet normal -1 0 0
outer loop
vertex 2.0398500000000004 22.00005 6.71445
vertex 2.0398500000000004 38.40525 7.0002
vertex 2.0398500000000004 38.5677 7.0002
endloop
endfacet
facet normal -1 0 0
outer loop
vertex 2.0398500000000004 22.00005 6.71445
vertex 2.0398500000000004 38.5677 7.0002
vertex 2.0398500000000004 38.723400000000005 7.0002
endloop
endfacet
facet normal -1 0 0
outer loop
vertex 2.0398500000000004 22.00005 6.71445
vertex 2.0398500000000004 38.723400000000005 7.0002
vertex 2.0398500000000004 38.872350000000004 7.0002
endloop
endfacet
facet normal -0.9999999999999999 0 0
outer loop
vertex 2.0398500000000004 22.00005 6.71445
vertex 2.0398500000000004 38.872350000000004 7.0002
vertex 2.0398500000000004 38.960100000000004 7.0002
endloop
endfacet
facet normal -1 0 0
outer loop
vertex 2.0398500000000004 22.00005 6.71445
vertex 2.0398500000000004 38.960100000000004 7.0002
vertex 2.0398500000000004 38.960100000000004 3.00015
endloop
endfacet
facet normal -0.9995190330294059 -0.031011330380385754 0
outer loop
vertex 2.0457 4.851450000000001 3.00015
vertex 2.0457 4.851450000000001 7.0002
vertex 2.0398500000000004 5.04 7.0002
endloop
endfacet
facet normal -0.9995190330294059 -0.031011330380385754 0
outer loop
vertex 2.0457 4.851450000000001 3.00015
vertex 2.0398500000000004 5.04 7.0002
vertex 2.0398500000000004 5.04 3.00015
endloop
endfacet
facet normal 0.031085448561459797 0.9995167306692434 0
outer loop
vertex 79.14825 41.953950000000006 3.00015
vertex 78.96015000000001 41.9598 3.00015
vertex 78.96015000000001 41.9598 7.0002
endloop
endfacet
facet normal 0.031085448561459797 0.9995167306692434 0
outer loop
vertex 79.14825 41.953950000000006 3.00015
vertex 78.96015000000001 41.9598 7.0002
vertex 79.14825 41.953950000000006 7.0002
endloop
endfacet
facet normal -0.15780399519782398 0.9874704547983222 0
outer loop
vertex 4.6638 41.936400000000006 7.0002
vertex 4.6638 41.936400000000006 3.00015
vertex 4.477950000000001 41.9067 3.00015
endloop
endfacet
facet normal -0.15780399519782398 0.9874704547983222 0
outer loop
vertex 4.6638 41.936400000000006 7.0002
vertex 4.477950000000001 41.9067 3.00015
vertex 4.477950000000001 41.9067 7.0002
endloop
endfacet
facet normal -0.9995167306692425 0.031085448561482196 0
outer loop
vertex 2.0457 39.1482 7.0002
vertex 2.0457 39.1482 3.00015
vertex 2.0398500000000004 38.960100000000004 3.00015
endloop
endfacet
facet normal -0.9995167306692425 0.031085448561482196 0
outer loop
vertex 2.0457 39.1482 7.0002
vertex 2.0398500000000004 38.960100000000004 3.00015
vertex 2.0398500000000004 38.960100000000004 7.0002
endloop
endfacet
facet normal -0.9878980274146123 0.15510476275832932 0
outer loop
vertex 2.0637000000000003 39.33585 3.00015
vertex 2.0637000000000003 39.33585 7.0002
vertex 2.09295 39.52215 7.0002
endloop
endfacet
facet normal -0.9878980274146123 0.15510476275832932 0
outer loop
vertex 2.0637000000000003 39.33585 3.00015
vertex 2.09295 39.52215 7.0002
vertex 2.09295 39.52215 3.00015
endloop
endfacet
facet normal -0.9954308712429203 0.09548497565879567 0
outer loop
vertex 2.0637000000000003 39.33585 3.00015
vertex 2.0457 39.1482 3.00015
vertex 2.0457 39.1482 7.0002
endloop
endfacet
facet normal -0.9954308712429203 0.09548497565879567 0
outer loop
vertex 2.0637000000000003 39.33585 3.00015
vertex 2.0457 39.1482 7.0002
vertex 2.0637000000000003 39.33585 7.0002
endloop
endfacet
facet normal -0.9415254582338954 0.33694185180451125 0
outer loop
vertex 2.1870000000000003 39.887100000000004 7.0002
vertex 2.2504500000000003 40.064400000000006 7.0002
vertex 2.2504500000000003 40.064400000000006 3.00015
endloop
endfacet
facet normal -0.9415254582338954 0.33694185180451125 0
outer loop
vertex 2.1870000000000003 39.887100000000004 7.0002
vertex 2.2504500000000003 40.064400000000006 3.00015
vertex 2.1870000000000003 39.887100000000004 3.00015
endloop
endfacet
facet normal -0.9756225256934529 0.21945543365231973 0
outer loop
vertex 2.1343500000000004 39.7062 3.00015
vertex 2.09295 39.52215 3.00015
vertex 2.09295 39.52215 7.0002
endloop
endfacet
facet normal -0.9756225256934529 0.21945543365231973 0
outer loop
vertex 2.1343500000000004 39.7062 3.00015
vertex 2.09295 39.52215 7.0002
vertex 2.1343500000000004 39.7062 7.0002
endloop
endfacet
facet normal -0.9601603466916556 0.2794496531415987 0
outer loop
vertex 2.1343500000000004 39.7062 3.00015
vertex 2.1343500000000004 39.7062 7.0002
vertex 2.1870000000000003 39.887100000000004 7.0002
endloop
endfacet
facet normal -0.9601603466916556 0.2794496531415987 0
outer loop
vertex 2.1343500000000004 39.7062 3.00015
vertex 2.1870000000000003 39.887100000000004 7.0002
vertex 2.1870000000000003 39.887100000000004 3.00015
endloop
endfacet
facet normal -0.21718315234348262 0.9761308715219223 0
outer loop
vertex 4.293900000000001 41.865750000000006 7.0002
vertex 4.477950000000001 41.9067 7.0002
vertex 4.477950000000001 41.9067 3.00015
endloop
endfacet
facet normal -0.21718315234348262 0.9761308715219223 0
outer loop
vertex 4.293900000000001 41.865750000000006 7.0002
vertex 4.477950000000001 41.9067 3.00015
vertex 4.293900000000001 41.865750000000006 3.00015
endloop
endfacet
facet normal 0.09311881330581008 0.995655003808306 0
outer loop
vertex 79.33590000000001 41.936400000000006 3.00015
vertex 79.14825 41.953950000000006 3.00015
vertex 79.14825 41.953950000000006 7.0002
endloop
endfacet
facet normal 0.09311881330581008 0.995655003808306 0
outer loop
vertex 79.33590000000001 41.936400000000006 3.00015
vertex 79.14825 41.953950000000006 7.0002
vertex 79.33590000000001 41.936400000000006 7.0002
endloop
endfacet
facet normal -0.9954308712429203 -0.09548497565879431 0
outer loop
vertex 2.0637000000000003 4.6638 7.0002
vertex 2.0457 4.851450000000001 7.0002
vertex 2.0457 4.851450000000001 3.00015
endloop
endfacet
facet normal -0.9954308712429203 -0.09548497565879431 0
outer loop
vertex 2.0637000000000003 4.6638 7.0002
vertex 2.0457 4.851450000000001 3.00015
vertex 2.0637000000000003 4.6638 3.00015
endloop
endfacet
facet normal -0.09311881330581226 0.9956550038083057 0
outer loop
vertex 4.851450000000001 41.953950000000006 7.0002
vertex 4.851450000000001 41.953950000000006 3.00015
vertex 4.6638 41.936400000000006 3.00015
endloop
endfacet
facet normal -0.09311881330581226 0.9956550038083057 0
outer loop
vertex 4.851450000000001 41.953950000000006 7.0002
vertex 4.6638 41.936400000000006 3.00015
vertex 4.6638 41.936400000000006 7.0002
endloop
endfacet
facet normal -0.03101133038036224 0.9995190330294067 0
outer loop
vertex 4.851450000000001 41.953950000000006 7.0002
vertex 5.04 41.9598 7.0002
vertex 5.04 41.9598 3.00015
endloop
endfacet
facet normal -0.03101133038036224 0.9995190330294067 0
outer loop
vertex 4.851450000000001 41.953950000000006 7.0002
vertex 5.04 41.9598 3.00015
vertex 4.851450000000001 41.953950000000006 3.00015
endloop
endfacet
facet normal -0.8612588160650417 0.5081665590633079 0
outer loop
vertex 2.4111000000000002 40.40505 7.0002
vertex 2.5069500000000002 40.5675 7.0002
vertex 2.5069500000000002 40.5675 3.00015
endloop
endfacet
facet normal -0.8612588160650417 0.5081665590633079 0
outer loop
vertex 2.4111000000000002 40.40505 7.0002
vertex 2.5069500000000002 40.5675 3.00015
vertex 2.4111000000000002 40.40505 3.00015
endloop
endfacet
facet normal -0.8261263006799711 0.5634849912152284 0
outer loop
vertex 2.61315 40.723200000000006 3.00015
vertex 2.5069500000000002 40.5675 3.00015
vertex 2.5069500000000002 40.5675 7.0002
endloop
endfacet
facet normal -0.8261263006799711 0.5634849912152284 0
outer loop
vertex 2.61315 40.723200000000006 3.00015
vertex 2.5069500000000002 40.5675 7.0002
vertex 2.61315 40.723200000000006 7.0002
endloop
endfacet
facet normal -0.7910221436124855 0.611787518926881 0
outer loop
vertex 2.7283500000000003 40.872150000000005 7.0002
vertex 2.7283500000000003 40.872150000000005 3.00015
vertex 2.61315 40.723200000000006 3.00015
endloop
endfacet
facet normal -0.7910221436124855 0.611787518926881 0
outer loop
vertex 2.7283500000000003 40.872150000000005 7.0002
vertex 2.61315 40.723200000000006 3.00015
vertex 2.61315 40.723200000000006 7.0002
endloop
endfacet
facet normal -0.7082981969801174 0.7059133545660647 0
outer loop
vertex 2.853 41.013450000000006 3.00015
vertex 2.853 41.013450000000006 7.0002
vertex 2.9862 41.1471 7.0002
endloop
endfacet
facet normal -0.7082981969801174 0.7059133545660647 0
outer loop
vertex 2.853 41.013450000000006 3.00015
vertex 2.9862 41.1471 7.0002
vertex 2.9862 41.1471 3.00015
endloop
endfacet
facet normal -0.7499075469419587 0.6615426449137606 0
outer loop
vertex 2.853 41.013450000000006 3.00015
vertex 2.7283500000000003 40.872150000000005 3.00015
vertex 2.7283500000000003 40.872150000000005 7.0002
endloop
endfacet
facet normal -0.7499075469419587 0.6615426449137606 0
outer loop
vertex 2.853 41.013450000000006 3.00015
vertex 2.7283500000000003 40.872150000000005 7.0002
vertex 2.853 41.013450000000006 7.0002
endloop
endfacet
facet normal -0.2794496531415999 0.9601603466916551 0
outer loop
vertex 4.113 41.813100000000006 7.0002
vertex 4.293900000000001 41.865750000000006 7.0002
vertex 4.293900000000001 41.865750000000006 3.00015
endloop
endfacet
facet normal -0.2794496531415999 0.9601603466916551 0
outer loop
vertex 4.113 41.813100000000006 7.0002
vertex 4.293900000000001 41.865750000000006 3.00015
vertex 4.113 41.813100000000006 3.00015
endloop
endfacet
facet normal -0.33905765176453456 0.9407655971494279 0
outer loop
vertex 4.113 41.813100000000006 7.0002
vertex 4.113 41.813100000000006 3.00015
vertex 3.9357 41.7492 3.00015
endloop
endfacet
facet normal -0.33905765176453456 0.9407655971494279 0
outer loop
vertex 4.113 41.813100000000006 7.0002
vertex 3.9357 41.7492 3.00015
vertex 3.9357 41.7492 7.0002
endloop
endfacet
facet normal 0.9995167306692434 0.031085448561458624 0
outer loop
vertex 81.95400000000001 39.1482 7.0002
vertex 81.95985 38.960100000000004 7.0002
vertex 81.95985 38.960100000000004 3.00015
endloop
endfacet
facet normal 0.9995167306692434 0.031085448561458624 0
outer loop
vertex 81.95400000000001 39.1482 7.0002
vertex 81.95985 38.960100000000004 3.00015
vertex 81.95400000000001 39.1482 3.00015
endloop
endfacet
facet normal 0.15743228452702074 0.9875297847602386 0
outer loop
vertex 79.52220000000001 41.9067 7.0002
vertex 79.52220000000001 41.9067 3.00015
vertex 79.33590000000001 41.936400000000006 3.00015
endloop
endfacet
facet normal 0.15743228452702074 0.9875297847602386 0
outer loop
vertex 79.52220000000001 41.9067 7.0002
vertex 79.33590000000001 41.936400000000006 3.00015
vertex 79.33590000000001 41.936400000000006 7.0002
endloop
endfacet
facet normal 0.33905765176453084 0.9407655971494292 0
outer loop
vertex 79.88715 41.813100000000006 3.00015
vertex 79.88715 41.813100000000006 7.0002
vertex 80.06445000000001 41.7492 7.0002
endloop
endfacet
facet normal 0.33905765176453084 0.9407655971494292 0
outer loop
vertex 79.88715 41.813100000000006 3.00015
vertex 80.06445000000001 41.7492 7.0002
vertex 80.06445000000001 41.7492 3.00015
endloop
endfacet
facet normal 0.6615426449137686 0.7499075469419517 0
outer loop
vertex 81.01350000000001 41.1471 7.0002
vertex 81.01350000000001 41.1471 3.00015
vertex 80.8722 41.271750000000004 3.00015
endloop
endfacet
facet normal 0.6615426449137686 0.7499075469419517 0
outer loop
vertex 81.01350000000001 41.1471 7.0002
vertex 80.8722 41.271750000000004 3.00015
vertex 80.8722 41.271750000000004 7.0002
endloop
endfacet
facet normal 0.7082981969801115 0.7059133545660707 0
outer loop
vertex 81.01350000000001 41.1471 7.0002
vertex 81.14670000000001 41.013450000000006 7.0002
vertex 81.14670000000001 41.013450000000006 3.00015
endloop
endfacet
facet normal 0.7082981969801115 0.7059133545660707 0
outer loop
vertex 81.01350000000001 41.1471 7.0002
vertex 81.14670000000001 41.013450000000006 3.00015
vertex 81.01350000000001 41.1471 3.00015
endloop
endfacet
facet normal 0.8268821777526076 -0.5623751987019918 0
outer loop
vertex 81.38700000000001 3.27645 3.00015
vertex 81.4932 3.4326000000000003 3.00015
vertex 81.4932 3.4326000000000003 7.0002
endloop
endfacet
facet normal 0.8268821777526076 -0.5623751987019918 0
outer loop
vertex 81.38700000000001 3.27645 3.00015
vertex 81.4932 3.4326000000000003 7.0002
vertex 81.38700000000001 3.27645 7.0002
endloop
endfacet
facet normal 0.9874704547983222 -0.15780399519782398 0
outer loop
vertex 81.93645000000001 4.6638 3.00015
vertex 81.93645000000001 4.6638 7.0002
vertex 81.90675 4.477950000000001 7.0002
endloop
endfacet
facet normal 0.9874704547983222 -0.15780399519782398 0
outer loop
vertex 81.93645000000001 4.6638 3.00015
vertex 81.90675 4.477950000000001 7.0002
vertex 81.90675 4.477950000000001 3.00015
endloop
endfacet
facet normal 0.15510476275832932 -0.9878980274146123 0
outer loop
vertex 79.52220000000001 2.09295 7.0002
vertex 79.33590000000001 2.0637000000000003 7.0002
vertex 79.33590000000001 2.0637000000000003 3.00015
endloop
endfacet
facet normal 0.15510476275832932 -0.9878980274146123 0
outer loop
vertex 79.52220000000001 2.09295 7.0002
vertex 79.33590000000001 2.0637000000000003 3.00015
vertex 79.52220000000001 2.09295 3.00015
endloop
endfacet
facet normal 0.09548497565879206 -0.9954308712429205 0
outer loop
vertex 79.14825 2.0457 7.0002
vertex 79.14825 2.0457 3.00015
vertex 79.33590000000001 2.0637000000000003 3.00015
endloop
endfacet
facet normal 0.09548497565879206 -0.9954308712429205 0
outer loop
vertex 79.14825 2.0457 7.0002
vertex 79.33590000000001 2.0637000000000003 3.00015
vertex 79.33590000000001 2.0637000000000003 7.0002
endloop
endfacet
facet normal 0.03108544856148337 -0.9995167306692426 0
outer loop
vertex 79.14825 2.0457 7.0002
vertex 78.96015000000001 2.0398500000000004 7.0002
vertex 78.96015000000001 2.0398500000000004 3.00015
endloop
endfacet
facet normal 0.03108544856148337 -0.9995167306692426 0
outer loop
vertex 79.14825 2.0457 7.0002
vertex 78.96015000000001 2.0398500000000004 3.00015
vertex 79.14825 2.0457 3.00015
endloop
endfacet
facet normal 0.611787518926881 -0.7910221436124855 0
outer loop
vertex 80.8722 2.7283500000000003 3.00015
vertex 80.8722 2.7283500000000003 7.0002
vertex 80.72325000000001 2.61315 7.0002
endloop
endfacet
facet normal 0.611787518926881 -0.7910221436124855 0
outer loop
vertex 80.8722 2.7283500000000003 3.00015
vertex 80.72325000000001 2.61315 7.0002
vertex 80.72325000000001 2.61315 3.00015
endloop
endfacet
facet normal -0.7071067811865476 -0.7071067811865476 0
outer loop
vertex 2.853 2.9862 3.00015
vertex 2.9862 2.853 3.00015
vertex 2.9862 2.853 7.0002
endloop
endfacet
facet normal -0.7071067811865476 -0.7071067811865476 0
outer loop
vertex 2.853 2.9862 3.00015
vertex 2.9862 2.853 7.0002
vertex 2.853 2.9862 7.0002
endloop
endfacet
facet normal -0.031011330380385754 -0.9995190330294059 0
outer loop
vertex 4.851450000000001 2.0457 7.0002
vertex 4.851450000000001 2.0457 3.00015
vertex 5.04 2.0398500000000004 3.00015
endloop
endfacet
facet normal -0.031011330380385754 -0.9995190330294059 0
outer loop
vertex 4.851450000000001 2.0457 7.0002
vertex 5.04 2.0398500000000004 3.00015
vertex 5.04 2.0398500000000004 7.0002
endloop
endfacet
facet normal -0.8910577268238666 0.45388999489687276 0
outer loop
vertex 2.3256 40.2372 7.0002
vertex 2.4111000000000002 40.40505 7.0002
vertex 2.4111000000000002 40.40505 3.00015
endloop
endfacet
facet normal -0.8910577268238666 0.45388999489687276 0
outer loop
vertex 2.3256 40.2372 7.0002
vertex 2.4111000000000002 40.40505 3.00015
vertex 2.3256 40.2372 3.00015
endloop
endfacet
facet normal -0.917032085412316 0.39881343297880384 0
outer loop
vertex 2.3256 40.2372 7.0002
vertex 2.3256 40.2372 3.00015
vertex 2.2504500000000003 40.064400000000006 3.00015
endloop
endfacet
facet normal -0.917032085412316 0.39881343297880384 0
outer loop
vertex 2.3256 40.2372 7.0002
vertex 2.2504500000000003 40.064400000000006 3.00015
vertex 2.2504500000000003 40.064400000000006 7.0002
endloop
endfacet
facet normal -0.45388999489685883 0.8910577268238739 0
outer loop
vertex 3.7624500000000003 41.6745 7.0002
vertex 3.7624500000000003 41.6745 3.00015
vertex 3.5946000000000002 41.589000000000006 3.00015
endloop
endfacet
facet normal -0.45388999489685883 0.8910577268238739 0
outer loop
vertex 3.7624500000000003 41.6745 7.0002
vertex 3.5946000000000002 41.589000000000006 3.00015
vertex 3.5946000000000002 41.589000000000006 7.0002
endloop
endfacet
facet normal -0.39593338476869216 0.9182792357587134 0
outer loop
vertex 3.7624500000000003 41.6745 7.0002
vertex 3.9357 41.7492 7.0002
vertex 3.9357 41.7492 3.00015
endloop
endfacet
facet normal -0.39593338476869216 0.9182792357587134 0
outer loop
vertex 3.7624500000000003 41.6745 7.0002
vertex 3.9357 41.7492 3.00015
vertex 3.7624500000000003 41.6745 3.00015
endloop
endfacet
facet normal -0.6603591456258407 0.7509499309463379 0
outer loop
vertex 3.1279500000000002 41.271750000000004 7.0002
vertex 3.1279500000000002 41.271750000000004 3.00015
vertex 2.9862 41.1471 3.00015
endloop
endfacet
facet normal -0.6603591456258407 0.7509499309463379 0
outer loop
vertex 3.1279500000000002 41.271750000000004 7.0002
vertex 2.9862 41.1471 3.00015
vertex 2.9862 41.1471 7.0002
endloop
endfacet
facet normal -0.6129455630757764 0.7901251399023569 0
outer loop
vertex 3.1279500000000002 41.271750000000004 7.0002
vertex 3.27645 41.386950000000006 7.0002
vertex 3.27645 41.386950000000006 3.00015
endloop
endfacet
facet normal -0.6129455630757764 0.7901251399023569 0
outer loop
vertex 3.1279500000000002 41.271750000000004 7.0002
vertex 3.27645 41.386950000000006 3.00015
vertex 3.1279500000000002 41.271750000000004 3.00015
endloop
endfacet
facet normal 0.9761308715219222 0.21718315234348365 0
outer loop
vertex 81.90675 39.52215 3.00015
vertex 81.86580000000001 39.7062 3.00015
vertex 81.86580000000001 39.7062 7.0002
endloop
endfacet
facet normal 0.9761308715219222 0.21718315234348365 0
outer loop
vertex 81.90675 39.52215 3.00015
vertex 81.86580000000001 39.7062 7.0002
vertex 81.90675 39.52215 7.0002
endloop
endfacet
facet normal 0.9601603466916556 0.2794496531415987 0
outer loop
vertex 81.81315000000001 39.887100000000004 3.00015
vertex 81.81315000000001 39.887100000000004 7.0002
vertex 81.86580000000001 39.7062 7.0002
endloop
endfacet
facet normal 0.9601603466916556 0.2794496531415987 0
outer loop
vertex 81.81315000000001 39.887100000000004 3.00015
vertex 81.86580000000001 39.7062 7.0002
vertex 81.86580000000001 39.7062 3.00015
endloop
endfacet
facet normal 0.453889994896856 0.8910577268238754 0
outer loop
vertex 80.23725 41.6745 3.00015
vertex 80.23725 41.6745 7.0002
vertex 80.4051 41.589000000000006 7.0002
endloop
endfacet
facet normal 0.453889994896856 0.8910577268238754 0
outer loop
vertex 80.23725 41.6745 3.00015
vertex 80.4051 41.589000000000006 7.0002
vertex 80.4051 41.589000000000006 3.00015
endloop
endfacet
facet normal 0.39680229388216653 0.9179041015105285 0
outer loop
vertex 80.23725 41.6745 3.00015
vertex 80.06445000000001 41.7492 3.00015
vertex 80.06445000000001 41.7492 7.0002
endloop
endfacet
facet normal 0.39680229388216653 0.9179041015105285 0
outer loop
vertex 80.23725 41.6745 3.00015
vertex 80.06445000000001 41.7492 7.0002
vertex 80.23725 41.6745 7.0002
endloop
endfacet
facet normal 0.6117875189268853 0.7910221436124818 0
outer loop
vertex 80.72325000000001 41.386950000000006 3.00015
vertex 80.72325000000001 41.386950000000006 7.0002
vertex 80.8722 41.271750000000004 7.0002
endloop
endfacet
facet normal 0.6117875189268853 0.7910221436124818 0
outer loop
vertex 80.72325000000001 41.386950000000006 3.00015
vertex 80.8722 41.271750000000004 7.0002
vertex 80.8722 41.271750000000004 3.00015
endloop
endfacet
facet normal 0.7889658541337216 -0.6144370439768806 0
outer loop
vertex 81.27135000000001 3.1279500000000002 3.00015
vertex 81.38700000000001 3.27645 3.00015
vertex 81.38700000000001 3.27645 7.0002
endloop
endfacet
facet normal 0.7889658541337216 -0.6144370439768806 0
outer loop
vertex 81.27135000000001 3.1279500000000002 3.00015
vertex 81.38700000000001 3.27645 7.0002
vertex 81.27135000000001 3.1279500000000002 7.0002
endloop
endfacet
facet normal 0.7509499309463379 -0.6603591456258407 0
outer loop
vertex 81.27135000000001 3.1279500000000002 3.00015
vertex 81.27135000000001 3.1279500000000002 7.0002
vertex 81.14670000000001 2.9862 7.0002
endloop
endfacet
facet normal 0.7509499309463379 -0.6603591456258407 0
outer loop
vertex 81.27135000000001 3.1279500000000002 3.00015
vertex 81.14670000000001 2.9862 7.0002
vertex 81.14670000000001 2.9862 3.00015
endloop
endfacet
facet normal 0.9956550038083057 -0.09311881330581226 0
outer loop
vertex 81.95400000000001 4.851450000000001 3.00015
vertex 81.95400000000001 4.851450000000001 7.0002
vertex 81.93645000000001 4.6638 7.0002
endloop
endfacet
facet normal 0.9956550038083057 -0.09311881330581226 0
outer loop
vertex 81.95400000000001 4.851450000000001 3.00015
vertex 81.93645000000001 4.6638 7.0002
vertex 81.93645000000001 4.6638 3.00015
endloop
endfacet
facet normal 0.9995190330294067 -0.03101133038036224 0
outer loop
vertex 81.95400000000001 4.851450000000001 3.00015
vertex 81.95985 5.04 3.00015
vertex 81.95985 5.04 7.0002
endloop
endfacet
facet normal 0.9995190330294067 -0.03101133038036224 0
outer loop
vertex 81.95400000000001 4.851450000000001 3.00015
vertex 81.95985 5.04 7.0002
vertex 81.95400000000001 4.851450000000001 7.0002
endloop
endfacet
facet normal 0.918279235758727 -0.3959333847686604 0
outer loop
vertex 81.67455000000001 3.7624500000000003 7.0002
vertex 81.67455000000001 3.7624500000000003 3.00015
vertex 81.74925 3.9357 3.00015
endloop
endfacet
facet normal 0.918279235758727 -0.3959333847686604 0
outer loop
vertex 81.67455000000001 3.7624500000000003 7.0002
vertex 81.74925 3.9357 3.00015
vertex 81.74925 3.9357 7.0002
endloop
endfacet
facet normal 0.8910577268238739 -0.45388999489685883 0
outer loop
vertex 81.58905000000001 3.5946000000000002 3.00015
vertex 81.67455000000001 3.7624500000000003 3.00015
vertex 81.67455000000001 3.7624500000000003 7.0002
endloop
endfacet
facet normal 0.8910577268238739 -0.45388999489685883 0
outer loop
vertex 81.58905000000001 3.5946000000000002 3.00015
vertex 81.67455000000001 3.7624500000000003 7.0002
vertex 81.58905000000001 3.5946000000000002 7.0002
endloop
endfacet
facet normal 0.8606408302846774 -0.5092124912518361 0
outer loop
vertex 81.58905000000001 3.5946000000000002 3.00015
vertex 81.58905000000001 3.5946000000000002 7.0002
vertex 81.4932 3.4326000000000003 7.0002
endloop
endfacet
facet normal 0.8606408302846774 -0.5092124912518361 0
outer loop
vertex 81.58905000000001 3.5946000000000002 3.00015
vertex 81.4932 3.4326000000000003 7.0002
vertex 81.4932 3.4326000000000003 3.00015
endloop
endfacet
facet normal 0.9761308715219223 -0.21718315234348262 0
outer loop
vertex 81.86580000000001 4.293900000000001 3.00015
vertex 81.90675 4.477950000000001 3.00015
vertex 81.90675 4.477950000000001 7.0002
endloop
endfacet
facet normal 0.9761308715219223 -0.21718315234348262 0
outer loop
vertex 81.86580000000001 4.293900000000001 3.00015
vertex 81.90675 4.477950000000001 7.0002
vertex 81.86580000000001 4.293900000000001 7.0002
endloop
endfacet
facet normal 0.9601603466916551 -0.2794496531415999 0
outer loop
vertex 81.81315000000001 4.113 7.0002
vertex 81.81315000000001 4.113 3.00015
vertex 81.86580000000001 4.293900000000001 3.00015
endloop
endfacet
facet normal 0.9601603466916551 -0.2794496531415999 0
outer loop
vertex 81.81315000000001 4.113 7.0002
vertex 81.86580000000001 4.293900000000001 3.00015
vertex 81.86580000000001 4.293900000000001 7.0002
endloop
endfacet
facet normal 0.9407655971494279 -0.33905765176453456 0
outer loop
vertex 81.81315000000001 4.113 7.0002
vertex 81.74925 3.9357 7.0002
vertex 81.74925 3.9357 3.00015
endloop
endfacet
facet normal 0.9407655971494279 -0.33905765176453456 0
outer loop
vertex 81.81315000000001 4.113 7.0002
vertex 81.74925 3.9357 3.00015
vertex 81.81315000000001 4.113 3.00015
endloop
endfacet
facet normal 0.563484991215246 -0.8261263006799591 0
outer loop
vertex 80.56755000000001 2.5069500000000002 3.00015
vertex 80.72325000000001 2.61315 3.00015
vertex 80.72325000000001 2.61315 7.0002
endloop
endfacet
facet normal 0.563484991215246 -0.8261263006799591 0
outer loop
vertex 80.56755000000001 2.5069500000000002 3.00015
vertex 80.72325000000001 2.61315 7.0002
vertex 80.56755000000001 2.5069500000000002 7.0002
endloop
endfacet
facet normal 0.6615426449137606 -0.7499075469419587 0
outer loop
vertex 81.01350000000001 2.853 3.00015
vertex 81.01350000000001 2.853 7.0002
vertex 80.8722 2.7283500000000003 7.0002
endloop
endfacet
facet normal 0.6615426449137606 -0.7499075469419587 0
outer loop
vertex 81.01350000000001 2.853 3.00015
vertex 80.8722 2.7283500000000003 7.0002
vertex 80.8722 2.7283500000000003 3.00015
endloop
endfacet
facet normal 0.7071067811865416 -0.7071067811865533 0
outer loop
vertex 81.01350000000001 2.853 3.00015
vertex 81.14670000000001 2.9862 3.00015
vertex 81.14670000000001 2.9862 7.0002
endloop
endfacet
facet normal 0.7071067811865416 -0.7071067811865533 0
outer loop
vertex 81.01350000000001 2.853 3.00015
vertex 81.14670000000001 2.9862 7.0002
vertex 81.01350000000001 2.853 7.0002
endloop
endfacet
facet normal -0.9756225256934532 -0.21945543365231876 0
outer loop
vertex 2.09295 4.477950000000001 3.00015
vertex 2.1343500000000004 4.293900000000001 3.00015
vertex 2.1343500000000004 4.293900000000001 7.0002
endloop
endfacet
facet normal -0.9756225256934532 -0.21945543365231876 0
outer loop
vertex 2.09295 4.477950000000001 3.00015
vertex 2.1343500000000004 4.293900000000001 7.0002
vertex 2.09295 4.477950000000001 7.0002
endloop
endfacet
facet normal -0.987840417158541 -0.1554712520951692 0
outer loop
vertex 2.09295 4.477950000000001 3.00015
vertex 2.09295 4.477950000000001 7.0002
vertex 2.0637000000000003 4.6638 7.0002
endloop
endfacet
facet normal -0.987840417158541 -0.1554712520951692 0
outer loop
vertex 2.09295 4.477950000000001 3.00015
vertex 2.0637000000000003 4.6638 7.0002
vertex 2.0637000000000003 4.6638 3.00015
endloop
endfacet
facet normal -0.9601603466916551 -0.2794496531415999 0
outer loop
vertex 2.1870000000000003 4.113 3.00015
vertex 2.1870000000000003 4.113 7.0002
vertex 2.1343500000000004 4.293900000000001 7.0002
endloop
endfacet
facet normal -0.9601603466916551 -0.2794496531415999 0
outer loop
vertex 2.1870000000000003 4.113 3.00015
vertex 2.1343500000000004 4.293900000000001 7.0002
vertex 2.1343500000000004 4.293900000000001 3.00015
endloop
endfacet
facet normal -0.1554712520951692 -0.987840417158541 0
outer loop
vertex 4.6638 2.0637000000000003 3.00015
vertex 4.6638 2.0637000000000003 7.0002
vertex 4.477950000000001 2.09295 7.0002
endloop
endfacet
facet normal -0.1554712520951692 -0.987840417158541 0
outer loop
vertex 4.6638 2.0637000000000003 3.00015
vertex 4.477950000000001 2.09295 7.0002
vertex 4.477950000000001 2.09295 3.00015
endloop
endfacet
facet normal -0.09548497565879431 -0.9954308712429203 0
outer loop
vertex 4.6638 2.0637000000000003 3.00015
vertex 4.851450000000001 2.0457 3.00015
vertex 4.851450000000001 2.0457 7.0002
endloop
endfacet
facet normal -0.09548497565879431 -0.9954308712429203 0
outer loop
vertex 4.6638 2.0637000000000003 3.00015
vertex 4.851450000000001 2.0457 7.0002
vertex 4.6638 2.0637000000000003 7.0002
endloop
endfacet
facet normal -0.33694185180451497 -0.941525458233894 0
outer loop
vertex 4.113 2.1870000000000003 7.0002
vertex 3.9357 2.2504500000000003 7.0002
vertex 3.9357 2.2504500000000003 3.00015
endloop
endfacet
facet normal -0.33694185180451497 -0.941525458233894 0
outer loop
vertex 4.113 2.1870000000000003 7.0002
vertex 3.9357 2.2504500000000003 3.00015
vertex 4.113 2.1870000000000003 3.00015
endloop
endfacet
facet normal -0.21945543365231876 -0.9756225256934532 0
outer loop
vertex 4.293900000000001 2.1343500000000004 3.00015
vertex 4.477950000000001 2.09295 3.00015
vertex 4.477950000000001 2.09295 7.0002
endloop
endfacet
facet normal -0.21945543365231876 -0.9756225256934532 0
outer loop
vertex 4.293900000000001 2.1343500000000004 3.00015
vertex 4.477950000000001 2.09295 7.0002
vertex 4.293900000000001 2.1343500000000004 7.0002
endloop
endfacet
facet normal -0.2794496531415999 -0.9601603466916551 0
outer loop
vertex 4.293900000000001 2.1343500000000004 3.00015
vertex 4.293900000000001 2.1343500000000004 7.0002
vertex 4.113 2.1870000000000003 7.0002
endloop
endfacet
facet normal -0.2794496531415999 -0.9601603466916551 0
outer loop
vertex 4.293900000000001 2.1343500000000004 3.00015
vertex 4.113 2.1870000000000003 7.0002
vertex 4.113 2.1870000000000003 3.00015
endloop
endfacet
facet normal -0.6603591456258329 -0.7509499309463449 0
outer loop
vertex 3.1279500000000002 2.7283500000000003 7.0002
vertex 2.9862 2.853 7.0002
vertex 2.9862 2.853 3.00015
endloop
endfacet
facet normal -0.6603591456258329 -0.7509499309463449 0
outer loop
vertex 3.1279500000000002 2.7283500000000003 7.0002
vertex 2.9862 2.853 3.00015
vertex 3.1279500000000002 2.7283500000000003 3.00015
endloop
endfacet
facet normal -0.5623751987020384 -0.8268821777525759 0
outer loop
vertex 3.27645 2.61315 3.00015
vertex 3.4326000000000003 2.5069500000000002 3.00015
vertex 3.4326000000000003 2.5069500000000002 7.0002
endloop
endfacet
facet normal -0.5623751987020384 -0.8268821777525759 0
outer loop
vertex 3.27645 2.61315 3.00015
vertex 3.4326000000000003 2.5069500000000002 7.0002
vertex 3.27645 2.61315 7.0002
endloop
endfacet
facet normal -0.6129455630757722 -0.7901251399023604 0
outer loop
vertex 3.27645 2.61315 3.00015
vertex 3.27645 2.61315 7.0002
vertex 3.1279500000000002 2.7283500000000003 7.0002
endloop
endfacet
facet normal -0.6129455630757722 -0.7901251399023604 0
outer loop
vertex 3.27645 2.61315 3.00015
vertex 3.1279500000000002 2.7283500000000003 7.0002
vertex 3.1279500000000002 2.7283500000000003 3.00015
endloop
endfacet
facet normal -0.5623751987020433 0.8268821777525727 0
outer loop
vertex 3.4326000000000003 41.49315000000001 3.00015
vertex 3.27645 41.386950000000006 3.00015
vertex 3.27645 41.386950000000006 7.0002
endloop
endfacet
facet normal -0.5623751987020433 0.8268821777525727 0
outer loop
vertex 3.4326000000000003 41.49315000000001 3.00015
vertex 3.27645 41.386950000000006 7.0002
vertex 3.4326000000000003 41.49315000000001 7.0002
endloop
endfacet
facet normal -0.5092124912517801 0.8606408302847105 0
outer loop
vertex 3.4326000000000003 41.49315000000001 3.00015
vertex 3.4326000000000003 41.49315000000001 7.0002
vertex 3.5946000000000002 41.589000000000006 7.0002
endloop
endfacet
facet normal -0.5092124912517801 0.8606408302847105 0
outer loop
vertex 3.4326000000000003 41.49315000000001 3.00015
vertex 3.5946000000000002 41.589000000000006 7.0002
vertex 3.5946000000000002 41.589000000000006 3.00015
endloop
endfacet
facet normal 0.8261263006800028 0.5634849912151818 0
outer loop
vertex 81.4932 40.5675 3.00015
vertex 81.38700000000001 40.723200000000006 3.00015
vertex 81.38700000000001 40.723200000000006 7.0002
endloop
endfacet
facet normal 0.8261263006800028 0.5634849912151818 0
outer loop
vertex 81.4932 40.5675 3.00015
vertex 81.38700000000001 40.723200000000006 7.0002
vertex 81.4932 40.5675 7.0002
endloop
endfacet
facet normal 0.9875297847602386 0.15743228452702074 0
outer loop
vertex 81.93645000000001 39.33585 3.00015
vertex 81.90675 39.52215 3.00015
vertex 81.90675 39.52215 7.0002
endloop
endfacet
facet normal 0.9875297847602386 0.15743228452702074 0
outer loop
vertex 81.93645000000001 39.33585 3.00015
vertex 81.90675 39.52215 7.0002
vertex 81.93645000000001 39.33585 7.0002
endloop
endfacet
facet normal 0.9956550038083056 0.09311881330581356 0
outer loop
vertex 81.93645000000001 39.33585 3.00015
vertex 81.93645000000001 39.33585 7.0002
vertex 81.95400000000001 39.1482 7.0002
endloop
endfacet
facet normal 0.9956550038083056 0.09311881330581356 0
outer loop
vertex 81.93645000000001 39.33585 3.00015
vertex 81.95400000000001 39.1482 7.0002
vertex 81.95400000000001 39.1482 3.00015
endloop
endfacet
facet normal 0.9407655971494292 0.33905765176453084 0
outer loop
vertex 81.74925 40.064400000000006 3.00015
vertex 81.74925 40.064400000000006 7.0002
vertex 81.81315000000001 39.887100000000004 7.0002
endloop
endfacet
facet normal 0.9407655971494292 0.33905765176453084 0
outer loop
vertex 81.74925 40.064400000000006 3.00015
vertex 81.81315000000001 39.887100000000004 7.0002
vertex 81.81315000000001 39.887100000000004 3.00015
endloop
endfacet
facet normal 0.9179041015105424 0.3968022938821348 0
outer loop
vertex 81.74925 40.064400000000006 3.00015
vertex 81.67455000000001 40.2372 3.00015
vertex 81.67455000000001 40.2372 7.0002
endloop
endfacet
facet normal 0.9179041015105424 0.3968022938821348 0
outer loop
vertex 81.74925 40.064400000000006 3.00015
vertex 81.67455000000001 40.2372 7.0002
vertex 81.74925 40.064400000000006 7.0002
endloop
endfacet
facet normal 0.2794496531416088 0.9601603466916525 0
outer loop
vertex 79.70625000000001 41.865750000000006 7.0002
vertex 79.88715 41.813100000000006 7.0002
vertex 79.88715 41.813100000000006 3.00015
endloop
endfacet
facet normal 0.2794496531416088 0.9601603466916525 0
outer loop
vertex 79.70625000000001 41.865750000000006 7.0002
vertex 79.88715 41.813100000000006 3.00015
vertex 79.70625000000001 41.865750000000006 3.00015
endloop
endfacet
facet normal 0.21718315234348365 0.9761308715219222 0
outer loop
vertex 79.70625000000001 41.865750000000006 7.0002
vertex 79.70625000000001 41.865750000000006 3.00015
vertex 79.52220000000001 41.9067 3.00015
endloop
endfacet
facet normal 0.21718315234348365 0.9761308715219222 0
outer loop
vertex 79.70625000000001 41.865750000000006 7.0002
vertex 79.52220000000001 41.9067 3.00015
vertex 79.52220000000001 41.9067 7.0002
endloop
endfacet
facet normal 0.5081665590632862 0.8612588160650546 0
outer loop
vertex 80.56755000000001 41.49315000000001 7.0002
vertex 80.56755000000001 41.49315000000001 3.00015
vertex 80.4051 41.589000000000006 3.00015
endloop
endfacet
facet normal 0.5081665590632862 0.8612588160650546 0
outer loop
vertex 80.56755000000001 41.49315000000001 7.0002
vertex 80.4051 41.589000000000006 3.00015
vertex 80.4051 41.589000000000006 7.0002
endloop
endfacet
facet normal 0.5634849912152509 0.8261263006799557 0
outer loop
vertex 80.56755000000001 41.49315000000001 7.0002
vertex 80.72325000000001 41.386950000000006 7.0002
vertex 80.72325000000001 41.386950000000006 3.00015
endloop
endfacet
facet normal 0.5634849912152509 0.8261263006799557 0
outer loop
vertex 80.56755000000001 41.49315000000001 7.0002
vertex 80.72325000000001 41.386950000000006 3.00015
vertex 80.56755000000001 41.49315000000001 3.00015
endloop
endfacet
facet normal 0.2794496531416088 -0.9601603466916525 0
outer loop
vertex 79.70625000000001 2.1343500000000004 3.00015
vertex 79.88715 2.1870000000000003 3.00015
vertex 79.88715 2.1870000000000003 7.0002
endloop
endfacet
facet normal 0.2794496531416088 -0.9601603466916525 0
outer loop
vertex 79.70625000000001 2.1343500000000004 3.00015
vertex 79.88715 2.1870000000000003 7.0002
vertex 79.70625000000001 2.1343500000000004 7.0002
endloop
endfacet
facet normal 0.21945543365231973 -0.9756225256934529 0
outer loop
vertex 79.70625000000001 2.1343500000000004 3.00015
vertex 79.70625000000001 2.1343500000000004 7.0002
vertex 79.52220000000001 2.09295 7.0002
endloop
endfacet
facet normal 0.21945543365231973 -0.9756225256934529 0
outer loop
vertex 79.70625000000001 2.1343500000000004 3.00015
vertex 79.52220000000001 2.09295 7.0002
vertex 79.52220000000001 2.09295 3.00015
endloop
endfacet
facet normal 0.5081665590632914 -0.8612588160650516 0
outer loop
vertex 80.4051 2.4111000000000002 3.00015
vertex 80.56755000000001 2.5069500000000002 3.00015
vertex 80.56755000000001 2.5069500000000002 7.0002
endloop
endfacet
facet normal 0.5081665590632914 -0.8612588160650516 0
outer loop
vertex 80.4051 2.4111000000000002 3.00015
vertex 80.56755000000001 2.5069500000000002 7.0002
vertex 80.4051 2.4111000000000002 7.0002
endloop
endfacet
facet normal 0.45388999489687276 -0.8910577268238666 0
outer loop
vertex 80.4051 2.4111000000000002 3.00015
vertex 80.4051 2.4111000000000002 7.0002
vertex 80.23725 2.3256 7.0002
endloop
endfacet
facet normal 0.45388999489687276 -0.8910577268238666 0
outer loop
vertex 80.4051 2.4111000000000002 3.00015
vertex 80.23725 2.3256 7.0002
vertex 80.23725 2.3256 3.00015
endloop
endfacet
facet normal 0.39881343297880384 -0.917032085412316 0
outer loop
vertex 80.06445000000001 2.2504500000000003 3.00015
vertex 80.23725 2.3256 3.00015
vertex 80.23725 2.3256 7.0002
endloop
endfacet
facet normal 0.39881343297880384 -0.917032085412316 0
outer loop
vertex 80.06445000000001 2.2504500000000003 3.00015
vertex 80.23725 2.3256 7.0002
vertex 80.06445000000001 2.2504500000000003 7.0002
endloop
endfacet
facet normal 0.33694185180451125 -0.9415254582338954 0
outer loop
vertex 80.06445000000001 2.2504500000000003 3.00015
vertex 80.06445000000001 2.2504500000000003 7.0002
vertex 79.88715 2.1870000000000003 7.0002
endloop
endfacet
facet normal 0.33694185180451125 -0.9415254582338954 0
outer loop
vertex 80.06445000000001 2.2504500000000003 3.00015
vertex 79.88715 2.1870000000000003 7.0002
vertex 79.88715 2.1870000000000003 3.00015
endloop
endfacet
facet normal -0.941525458233894 -0.33694185180451497 0
outer loop
vertex 2.2504500000000003 3.9357 3.00015
vertex 2.2504500000000003 3.9357 7.0002
vertex 2.1870000000000003 4.113 7.0002
endloop
endfacet
facet normal -0.941525458233894 -0.33694185180451497 0
outer loop
vertex 2.2504500000000003 3.9357 3.00015
vertex 2.1870000000000003 4.113 7.0002
vertex 2.1870000000000003 4.113 3.00015
endloop
endfacet
facet normal -0.9174106742888204 -0.39794177300320194 0
outer loop
vertex 2.2504500000000003 3.9357 3.00015
vertex 2.3256 3.7624500000000003 3.00015
vertex 2.3256 3.7624500000000003 7.0002
endloop
endfacet
facet normal -0.9174106742888204 -0.39794177300320194 0
outer loop
vertex 2.2504500000000003 3.9357 3.00015
vertex 2.3256 3.7624500000000003 7.0002
vertex 2.2504500000000003 3.9357 7.0002
endloop
endfacet
facet normal -0.8268821777525759 -0.5623751987020384 0
outer loop
vertex 2.5069500000000002 3.4326000000000003 3.00015
vertex 2.61315 3.27645 3.00015
vertex 2.61315 3.27645 7.0002
endloop
endfacet
facet normal -0.8268821777525759 -0.5623751987020384 0
outer loop
vertex 2.5069500000000002 3.4326000000000003 3.00015
vertex 2.61315 3.27645 7.0002
vertex 2.5069500000000002 3.4326000000000003 7.0002
endloop
endfacet
facet normal -0.8606408302847074 -0.5092124912517854 0
outer loop
vertex 2.4111000000000002 3.5946000000000002 7.0002
vertex 2.4111000000000002 3.5946000000000002 3.00015
vertex 2.5069500000000002 3.4326000000000003 3.00015
endloop
endfacet
facet normal -0.8606408302847074 -0.5092124912517854 0
outer loop
vertex 2.4111000000000002 3.5946000000000002 7.0002
vertex 2.5069500000000002 3.4326000000000003 3.00015
vertex 2.5069500000000002 3.4326000000000003 7.0002
endloop
endfacet
facet normal -0.8910577268238652 -0.45388999489687565 0
outer loop
vertex 2.4111000000000002 3.5946000000000002 7.0002
vertex 2.3256 3.7624500000000003 7.0002
vertex 2.3256 3.7624500000000003 3.00015
endloop
endfacet
facet normal -0.8910577268238652 -0.45388999489687565 0
outer loop
vertex 2.4111000000000002 3.5946000000000002 7.0002
vertex 2.3256 3.7624500000000003 3.00015
vertex 2.4111000000000002 3.5946000000000002 3.00015
endloop
endfacet
facet normal -0.7901251399023604 -0.6129455630757722 0
outer loop
vertex 2.7283500000000003 3.1279500000000002 7.0002
vertex 2.61315 3.27645 7.0002
vertex 2.61315 3.27645 3.00015
endloop
endfacet
facet normal -0.7901251399023604 -0.6129455630757722 0
outer loop
vertex 2.7283500000000003 3.1279500000000002 7.0002
vertex 2.61315 3.27645 3.00015
vertex 2.7283500000000003 3.1279500000000002 3.00015
endloop
endfacet
facet normal -0.7509499309463449 -0.6603591456258329 0
outer loop
vertex 2.7283500000000003 3.1279500000000002 7.0002
vertex 2.7283500000000003 3.1279500000000002 3.00015
vertex 2.853 2.9862 3.00015
endloop
endfacet
facet normal -0.7509499309463449 -0.6603591456258329 0
outer loop
vertex 2.7283500000000003 3.1279500000000002 7.0002
vertex 2.853 2.9862 3.00015
vertex 2.853 2.9862 7.0002
endloop
endfacet
facet normal -0.5092124912517854 -0.8606408302847074 0
outer loop
vertex 3.5946000000000002 2.4111000000000002 7.0002
vertex 3.4326000000000003 2.5069500000000002 7.0002
vertex 3.4326000000000003 2.5069500000000002 3.00015
endloop
endfacet
facet normal -0.5092124912517854 -0.8606408302847074 0
outer loop
vertex 3.5946000000000002 2.4111000000000002 7.0002
vertex 3.4326000000000003 2.5069500000000002 3.00015
vertex 3.5946000000000002 2.4111000000000002 3.00015
endloop
endfacet
facet normal 0.8612588160650119 0.5081665590633586 0
outer loop
vertex 81.58905000000001 40.40505 3.00015
vertex 81.4932 40.5675 3.00015
vertex 81.4932 40.5675 7.0002
endloop
endfacet
facet normal 0.8612588160650119 0.5081665590633586 0
outer loop
vertex 81.58905000000001 40.40505 3.00015
vertex 81.4932 40.5675 7.0002
vertex 81.58905000000001 40.40505 7.0002
endloop
endfacet
facet normal 0.8910577268238754 0.453889994896856 0
outer loop
vertex 81.58905000000001 40.40505 3.00015
vertex 81.58905000000001 40.40505 7.0002
vertex 81.67455000000001 40.2372 7.0002
endloop
endfacet
facet normal 0.8910577268238754 0.453889994896856 0
outer loop
vertex 81.58905000000001 40.40505 3.00015
vertex 81.67455000000001 40.2372 7.0002
vertex 81.67455000000001 40.2372 3.00015
endloop
endfacet
facet normal 0.7499075469419517 0.6615426449137686 0
outer loop
vertex 81.27135000000001 40.872150000000005 3.00015
vertex 81.14670000000001 41.013450000000006 3.00015
vertex 81.14670000000001 41.013450000000006 7.0002
endloop
endfacet
facet normal 0.7499075469419517 0.6615426449137686 0
outer loop
vertex 81.27135000000001 40.872150000000005 3.00015
vertex 81.14670000000001 41.013450000000006 7.0002
vertex 81.27135000000001 40.872150000000005 7.0002
endloop
endfacet
facet normal 0.7898659134729332 0.6132795763218997 0
outer loop
vertex 81.27135000000001 40.872150000000005 3.00015
vertex 81.27135000000001 40.872150000000005 7.0002
vertex 81.38700000000001 40.723200000000006 7.0002
endloop
endfacet
facet normal 0.7898659134729332 0.6132795763218997 0
outer loop
vertex 81.27135000000001 40.872150000000005 3.00015
vertex 81.38700000000001 40.723200000000006 7.0002
vertex 81.38700000000001 40.723200000000006 3.00015
endloop
endfacet
facet normal -0.45388999489687565 -0.8910577268238652 0
outer loop
vertex 3.7624500000000003 2.3256 7.0002
vertex 3.5946000000000002 2.4111000000000002 7.0002
vertex 3.5946000000000002 2.4111000000000002 3.00015
endloop
endfacet
facet normal -0.45388999489687565 -0.8910577268238652 0
outer loop
vertex 3.7624500000000003 2.3256 7.0002
vertex 3.5946000000000002 2.4111000000000002 3.00015
vertex 3.7624500000000003 2.3256 3.00015
endloop
endfacet
facet normal -0.39794177300320194 -0.9174106742888204 0
outer loop
vertex 3.7624500000000003 2.3256 7.0002
vertex 3.7624500000000003 2.3256 3.00015
vertex 3.9357 2.2504500000000003 3.00015
endloop
endfacet
facet normal -0.39794177300320194 -0.9174106742888204 0
outer loop
vertex 3.7624500000000003 2.3256 7.0002
vertex 3.9357 2.2504500000000003 3.00015
vertex 3.9357 2.2504500000000003 7.0002
endloop
endfacet
facet normal 0 -1 0
outer loop
vertex 7.0398000000000005 39.96 7.0002
vertex 7.0398000000000005 39.96 3.00015
vertex 76.9599 39.96 3.00015
endloop
endfacet
facet normal 0 -1 0
outer loop
vertex 7.0398000000000005 39.96 7.0002
vertex 76.9599 39.96 3.00015
vertex 76.9599 39.96 7.0002
endloop
endfacet
facet normal -1 0 0
outer loop
vertex 79.96005000000001 36.95985 7.0002
vertex 79.96005000000001 36.95985 3.00015
vertex 79.96005000000001 7.0398000000000005 3.00015
endloop
endfacet
facet normal -1 0 0
outer loop
vertex 79.96005000000001 36.95985 7.0002
vertex 79.96005000000001 7.0398000000000005 3.00015
vertex 79.96005000000001 7.0398000000000005 7.0002
endloop
endfacet
facet normal 0 1 0
outer loop
vertex 7.0398000000000005 4.040100000000001 7.0002
vertex 76.9599 4.040100000000001 7.0002
vertex 76.9599 4.040100000000001 3.00015
endloop
endfacet
facet normal 0 1 0
outer loop
vertex 7.0398000000000005 4.040100000000001 7.0002
vertex 76.9599 4.040100000000001 3.00015
vertex 7.0398000000000005 4.040100000000001 3.00015
endloop
endfacet
facet normal 1 0 0
outer loop
vertex 4.040100000000001 36.95985 7.0002
vertex 4.040100000000001 7.0398000000000005 7.0002
vertex 4.040100000000001 7.0398000000000005 3.00015
endloop
endfacet
facet normal 1 0 0
outer loop
vertex 4.040100000000001 36.95985 7.0002
vertex 4.040100000000001 7.0398000000000005 3.00015
vertex 4.040100000000001 36.95985 3.00015
endloop
endfacet
facet normal 0.9995167306692426 0.03108544856148205 0
outer loop
vertex 4.040100000000001 7.0398000000000005 3.00015
vertex 4.040100000000001 7.0398000000000005 7.0002
vertex 4.04595 6.851700000000001 7.0002
endloop
endfacet
facet normal 0.9995167306692426 0.03108544856148205 0
outer loop
vertex 4.040100000000001 7.0398000000000005 3.00015
vertex 4.04595 6.851700000000001 7.0002
vertex 4.04595 6.851700000000001 3.00015
endloop
endfacet
facet normal -0.03101133038036107 -0.9995190330294067 0
outer loop
vertex 77.14845000000001 39.954150000000006 7.0002
vertex 76.9599 39.96 7.0002
vertex 76.9599 39.96 3.00015
endloop
endfacet
facet normal -0.03101133038036107 -0.9995190330294067 0
outer loop
vertex 77.14845000000001 39.954150000000006 7.0002
vertex 76.9599 39.96 3.00015
vertex 77.14845000000001 39.954150000000006 3.00015
endloop
endfacet
facet normal 0.1551047627583568 -0.9878980274146082 0
outer loop
vertex 6.47775 39.9069 7.0002
vertex 6.47775 39.9069 3.00015
vertex 6.6640500000000005 39.936150000000005 3.00015
endloop
endfacet
facet normal 0.1551047627583568 -0.9878980274146082 0
outer loop
vertex 6.47775 39.9069 7.0002
vertex 6.6640500000000005 39.936150000000005 3.00015
vertex 6.6640500000000005 39.936150000000005 7.0002
endloop
endfacet
facet normal 0.9995190330294059 -0.031011330380385754 0
outer loop
vertex 4.040100000000001 36.95985 7.0002
vertex 4.040100000000001 36.95985 3.00015
vertex 4.04595 37.1484 3.00015
endloop
endfacet
facet normal 0.9995190330294059 -0.031011330380385754 0
outer loop
vertex 4.040100000000001 36.95985 7.0002
vertex 4.04595 37.1484 3.00015
vertex 4.04595 37.1484 7.0002
endloop
endfacet
facet normal 0.987529784760243 -0.1574322845269932 0
outer loop
vertex 4.0932 37.52235 3.00015
vertex 4.0932 37.52235 7.0002
vertex 4.0635 37.33605 7.0002
endloop
endfacet
facet normal 0.987529784760243 -0.1574322845269932 0
outer loop
vertex 4.0932 37.52235 3.00015
vertex 4.0635 37.33605 7.0002
vertex 4.0635 37.33605 3.00015
endloop
endfacet
facet normal 0.9956550038083056 -0.09311881330581356 0
outer loop
vertex 4.0635 37.33605 7.0002
vertex 4.04595 37.1484 7.0002
vertex 4.04595 37.1484 3.00015
endloop
endfacet
facet normal 0.9956550038083056 -0.09311881330581356 0
outer loop
vertex 4.0635 37.33605 7.0002
vertex 4.04595 37.1484 3.00015
vertex 4.0635 37.33605 3.00015
endloop
endfacet
facet normal 0.9407655971494367 -0.33905765176450997 0
outer loop
vertex 4.186800000000001 37.88685 3.00015
vertex 4.2507 38.064150000000005 3.00015
vertex 4.2507 38.064150000000005 7.0002
endloop
endfacet
facet normal 0.9407655971494367 -0.33905765176450997 0
outer loop
vertex 4.186800000000001 37.88685 3.00015
vertex 4.2507 38.064150000000005 7.0002
vertex 4.186800000000001 37.88685 7.0002
endloop
endfacet
facet normal 0.9760179032069386 -0.2176902676270375 0
outer loop
vertex 4.13415 37.70595 7.0002
vertex 4.0932 37.52235 7.0002
vertex 4.0932 37.52235 3.00015
endloop
endfacet
facet normal 0.9760179032069386 -0.2176902676270375 0
outer loop
vertex 4.13415 37.70595 7.0002
vertex 4.0932 37.52235 3.00015
vertex 4.13415 37.70595 3.00015
endloop
endfacet
facet normal 0.9601603466916544 -0.2794496531416031 0
outer loop
vertex 4.186800000000001 37.88685 3.00015
vertex 4.186800000000001 37.88685 7.0002
vertex 4.13415 37.70595 7.0002
endloop
endfacet
facet normal 0.9601603466916544 -0.2794496531416031 0
outer loop
vertex 4.186800000000001 37.88685 3.00015
vertex 4.13415 37.70595 7.0002
vertex 4.13415 37.70595 3.00015
endloop
endfacet
facet normal 0.21769026762701396 -0.9760179032069436 0
outer loop
vertex 6.294150000000001 39.865950000000005 3.00015
vertex 6.47775 39.9069 3.00015
vertex 6.47775 39.9069 7.0002
endloop
endfacet
facet normal 0.21769026762701396 -0.9760179032069436 0
outer loop
vertex 6.294150000000001 39.865950000000005 3.00015
vertex 6.47775 39.9069 7.0002
vertex 6.294150000000001 39.865950000000005 7.0002
endloop
endfacet
facet normal -0.09548497565880157 -0.9954308712429196 0
outer loop
vertex 77.3361 39.936150000000005 7.0002
vertex 77.14845000000001 39.954150000000006 7.0002
vertex 77.14845000000001 39.954150000000006 3.00015
endloop
endfacet
facet normal -0.09548497565880157 -0.9954308712429196 0
outer loop
vertex 77.3361 39.936150000000005 7.0002
vertex 77.14845000000001 39.954150000000006 3.00015
vertex 77.3361 39.936150000000005 3.00015
endloop
endfacet
facet normal 0.9956550038083057 0.09311881330581226 0
outer loop
vertex 4.0635 6.6640500000000005 3.00015
vertex 4.04595 6.851700000000001 3.00015
vertex 4.04595 6.851700000000001 7.0002
endloop
endfacet
facet normal 0.9956550038083057 0.09311881330581226 0
outer loop
vertex 4.0635 6.6640500000000005 3.00015
vertex 4.04595 6.851700000000001 7.0002
vertex 4.0635 6.6640500000000005 7.0002
endloop
endfacet
facet normal 0.09548497565879664 -0.9954308712429201 0
outer loop
vertex 6.6640500000000005 39.936150000000005 7.0002
vertex 6.6640500000000005 39.936150000000005 3.00015
vertex 6.851700000000001 39.954150000000006 3.00015
endloop
endfacet
facet normal 0.09548497565879664 -0.9954308712429201 0
outer loop
vertex 6.6640500000000005 39.936150000000005 7.0002
vertex 6.851700000000001 39.954150000000006 3.00015
vertex 6.851700000000001 39.954150000000006 7.0002
endloop
endfacet
facet normal 0.03108544856145848 -0.9995167306692434 0
outer loop
vertex 6.851700000000001 39.954150000000006 3.00015
vertex 7.0398000000000005 39.96 3.00015
vertex 7.0398000000000005 39.96 7.0002
endloop
endfacet
facet normal 0.03108544856145848 -0.9995167306692434 0
outer loop
vertex 6.851700000000001 39.954150000000006 3.00015
vertex 7.0398000000000005 39.96 7.0002
vertex 6.851700000000001 39.954150000000006 7.0002
endloop
endfacet
facet normal 0.9182792357587101 -0.3959333847686999 0
outer loop
vertex 4.2507 38.064150000000005 7.0002
vertex 4.2507 38.064150000000005 3.00015
vertex 4.3254 38.2374 3.00015
endloop
endfacet
facet normal 0.9182792357587101 -0.3959333847686999 0
outer loop
vertex 4.2507 38.064150000000005 7.0002
vertex 4.3254 38.2374 3.00015
vertex 4.3254 38.2374 7.0002
endloop
endfacet
facet normal 0.7071067811865333 -0.7071067811865616 0
outer loop
vertex 4.85325 39.013650000000005 7.0002
vertex 4.85325 39.013650000000005 3.00015
vertex 4.9864500000000005 39.14685 3.00015
endloop
endfacet
facet normal 0.7071067811865333 -0.7071067811865616 0
outer loop
vertex 4.85325 39.013650000000005 7.0002
vertex 4.9864500000000005 39.14685 3.00015
vertex 4.9864500000000005 39.14685 7.0002
endloop
endfacet
facet normal 0.27881019486395453 -0.9603462267536244 0
outer loop
vertex 6.112800000000001 39.813300000000005 3.00015
vertex 6.294150000000001 39.865950000000005 3.00015
vertex 6.294150000000001 39.865950000000005 7.0002
endloop
endfacet
facet normal 0.27881019486395453 -0.9603462267536244 0
outer loop
vertex 6.112800000000001 39.813300000000005 3.00015
vertex 6.294150000000001 39.865950000000005 7.0002
vertex 6.112800000000001 39.813300000000005 7.0002
endloop
endfacet
facet normal 0.3390576517645338 -0.940765597149428 0
outer loop
vertex 5.9355 39.7494 7.0002
vertex 5.9355 39.7494 3.00015
vertex 6.112800000000001 39.813300000000005 3.00015
endloop
endfacet
facet normal 0.3390576517645338 -0.940765597149428 0
outer loop
vertex 5.9355 39.7494 7.0002
vertex 6.112800000000001 39.813300000000005 3.00015
vertex 6.112800000000001 39.813300000000005 7.0002
endloop
endfacet
facet normal -0.9995190330294067 -0.03101133038036224 0
outer loop
vertex 79.95420000000001 37.1484 3.00015
vertex 79.96005000000001 36.95985 3.00015
vertex 79.96005000000001 36.95985 7.0002
endloop
endfacet
facet normal -0.9995190330294067 -0.03101133038036224 0
outer loop
vertex 79.95420000000001 37.1484 3.00015
vertex 79.96005000000001 36.95985 7.0002
vertex 79.95420000000001 37.1484 7.0002
endloop
endfacet
facet normal -0.15547125209519239 -0.9878404171585374 0
outer loop
vertex 77.3361 39.936150000000005 7.0002
vertex 77.3361 39.936150000000005 3.00015
vertex 77.52195 39.9069 3.00015
endloop
endfacet
facet normal -0.15547125209519239 -0.9878404171585374 0
outer loop
vertex 77.3361 39.936150000000005 7.0002
vertex 77.52195 39.9069 3.00015
vertex 77.52195 39.9069 7.0002
endloop
endfacet
facet normal -0.33905765176453084 -0.9407655971494292 0
outer loop
vertex 78.06420000000001 39.7494 3.00015
vertex 78.06420000000001 39.7494 7.0002
vertex 77.88690000000001 39.813300000000005 7.0002
endloop
endfacet
facet normal -0.33905765176453084 -0.9407655971494292 0
outer loop
vertex 78.06420000000001 39.7494 3.00015
vertex 77.88690000000001 39.813300000000005 7.0002
vertex 77.88690000000001 39.813300000000005 3.00015
endloop
endfacet
facet normal -0.3959333847686999 -0.9182792357587101 0
outer loop
vertex 78.23745000000001 39.6747 7.0002
vertex 78.06420000000001 39.7494 7.0002
vertex 78.06420000000001 39.7494 3.00015
endloop
endfacet
facet normal -0.3959333847686999 -0.9182792357587101 0
outer loop
vertex 78.23745000000001 39.6747 7.0002
vertex 78.06420000000001 39.7494 3.00015
vertex 78.23745000000001 39.6747 3.00015
endloop
endfacet
facet normal -0.6615426449137686 -0.7499075469419517 0
outer loop
vertex 78.87240000000001 39.2715 7.0002
vertex 78.87240000000001 39.2715 3.00015
vertex 79.01370000000001 39.14685 3.00015
endloop
endfacet
facet normal -0.6615426449137686 -0.7499075469419517 0
outer loop
vertex 78.87240000000001 39.2715 7.0002
vertex 79.01370000000001 39.14685 3.00015
vertex 79.01370000000001 39.14685 7.0002
endloop
endfacet
facet normal -0.7071067811865663 -0.7071067811865286 0
outer loop
vertex 79.01370000000001 39.14685 3.00015
vertex 79.1469 39.013650000000005 3.00015
vertex 79.1469 39.013650000000005 7.0002
endloop
endfacet
facet normal -0.7071067811865663 -0.7071067811865286 0
outer loop
vertex 79.01370000000001 39.14685 3.00015
vertex 79.1469 39.013650000000005 7.0002
vertex 79.01370000000001 39.14685 7.0002
endloop
endfacet
facet normal -0.8272376580486931 0.5618521665937698 0
outer loop
vertex 79.3872 5.276700000000001 7.0002
vertex 79.49295000000001 5.4324 7.0002
vertex 79.49295000000001 5.4324 3.00015
endloop
endfacet
facet normal -0.8272376580486931 0.5618521665937698 0
outer loop
vertex 79.3872 5.276700000000001 7.0002
vertex 79.49295000000001 5.4324 3.00015
vertex 79.3872 5.276700000000001 3.00015
endloop
endfacet
facet normal -0.9878980274146082 0.1551047627583568 0
outer loop
vertex 79.90695000000001 6.47775 3.00015
vertex 79.90695000000001 6.47775 7.0002
vertex 79.93620000000001 6.6640500000000005 7.0002
endloop
endfacet
facet normal -0.9878980274146082 0.1551047627583568 0
outer loop
vertex 79.90695000000001 6.47775 3.00015
vertex 79.93620000000001 6.6640500000000005 7.0002
vertex 79.93620000000001 6.6640500000000005 3.00015
endloop
endfacet
facet normal -0.15780399519779417 0.9874704547983271 0
outer loop
vertex 77.52195 4.0932 3.00015
vertex 77.3361 4.0635 3.00015
vertex 77.3361 4.0635 7.0002
endloop
endfacet
facet normal -0.15780399519779417 0.9874704547983271 0
outer loop
vertex 77.52195 4.0932 3.00015
vertex 77.3361 4.0635 7.0002
vertex 77.52195 4.0932 7.0002
endloop
endfacet
facet normal -0.09311881330581706 0.9956550038083052 0
outer loop
vertex 77.3361 4.0635 7.0002
vertex 77.3361 4.0635 3.00015
vertex 77.14845000000001 4.04595 3.00015
endloop
endfacet
facet normal -0.09311881330581706 0.9956550038083052 0
outer loop
vertex 77.3361 4.0635 7.0002
vertex 77.14845000000001 4.04595 3.00015
vertex 77.14845000000001 4.04595 7.0002
endloop
endfacet
facet normal -0.03101133038038459 0.999519033029406 0
outer loop
vertex 77.14845000000001 4.04595 3.00015
vertex 76.9599 4.040100000000001 3.00015
vertex 76.9599 4.040100000000001 7.0002
endloop
endfacet
facet normal -0.03101133038038459 0.999519033029406 0
outer loop
vertex 77.14845000000001 4.04595 3.00015
vertex 76.9599 4.040100000000001 7.0002
vertex 77.14845000000001 4.04595 7.0002
endloop
endfacet
facet normal -0.33905765176450997 0.9407655971494367 0
outer loop
vertex 78.06420000000001 4.2507 3.00015
vertex 77.88690000000001 4.186800000000001 3.00015
vertex 77.88690000000001 4.186800000000001 7.0002
endloop
endfacet
facet normal -0.33905765176450997 0.9407655971494367 0
outer loop
vertex 78.06420000000001 4.2507 3.00015
vertex 77.88690000000001 4.186800000000001 7.0002
vertex 78.06420000000001 4.2507 7.0002
endloop
endfacet
facet normal -0.6615426449137606 0.7499075469419587 0
outer loop
vertex 78.87240000000001 4.7286 3.00015
vertex 78.87240000000001 4.7286 7.0002
vertex 79.01370000000001 4.85325 7.0002
endloop
endfacet
facet normal -0.6615426449137606 0.7499075469419587 0
outer loop
vertex 78.87240000000001 4.7286 3.00015
vertex 79.01370000000001 4.85325 7.0002
vertex 79.01370000000001 4.85325 3.00015
endloop
endfacet
facet normal -0.7071067811865807 0.7071067811865146 0
outer loop
vertex 79.01370000000001 4.85325 7.0002
vertex 79.1469 4.9864500000000005 7.0002
vertex 79.1469 4.9864500000000005 3.00015
endloop
endfacet
facet normal -0.7071067811865807 0.7071067811865146 0
outer loop
vertex 79.01370000000001 4.85325 7.0002
vertex 79.1469 4.9864500000000005 3.00015
vertex 79.01370000000001 4.85325 3.00015
endloop
endfacet
facet normal 0.7071067811865475 0.7071067811865475 0
outer loop
vertex 4.85325 4.9864500000000005 7.0002
vertex 4.9864500000000005 4.85325 7.0002
vertex 4.9864500000000005 4.85325 3.00015
endloop
endfacet
facet normal 0.7071067811865475 0.7071067811865475 0
outer loop
vertex 4.85325 4.9864500000000005 7.0002
vertex 4.9864500000000005 4.85325 3.00015
vertex 4.85325 4.9864500000000005 3.00015
endloop
endfacet
facet normal 0.03108544856148205 0.9995167306692426 0
outer loop
vertex 7.0398000000000005 4.040100000000001 7.0002
vertex 7.0398000000000005 4.040100000000001 3.00015
vertex 6.851700000000001 4.04595 3.00015
endloop
endfacet
facet normal 0.03108544856148205 0.9995167306692426 0
outer loop
vertex 7.0398000000000005 4.040100000000001 7.0002
vertex 6.851700000000001 4.04595 3.00015
vertex 6.851700000000001 4.04595 7.0002
endloop
endfacet
facet normal 0.8910577268238657 -0.45388999489687465 0
outer loop
vertex 4.3254 38.2374 7.0002
vertex 4.3254 38.2374 3.00015
vertex 4.410900000000001 38.40525 3.00015
endloop
endfacet
facet normal 0.8910577268238657 -0.45388999489687465 0
outer loop
vertex 4.3254 38.2374 7.0002
vertex 4.410900000000001 38.40525 3.00015
vertex 4.410900000000001 38.40525 7.0002
endloop
endfacet
facet normal 0.8602141108566302 -0.5099330186241495 0
outer loop
vertex 4.410900000000001 38.40525 3.00015
vertex 4.5072 38.5677 3.00015
vertex 4.5072 38.5677 7.0002
endloop
endfacet
facet normal 0.8602141108566302 -0.5099330186241495 0
outer loop
vertex 4.410900000000001 38.40525 3.00015
vertex 4.5072 38.5677 7.0002
vertex 4.410900000000001 38.40525 7.0002
endloop
endfacet
facet normal 0.4557836539979665 -0.8900905913154357 0
outer loop
vertex 5.59485 39.588750000000005 7.0002
vertex 5.59485 39.588750000000005 3.00015
vertex 5.762700000000001 39.6747 3.00015
endloop
endfacet
facet normal 0.4557836539979665 -0.8900905913154357 0
outer loop
vertex 5.59485 39.588750000000005 7.0002
vertex 5.762700000000001 39.6747 3.00015
vertex 5.762700000000001 39.6747 7.0002
endloop
endfacet
facet normal 0.396802293882158 -0.9179041015105323 0
outer loop
vertex 5.762700000000001 39.6747 3.00015
vertex 5.9355 39.7494 3.00015
vertex 5.9355 39.7494 7.0002
endloop
endfacet
facet normal 0.396802293882158 -0.9179041015105323 0
outer loop
vertex 5.762700000000001 39.6747 3.00015
vertex 5.9355 39.7494 7.0002
vertex 5.762700000000001 39.6747 7.0002
endloop
endfacet
facet normal 0.8272376580486993 -0.5618521665937611 0
outer loop
vertex 4.6129500000000005 38.723400000000005 7.0002
vertex 4.5072 38.5677 7.0002
vertex 4.5072 38.5677 3.00015
endloop
endfacet
facet normal 0.8272376580486993 -0.5618521665937611 0
outer loop
vertex 4.6129500000000005 38.723400000000005 7.0002
vertex 4.5072 38.5677 3.00015
vertex 4.6129500000000005 38.723400000000005 3.00015
endloop
endfacet
facet normal 0.78986591347294 -0.6132795763218908 0
outer loop
vertex 4.6129500000000005 38.723400000000005 7.0002
vertex 4.6129500000000005 38.723400000000005 3.00015
vertex 4.7286 38.872350000000004 3.00015
endloop
endfacet
facet normal 0.78986591347294 -0.6132795763218908 0
outer loop
vertex 4.6129500000000005 38.723400000000005 7.0002
vertex 4.7286 38.872350000000004 3.00015
vertex 4.7286 38.872350000000004 7.0002
endloop
endfacet
facet normal 0.7499075469419587 -0.6615426449137606 0
outer loop
vertex 4.7286 38.872350000000004 3.00015
vertex 4.85325 39.013650000000005 3.00015
vertex 4.85325 39.013650000000005 7.0002
endloop
endfacet
facet normal 0.7499075469419587 -0.6615426449137606 0
outer loop
vertex 4.7286 38.872350000000004 3.00015
vertex 4.85325 39.013650000000005 7.0002
vertex 4.7286 38.872350000000004 7.0002
endloop
endfacet
facet normal 0.661542644913771 -0.7499075469419497 0
outer loop
vertex 4.9864500000000005 39.14685 7.0002
vertex 4.9864500000000005 39.14685 3.00015
vertex 5.127750000000001 39.2715 3.00015
endloop
endfacet
facet normal 0.661542644913771 -0.7499075469419497 0
outer loop
vertex 4.9864500000000005 39.14685 7.0002
vertex 5.127750000000001 39.2715 3.00015
vertex 5.127750000000001 39.2715 7.0002
endloop
endfacet
facet normal 0.6132795763218974 -0.789865913472935 0
outer loop
vertex 5.127750000000001 39.2715 3.00015
vertex 5.276700000000001 39.387150000000005 3.00015
vertex 5.276700000000001 39.387150000000005 7.0002
endloop
endfacet
facet normal 0.6132795763218974 -0.789865913472935 0
outer loop
vertex 5.127750000000001 39.2715 3.00015
vertex 5.276700000000001 39.387150000000005 7.0002
vertex 5.127750000000001 39.2715 7.0002
endloop
endfacet
facet normal -0.9954308712429202 -0.095484975658798 0
outer loop
vertex 79.95420000000001 37.1484 3.00015
vertex 79.95420000000001 37.1484 7.0002
vertex 79.93620000000001 37.33605 7.0002
endloop
endfacet
facet normal -0.9954308712429202 -0.095484975658798 0
outer loop
vertex 79.95420000000001 37.1484 3.00015
vertex 79.93620000000001 37.33605 7.0002
vertex 79.93620000000001 37.33605 3.00015
endloop
endfacet
facet normal -0.4557836539979645 -0.8900905913154366 0
outer loop
vertex 78.40530000000001 39.588750000000005 7.0002
vertex 78.23745000000001 39.6747 7.0002
vertex 78.23745000000001 39.6747 3.00015
endloop
endfacet
facet normal -0.4557836539979645 -0.8900905913154366 0
outer loop
vertex 78.40530000000001 39.588750000000005 7.0002
vertex 78.23745000000001 39.6747 3.00015
vertex 78.40530000000001 39.588750000000005 3.00015
endloop
endfacet
facet normal -0.5092124912517988 -0.8606408302846995 0
outer loop
vertex 78.5673 39.492900000000006 3.00015
vertex 78.5673 39.492900000000006 7.0002
vertex 78.40530000000001 39.588750000000005 7.0002
endloop
endfacet
facet normal -0.5092124912517988 -0.8606408302846995 0
outer loop
vertex 78.5673 39.492900000000006 3.00015
vertex 78.40530000000001 39.588750000000005 7.0002
vertex 78.40530000000001 39.588750000000005 3.00015
endloop
endfacet
facet normal -0.6132795763218997 -0.7898659134729332 0
outer loop
vertex 78.87240000000001 39.2715 3.00015
vertex 78.87240000000001 39.2715 7.0002
vertex 78.72345000000001 39.387150000000005 7.0002
endloop
endfacet
facet normal -0.6132795763218997 -0.7898659134729332 0
outer loop
vertex 78.87240000000001 39.2715 3.00015
vertex 78.72345000000001 39.387150000000005 7.0002
vertex 78.72345000000001 39.387150000000005 3.00015
endloop
endfacet
facet normal -0.5607426194972001 -0.8279901658108134 0
outer loop
vertex 78.72345000000001 39.387150000000005 7.0002
vertex 78.5673 39.492900000000006 7.0002
vertex 78.5673 39.492900000000006 3.00015
endloop
endfacet
facet normal -0.5607426194972001 -0.8279901658108134 0
outer loop
vertex 78.72345000000001 39.387150000000005 7.0002
vertex 78.5673 39.492900000000006 3.00015
vertex 78.72345000000001 39.387150000000005 3.00015
endloop
endfacet
facet normal -0.789865913472935 0.6132795763218974 0
outer loop
vertex 79.27155 5.127750000000001 7.0002
vertex 79.3872 5.276700000000001 7.0002
vertex 79.3872 5.276700000000001 3.00015
endloop
endfacet
facet normal -0.789865913472935 0.6132795763218974 0
outer loop
vertex 79.27155 5.127750000000001 7.0002
vertex 79.3872 5.276700000000001 3.00015
vertex 79.27155 5.127750000000001 3.00015
endloop
endfacet
facet normal -0.7499075469419497 0.661542644913771 0
outer loop
vertex 79.1469 4.9864500000000005 3.00015
vertex 79.1469 4.9864500000000005 7.0002
vertex 79.27155 5.127750000000001 7.0002
endloop
endfacet
facet normal -0.7499075469419497 0.661542644913771 0
outer loop
vertex 79.1469 4.9864500000000005 3.00015
vertex 79.27155 5.127750000000001 7.0002
vertex 79.27155 5.127750000000001 3.00015
endloop
endfacet
facet normal -0.9954308712429201 0.09548497565879664 0
outer loop
vertex 79.93620000000001 6.6640500000000005 3.00015
vertex 79.93620000000001 6.6640500000000005 7.0002
vertex 79.95420000000001 6.851700000000001 7.0002
endloop
endfacet
facet normal -0.9954308712429201 0.09548497565879664 0
outer loop
vertex 79.93620000000001 6.6640500000000005 3.00015
vertex 79.95420000000001 6.851700000000001 7.0002
vertex 79.95420000000001 6.851700000000001 3.00015
endloop
endfacet
facet normal -0.9995167306692434 0.03108544856145848 0
outer loop
vertex 79.95420000000001 6.851700000000001 7.0002
vertex 79.96005000000001 7.0398000000000005 7.0002
vertex 79.96005000000001 7.0398000000000005 3.00015
endloop
endfacet
facet normal -0.9995167306692434 0.03108544856145848 0
outer loop
vertex 79.95420000000001 6.851700000000001 7.0002
vertex 79.96005000000001 7.0398000000000005 3.00015
vertex 79.95420000000001 6.851700000000001 3.00015
endloop
endfacet
facet normal -0.9170320854123042 0.3988134329788309 0
outer loop
vertex 79.74945000000001 5.9355 7.0002
vertex 79.74945000000001 5.9355 3.00015
vertex 79.6743 5.762700000000001 3.00015
endloop
endfacet
facet normal -0.9170320854123042 0.3988134329788309 0
outer loop
vertex 79.74945000000001 5.9355 7.0002
vertex 79.6743 5.762700000000001 3.00015
vertex 79.6743 5.762700000000001 7.0002
endloop
endfacet
facet normal -0.8910577268238743 0.45388999489685783 0
outer loop
vertex 79.5888 5.59485 7.0002
vertex 79.6743 5.762700000000001 7.0002
vertex 79.6743 5.762700000000001 3.00015
endloop
endfacet
facet normal -0.8910577268238743 0.45388999489685783 0
outer loop
vertex 79.5888 5.59485 7.0002
vertex 79.6743 5.762700000000001 3.00015
vertex 79.5888 5.59485 3.00015
endloop
endfacet
facet normal -0.861258816065045 0.5081665590633027 0
outer loop
vertex 79.49295000000001 5.4324 3.00015
vertex 79.49295000000001 5.4324 7.0002
vertex 79.5888 5.59485 7.0002
endloop
endfacet
facet normal -0.861258816065045 0.5081665590633027 0
outer loop
vertex 79.49295000000001 5.4324 3.00015
vertex 79.5888 5.59485 7.0002
vertex 79.5888 5.59485 3.00015
endloop
endfacet
facet normal -0.9755072416374763 0.21996731919274323 0
outer loop
vertex 79.86555000000001 6.294150000000001 7.0002
vertex 79.90695000000001 6.47775 7.0002
vertex 79.90695000000001 6.47775 3.00015
endloop
endfacet
facet normal -0.9755072416374763 0.21996731919274323 0
outer loop
vertex 79.86555000000001 6.294150000000001 7.0002
vertex 79.90695000000001 6.47775 3.00015
vertex 79.86555000000001 6.294150000000001 3.00015
endloop
endfacet
facet normal -0.9609821878768916 0.2766102575526489 0
outer loop
vertex 79.86555000000001 6.294150000000001 7.0002
vertex 79.86555000000001 6.294150000000001 3.00015
vertex 79.81335000000001 6.112800000000001 3.00015
endloop
endfacet
facet normal -0.9609821878768916 0.2766102575526489 0
outer loop
vertex 79.86555000000001 6.294150000000001 7.0002
vertex 79.81335000000001 6.112800000000001 3.00015
vertex 79.81335000000001 6.112800000000001 7.0002
endloop
endfacet
facet normal -0.940765597149428 0.3390576517645338 0
outer loop
vertex 79.81335000000001 6.112800000000001 3.00015
vertex 79.74945000000001 5.9355 3.00015
vertex 79.74945000000001 5.9355 7.0002
endloop
endfacet
facet normal -0.940765597149428 0.3390576517645338 0
outer loop
vertex 79.81335000000001 6.112800000000001 3.00015
vertex 79.74945000000001 5.9355 7.0002
vertex 79.81335000000001 6.112800000000001 7.0002
endloop
endfacet
facet normal -0.5109800340762223 0.8595925806889347 0
outer loop
vertex 78.40530000000001 4.410900000000001 7.0002
vertex 78.5673 4.5072 7.0002
vertex 78.5673 4.5072 3.00015
endloop
endfacet
facet normal -0.5109800340762223 0.8595925806889347 0
outer loop
vertex 78.40530000000001 4.410900000000001 7.0002
vertex 78.5673 4.5072 3.00015
vertex 78.40530000000001 4.410900000000001 3.00015
endloop
endfacet
facet normal -0.5607426194972001 0.8279901658108134 0
outer loop
vertex 78.72345000000001 4.6129500000000005 3.00015
vertex 78.5673 4.5072 3.00015
vertex 78.5673 4.5072 7.0002
endloop
endfacet
facet normal -0.5607426194972001 0.8279901658108134 0
outer loop
vertex 78.72345000000001 4.6129500000000005 3.00015
vertex 78.5673 4.5072 7.0002
vertex 78.72345000000001 4.6129500000000005 7.0002
endloop
endfacet
facet normal -0.6132795763218908 0.78986591347294 0
outer loop
vertex 78.87240000000001 4.7286 7.0002
vertex 78.87240000000001 4.7286 3.00015
vertex 78.72345000000001 4.6129500000000005 3.00015
endloop
endfacet
facet normal -0.6132795763218908 0.78986591347294 0
outer loop
vertex 78.87240000000001 4.7286 7.0002
vertex 78.72345000000001 4.6129500000000005 3.00015
vertex 78.72345000000001 4.6129500000000005 7.0002
endloop
endfacet
facet normal 0.9760179032069387 0.21769026762703647 0
outer loop
vertex 4.0932 6.47775 7.0002
vertex 4.13415 6.294150000000001 7.0002
vertex 4.13415 6.294150000000001 3.00015
endloop
endfacet
facet normal 0.9760179032069387 0.21769026762703647 0
outer loop
vertex 4.0932 6.47775 7.0002
vertex 4.13415 6.294150000000001 3.00015
vertex 4.0932 6.47775 3.00015
endloop
endfacet
facet normal 0.9875297847602427 0.1574322845269954 0
outer loop
vertex 4.0635 6.6640500000000005 3.00015
vertex 4.0635 6.6640500000000005 7.0002
vertex 4.0932 6.47775 7.0002
endloop
endfacet
facet normal 0.9875297847602427 0.1574322845269954 0
outer loop
vertex 4.0635 6.6640500000000005 3.00015
vertex 4.0932 6.47775 7.0002
vertex 4.0932 6.47775 3.00015
endloop
endfacet
facet normal 0.9603462267536231 0.2788101948639589 0
outer loop
vertex 4.13415 6.294150000000001 3.00015
vertex 4.13415 6.294150000000001 7.0002
vertex 4.186800000000001 6.112800000000001 7.0002
endloop
endfacet
facet normal 0.9603462267536231 0.2788101948639589 0
outer loop
vertex 4.13415 6.294150000000001 3.00015
vertex 4.186800000000001 6.112800000000001 7.0002
vertex 4.186800000000001 6.112800000000001 3.00015
endloop
endfacet
facet normal 0.1574322845269954 0.9875297847602427 0
outer loop
vertex 6.47775 4.0932 3.00015
vertex 6.47775 4.0932 7.0002
vertex 6.6640500000000005 4.0635 7.0002
endloop
endfacet
facet normal 0.1574322845269954 0.9875297847602427 0
outer loop
vertex 6.47775 4.0932 3.00015
vertex 6.6640500000000005 4.0635 7.0002
vertex 6.6640500000000005 4.0635 3.00015
endloop
endfacet
facet normal 0.09311881330581226 0.9956550038083057 0
outer loop
vertex 6.6640500000000005 4.0635 7.0002
vertex 6.851700000000001 4.04595 7.0002
vertex 6.851700000000001 4.04595 3.00015
endloop
endfacet
facet normal 0.09311881330581226 0.9956550038083057 0
outer loop
vertex 6.6640500000000005 4.0635 7.0002
vertex 6.851700000000001 4.04595 3.00015
vertex 6.6640500000000005 4.0635 3.00015
endloop
endfacet
facet normal 0.339057651764513 0.9407655971494358 0
outer loop
vertex 6.112800000000001 4.186800000000001 3.00015
vertex 5.9355 4.2507 3.00015
vertex 5.9355 4.2507 7.0002
endloop
endfacet
facet normal 0.339057651764513 0.9407655971494358 0
outer loop
vertex 6.112800000000001 4.186800000000001 3.00015
vertex 5.9355 4.2507 7.0002
vertex 6.112800000000001 4.186800000000001 7.0002
endloop
endfacet
facet normal 0.21769026762703647 0.9760179032069387 0
outer loop
vertex 6.294150000000001 4.13415 7.0002
vertex 6.47775 4.0932 7.0002
vertex 6.47775 4.0932 3.00015
endloop
endfacet
facet normal 0.21769026762703647 0.9760179032069387 0
outer loop
vertex 6.294150000000001 4.13415 7.0002
vertex 6.47775 4.0932 3.00015
vertex 6.294150000000001 4.13415 3.00015
endloop
endfacet
facet normal 0.2788101948639589 0.9603462267536231 0
outer loop
vertex 6.112800000000001 4.186800000000001 3.00015
vertex 6.112800000000001 4.186800000000001 7.0002
vertex 6.294150000000001 4.13415 7.0002
endloop
endfacet
facet normal 0.2788101948639589 0.9603462267536231 0
outer loop
vertex 6.112800000000001 4.186800000000001 3.00015
vertex 6.294150000000001 4.13415 7.0002
vertex 6.294150000000001 4.13415 3.00015
endloop
endfacet
facet normal 0.661542644913763 0.7499075469419568 0
outer loop
vertex 5.127750000000001 4.7286 3.00015
vertex 4.9864500000000005 4.85325 3.00015
vertex 4.9864500000000005 4.85325 7.0002
endloop
endfacet
facet normal 0.661542644913763 0.7499075469419568 0
outer loop
vertex 5.127750000000001 4.7286 3.00015
vertex 4.9864500000000005 4.85325 7.0002
vertex 5.127750000000001 4.7286 7.0002
endloop
endfacet
facet normal 0.5618521665937698 0.8272376580486931 0
outer loop
vertex 5.276700000000001 4.6129500000000005 7.0002
vertex 5.4324 4.5072 7.0002
vertex 5.4324 4.5072 3.00015
endloop
endfacet
facet normal 0.5618521665937698 0.8272376580486931 0
outer loop
vertex 5.276700000000001 4.6129500000000005 7.0002
vertex 5.4324 4.5072 3.00015
vertex 5.276700000000001 4.6129500000000005 3.00015
endloop
endfacet
facet normal 0.6132795763218886 0.7898659134729418 0
outer loop
vertex 5.127750000000001 4.7286 3.00015
vertex 5.127750000000001 4.7286 7.0002
vertex 5.276700000000001 4.6129500000000005 7.0002
endloop
endfacet
facet normal 0.6132795763218886 0.7898659134729418 0
outer loop
vertex 5.127750000000001 4.7286 3.00015
vertex 5.276700000000001 4.6129500000000005 7.0002
vertex 5.276700000000001 4.6129500000000005 3.00015
endloop
endfacet
facet normal 0.5618521665937698 -0.8272376580486931 0
outer loop
vertex 5.4324 39.492900000000006 7.0002
vertex 5.276700000000001 39.387150000000005 7.0002
vertex 5.276700000000001 39.387150000000005 3.00015
endloop
endfacet
facet normal 0.5618521665937698 -0.8272376580486931 0
outer loop
vertex 5.4324 39.492900000000006 7.0002
vertex 5.276700000000001 39.387150000000005 3.00015
vertex 5.4324 39.492900000000006 3.00015
endloop
endfacet
facet normal 0.5081665590633027 -0.861258816065045 0
outer loop
vertex 5.59485 39.588750000000005 3.00015
vertex 5.59485 39.588750000000005 7.0002
vertex 5.4324 39.492900000000006 7.0002
endloop
endfacet
facet normal 0.5081665590633027 -0.861258816065045 0
outer loop
vertex 5.59485 39.588750000000005 3.00015
vertex 5.4324 39.492900000000006 7.0002
vertex 5.4324 39.492900000000006 3.00015
endloop
endfacet
facet normal -0.8910577268238754 -0.453889994896856 0
outer loop
vertex 79.5888 38.40525 7.0002
vertex 79.5888 38.40525 3.00015
vertex 79.6743 38.2374 3.00015
endloop
endfacet
facet normal -0.8910577268238754 -0.453889994896856 0
outer loop
vertex 79.5888 38.40525 7.0002
vertex 79.6743 38.2374 3.00015
vertex 79.6743 38.2374 7.0002
endloop
endfacet
facet normal -0.9174106742888015 -0.39794177300324524 0
outer loop
vertex 79.6743 38.2374 3.00015
vertex 79.74945000000001 38.064150000000005 3.00015
vertex 79.74945000000001 38.064150000000005 7.0002
endloop
endfacet
facet normal -0.9174106742888015 -0.39794177300324524 0
outer loop
vertex 79.6743 38.2374 3.00015
vertex 79.74945000000001 38.064150000000005 7.0002
vertex 79.6743 38.2374 7.0002
endloop
endfacet
facet normal -0.9878980274146085 -0.15510476275835464 0
outer loop
vertex 79.93620000000001 37.33605 3.00015
vertex 79.93620000000001 37.33605 7.0002
vertex 79.90695000000001 37.52235 7.0002
endloop
endfacet
facet normal -0.9878980274146085 -0.15510476275835464 0
outer loop
vertex 79.93620000000001 37.33605 3.00015
vertex 79.90695000000001 37.52235 7.0002
vertex 79.90695000000001 37.52235 3.00015
endloop
endfacet
facet normal -0.9755072416374762 -0.21996731919274426 0
outer loop
vertex 79.90695000000001 37.52235 7.0002
vertex 79.86555000000001 37.70595 7.0002
vertex 79.86555000000001 37.70595 3.00015
endloop
endfacet
facet normal -0.9755072416374762 -0.21996731919274426 0
outer loop
vertex 79.90695000000001 37.52235 7.0002
vertex 79.86555000000001 37.70595 3.00015
vertex 79.90695000000001 37.52235 3.00015
endloop
endfacet
facet normal -0.9407655971494292 -0.33905765176453084 0
outer loop
vertex 79.81335000000001 37.88685 7.0002
vertex 79.74945000000001 38.064150000000005 7.0002
vertex 79.74945000000001 38.064150000000005 3.00015
endloop
endfacet
facet normal -0.9407655971494292 -0.33905765176453084 0
outer loop
vertex 79.81335000000001 37.88685 7.0002
vertex 79.74945000000001 38.064150000000005 3.00015
vertex 79.81335000000001 37.88685 3.00015
endloop
endfacet
facet normal -0.9607991076018529 -0.2772455136363492 0
outer loop
vertex 79.86555000000001 37.70595 3.00015
vertex 79.86555000000001 37.70595 7.0002
vertex 79.81335000000001 37.88685 7.0002
endloop
endfacet
facet normal -0.9607991076018529 -0.2772455136363492 0
outer loop
vertex 79.86555000000001 37.70595 3.00015
vertex 79.81335000000001 37.88685 7.0002
vertex 79.81335000000001 37.88685 3.00015
endloop
endfacet
facet normal -0.2794496531415886 -0.9601603466916585 0
outer loop
vertex 77.706 39.865950000000005 3.00015
vertex 77.88690000000001 39.813300000000005 3.00015
vertex 77.88690000000001 39.813300000000005 7.0002
endloop
endfacet
facet normal -0.2794496531415886 -0.9601603466916585 0
outer loop
vertex 77.706 39.865950000000005 3.00015
vertex 77.88690000000001 39.813300000000005 7.0002
vertex 77.706 39.865950000000005 7.0002
endloop
endfacet
facet normal -0.21718315234348365 -0.9761308715219222 0
outer loop
vertex 77.52195 39.9069 7.0002
vertex 77.52195 39.9069 3.00015
vertex 77.706 39.865950000000005 3.00015
endloop
endfacet
facet normal -0.21718315234348365 -0.9761308715219222 0
outer loop
vertex 77.52195 39.9069 7.0002
vertex 77.706 39.865950000000005 3.00015
vertex 77.706 39.865950000000005 7.0002
endloop
endfacet
facet normal -0.2794496531415929 0.9601603466916572 0
outer loop
vertex 77.706 4.13415 7.0002
vertex 77.88690000000001 4.186800000000001 7.0002
vertex 77.88690000000001 4.186800000000001 3.00015
endloop
endfacet
facet normal -0.2794496531415929 0.9601603466916572 0
outer loop
vertex 77.706 4.13415 7.0002
vertex 77.88690000000001 4.186800000000001 3.00015
vertex 77.706 4.13415 3.00015
endloop
endfacet
facet normal -0.21718315234350605 0.976130871521917 0
outer loop
vertex 77.52195 4.0932 3.00015
vertex 77.52195 4.0932 7.0002
vertex 77.706 4.13415 7.0002
endloop
endfacet
facet normal -0.21718315234350605 0.976130871521917 0
outer loop
vertex 77.52195 4.0932 3.00015
vertex 77.706 4.13415 7.0002
vertex 77.706 4.13415 3.00015
endloop
endfacet
facet normal -0.45388999489687465 0.8910577268238657 0
outer loop
vertex 78.23745000000001 4.3254 7.0002
vertex 78.40530000000001 4.410900000000001 7.0002
vertex 78.40530000000001 4.410900000000001 3.00015
endloop
endfacet
facet normal -0.45388999489687465 0.8910577268238657 0
outer loop
vertex 78.23745000000001 4.3254 7.0002
vertex 78.40530000000001 4.410900000000001 3.00015
vertex 78.23745000000001 4.3254 3.00015
endloop
endfacet
facet normal -0.3959333847686999 0.9182792357587101 0
outer loop
vertex 78.06420000000001 4.2507 3.00015
vertex 78.06420000000001 4.2507 7.0002
vertex 78.23745000000001 4.3254 7.0002
endloop
endfacet
facet normal -0.3959333847686999 0.9182792357587101 0
outer loop
vertex 78.06420000000001 4.2507 3.00015
vertex 78.23745000000001 4.3254 7.0002
vertex 78.23745000000001 4.3254 3.00015
endloop
endfacet
facet normal 0.9407655971494358 0.339057651764513 0
outer loop
vertex 4.186800000000001 6.112800000000001 3.00015
vertex 4.186800000000001 6.112800000000001 7.0002
vertex 4.2507 5.9355 7.0002
endloop
endfacet
facet normal 0.9407655971494358 0.339057651764513 0
outer loop
vertex 4.186800000000001 6.112800000000001 3.00015
vertex 4.2507 5.9355 7.0002
vertex 4.2507 5.9355 3.00015
endloop
endfacet
facet normal 0.9179041015105323 0.396802293882158 0
outer loop
vertex 4.2507 5.9355 7.0002
vertex 4.3254 5.762700000000001 7.0002
vertex 4.3254 5.762700000000001 3.00015
endloop
endfacet
facet normal 0.9179041015105323 0.396802293882158 0
outer loop
vertex 4.2507 5.9355 7.0002
vertex 4.3254 5.762700000000001 3.00015
vertex 4.2507 5.9355 3.00015
endloop
endfacet
facet normal 0.8272376580486931 0.5618521665937698 0
outer loop
vertex 4.5072 5.4324 7.0002
vertex 4.6129500000000005 5.276700000000001 7.0002
vertex 4.6129500000000005 5.276700000000001 3.00015
endloop
endfacet
facet normal 0.8272376580486931 0.5618521665937698 0
outer loop
vertex 4.5072 5.4324 7.0002
vertex 4.6129500000000005 5.276700000000001 3.00015
vertex 4.5072 5.4324 3.00015
endloop
endfacet
facet normal 0.8602141108566302 0.5099330186241495 0
outer loop
vertex 4.5072 5.4324 7.0002
vertex 4.5072 5.4324 3.00015
vertex 4.410900000000001 5.59485 3.00015
endloop
endfacet
facet normal 0.8602141108566302 0.5099330186241495 0
outer loop
vertex 4.5072 5.4324 7.0002
vertex 4.410900000000001 5.59485 3.00015
vertex 4.410900000000001 5.59485 7.0002
endloop
endfacet
facet normal 0.8910577268238649 0.4538899948968766 0
outer loop
vertex 4.410900000000001 5.59485 3.00015
vertex 4.3254 5.762700000000001 3.00015
vertex 4.3254 5.762700000000001 7.0002
endloop
endfacet
facet normal 0.8910577268238649 0.4538899948968766 0
outer loop
vertex 4.410900000000001 5.59485 3.00015
vertex 4.3254 5.762700000000001 7.0002
vertex 4.410900000000001 5.59485 7.0002
endloop
endfacet
facet normal 0.7898659134729418 0.6132795763218886 0
outer loop
vertex 4.7286 5.127750000000001 3.00015
vertex 4.6129500000000005 5.276700000000001 3.00015
vertex 4.6129500000000005 5.276700000000001 7.0002
endloop
endfacet
facet normal 0.7898659134729418 0.6132795763218886 0
outer loop
vertex 4.7286 5.127750000000001 3.00015
vertex 4.6129500000000005 5.276700000000001 7.0002
vertex 4.7286 5.127750000000001 7.0002
endloop
endfacet
facet normal 0.7499075469419568 0.661542644913763 0
outer loop
vertex 4.85325 4.9864500000000005 7.0002
vertex 4.85325 4.9864500000000005 3.00015
vertex 4.7286 5.127750000000001 3.00015
endloop
endfacet
facet normal 0.7499075469419568 0.661542644913763 0
outer loop
vertex 4.85325 4.9864500000000005 7.0002
vertex 4.7286 5.127750000000001 3.00015
vertex 4.7286 5.127750000000001 7.0002
endloop
endfacet
facet normal 0.5099330186241495 0.8602141108566302 0
outer loop
vertex 5.59485 4.410900000000001 3.00015
vertex 5.4324 4.5072 3.00015
vertex 5.4324 4.5072 7.0002
endloop
endfacet
facet normal 0.5099330186241495 0.8602141108566302 0
outer loop
vertex 5.59485 4.410900000000001 3.00015
vertex 5.4324 4.5072 7.0002
vertex 5.59485 4.410900000000001 7.0002
endloop
endfacet
facet normal -0.861258816065045 -0.5081665590633027 0
outer loop
vertex 79.5888 38.40525 3.00015
vertex 79.5888 38.40525 7.0002
vertex 79.49295000000001 38.5677 7.0002
endloop
endfacet
facet normal -0.861258816065045 -0.5081665590633027 0
outer loop
vertex 79.5888 38.40525 3.00015
vertex 79.49295000000001 38.5677 7.0002
vertex 79.49295000000001 38.5677 3.00015
endloop
endfacet
facet normal -0.8272376580486993 -0.5618521665937611 0
outer loop
vertex 79.49295000000001 38.5677 7.0002
vertex 79.3872 38.723400000000005 7.0002
vertex 79.3872 38.723400000000005 3.00015
endloop
endfacet
facet normal -0.8272376580486993 -0.5618521665937611 0
outer loop
vertex 79.49295000000001 38.5677 7.0002
vertex 79.3872 38.723400000000005 3.00015
vertex 79.49295000000001 38.5677 3.00015
endloop
endfacet
facet normal -0.7499075469419517 -0.6615426449137686 0
outer loop
vertex 79.27155 38.872350000000004 7.0002
vertex 79.1469 39.013650000000005 7.0002
vertex 79.1469 39.013650000000005 3.00015
endloop
endfacet
facet normal -0.7499075469419517 -0.6615426449137686 0
outer loop
vertex 79.27155 38.872350000000004 7.0002
vertex 79.1469 39.013650000000005 3.00015
vertex 79.27155 38.872350000000004 3.00015
endloop
endfacet
facet normal -0.7898659134729332 -0.6132795763218997 0
outer loop
vertex 79.3872 38.723400000000005 3.00015
vertex 79.3872 38.723400000000005 7.0002
vertex 79.27155 38.872350000000004 7.0002
endloop
endfacet
facet normal -0.7898659134729332 -0.6132795763218997 0
outer loop
vertex 79.3872 38.723400000000005 3.00015
vertex 79.27155 38.872350000000004 7.0002
vertex 79.27155 38.872350000000004 3.00015
endloop
endfacet
facet normal 0.4538899948968766 0.8910577268238649 0
outer loop
vertex 5.762700000000001 4.3254 3.00015
vertex 5.59485 4.410900000000001 3.00015
vertex 5.59485 4.410900000000001 7.0002
endloop
endfacet
facet normal 0.4538899948968766 0.8910577268238649 0
outer loop
vertex 5.762700000000001 4.3254 3.00015
vertex 5.59485 4.410900000000001 7.0002
vertex 5.762700000000001 4.3254 7.0002
endloop
endfacet
facet normal 0.396802293882158 0.9179041015105323 0
outer loop
vertex 5.9355 4.2507 7.0002
vertex 5.9355 4.2507 3.00015
vertex 5.762700000000001 4.3254 3.00015
endloop
endfacet
facet normal 0.396802293882158 0.9179041015105323 0
outer loop
vertex 5.9355 4.2507 7.0002
vertex 5.762700000000001 4.3254 3.00015
vertex 5.762700000000001 4.3254 7.0002
endloop
endfacet
facet normal 0 0 0.9999999999999999
outer loop
vertex 41.99985 41.161500000000004 7.0002
vertex 5.04 41.9598 7.0002
vertex 4.851450000000001 41.953950000000006 7.0002
endloop
endfacet
facet normal 0 0 1
outer loop
vertex 41.99985 41.161500000000004 7.0002
vertex 4.851450000000001 41.953950000000006 7.0002
vertex 4.6638 41.936400000000006 7.0002
endloop
endfacet
facet normal 0 0 1
outer loop
vertex 41.99985 41.161500000000004 7.0002
vertex 4.6638 41.936400000000006 7.0002
vertex 4.477950000000001 41.9067 7.0002
endloop
endfacet
facet normal 0 0 0.9999999999999999
outer loop
vertex 41.99985 41.161500000000004 7.0002
vertex 4.477950000000001 41.9067 7.0002
vertex 4.293900000000001 41.865750000000006 7.0002
endloop
endfacet
facet normal 0 0 1
outer loop
vertex 41.99985 41.161500000000004 7.0002
vertex 4.293900000000001 41.865750000000006 7.0002
vertex 4.113 41.813100000000006 7.0002
endloop
endfacet
facet normal 0 0 1
outer loop
vertex 41.99985 41.161500000000004 7.0002
vertex 4.113 41.813100000000006 7.0002
vertex 3.9357 41.7492 7.0002
endloop
endfacet
facet normal 0 0 0.9999999999999999
outer loop
vertex 41.99985 41.161500000000004 7.0002
vertex 3.9357 41.7492 7.0002
vertex 3.7624500000000003 41.6745 7.0002
endloop
endfacet
facet normal 0 0 0.9999999999999999
outer loop
vertex 41.99985 41.161500000000004 7.0002
vertex 3.7624500000000003 41.6745 7.0002
vertex 3.5946000000000002 41.589000000000006 7.0002
endloop
endfacet
facet normal 0 0 1
outer loop
vertex 41.99985 41.161500000000004 7.0002
vertex 3.5946000000000002 41.589000000000006 7.0002
vertex 3.4326000000000003 41.49315000000001 7.0002
endloop
endfacet
facet normal 0 0 1
outer loop
vertex 41.99985 41.161500000000004 7.0002
vertex 3.4326000000000003 41.49315000000001 7.0002
vertex 3.27645 41.386950000000006 7.0002
endloop
endfacet
facet normal 0 0 1
outer loop
vertex 41.99985 41.161500000000004 7.0002
vertex 3.27645 41.386950000000006 7.0002
vertex 3.1279500000000002 41.271750000000004 7.0002
endloop
endfacet
facet normal 0 0 1
outer loop
vertex 41.99985 41.161500000000004 7.0002
vertex 3.1279500000000002 41.271750000000004 7.0002
vertex 2.9862 41.1471 7.0002
endloop
endfacet
facet normal 0 0 0.9999999999999999
outer loop
vertex 41.99985 41.161500000000004 7.0002
vertex 2.9862 41.1471 7.0002
vertex 2.853 41.013450000000006 7.0002
endloop
endfacet
facet normal 0 0 1
outer loop
vertex 41.99985 41.161500000000004 7.0002
vertex 2.853 41.013450000000006 7.0002
vertex 2.7283500000000003 40.872150000000005 7.0002
endloop
endfacet
facet normal 0 0 1
outer loop
vertex 41.99985 41.161500000000004 7.0002
vertex 2.7283500000000003 40.872150000000005 7.0002
vertex 2.61315 40.723200000000006 7.0002
endloop
endfacet
facet normal 0 0 1
outer loop
vertex 41.99985 41.161500000000004 7.0002
vertex 2.61315 40.723200000000006 7.0002
vertex 2.5069500000000002 40.5675 7.0002
endloop
endfacet
facet normal 0 0 0.9999999999999999
outer loop
vertex 41.99985 41.161500000000004 7.0002
vertex 2.5069500000000002 40.5675 7.0002
vertex 2.4111000000000002 40.40505 7.0002
endloop
endfacet
facet normal 0 0 1
outer loop
vertex 41.99985 41.161500000000004 7.0002
vertex 2.4111000000000002 40.40505 7.0002
vertex 2.3256 40.2372 7.0002
endloop
endfacet
facet normal 0 0 1
outer loop
vertex 41.99985 41.161500000000004 7.0002
vertex 2.3256 40.2372 7.0002
vertex 2.2504500000000003 40.064400000000006 7.0002
endloop
endfacet
facet normal 0 0 1
outer loop
vertex 41.99985 41.161500000000004 7.0002
vertex 2.2504500000000003 40.064400000000006 7.0002
vertex 2.2131000000000003 39.96 7.0002
endloop
endfacet
facet normal 0 0 1
outer loop
vertex 41.99985 41.161500000000004 7.0002
vertex 2.2131000000000003 39.96 7.0002
vertex 7.0398000000000005 39.96 7.0002
endloop
endfacet
facet normal 0 0 0.9999999999999999
outer loop
vertex 41.99985 41.161500000000004 7.0002
vertex 7.0398000000000005 39.96 7.0002
vertex 76.9599 39.96 7.0002
endloop
endfacet
facet normal 0 0 0.9999999999999999
outer loop
vertex 41.99985 41.161500000000004 7.0002
vertex 76.9599 39.96 7.0002
vertex 81.78705000000001 39.96 7.0002
endloop
endfacet
facet normal 0 0 1
outer loop
vertex 41.99985 41.161500000000004 7.0002
vertex 81.78705000000001 39.96 7.0002
vertex 81.74925 40.064400000000006 7.0002
endloop
endfacet
facet normal 0 0 1
outer loop
vertex 41.99985 41.161500000000004 7.0002
vertex 81.74925 40.064400000000006 7.0002
vertex 81.67455000000001 40.2372 7.0002
endloop
endfacet
facet normal 0 0 1
outer loop
vertex 41.99985 41.161500000000004 7.0002
vertex 81.67455000000001 40.2372 7.0002
vertex 81.58905000000001 40.40505 7.0002
endloop
endfacet
facet normal 0 0 1
outer loop
vertex 41.99985 41.161500000000004 7.0002
vertex 81.58905000000001 40.40505 7.0002
vertex 81.4932 40.5675 7.0002
endloop
endfacet
facet normal 0 0 1
outer loop
vertex 41.99985 41.161500000000004 7.0002
vertex 81.4932 40.5675 7.0002
vertex 81.38700000000001 40.723200000000006 7.0002
endloop
endfacet
facet normal 0 0 1
outer loop
vertex 41.99985 41.161500000000004 7.0002
vertex 81.38700000000001 40.723200000000006 7.0002
vertex 81.27135000000001 40.872150000000005 7.0002
endloop
endfacet
facet normal 0 0 1
outer loop
vertex 41.99985 41.161500000000004 7.0002
vertex 81.27135000000001 40.872150000000005 7.0002
vertex 81.14670000000001 41.013450000000006 7.0002
endloop
endfacet
facet normal 0 0 1
outer loop
vertex 41.99985 41.161500000000004 7.0002
vertex 81.14670000000001 41.013450000000006 7.0002
vertex 81.01350000000001 41.1471 7.0002
endloop
endfacet
facet normal 0 0 1
outer loop
vertex 41.99985 41.161500000000004 7.0002
vertex 81.01350000000001 41.1471 7.0002
vertex 80.8722 41.271750000000004 7.0002
endloop
endfacet
facet normal 0 0 1
outer loop
vertex 41.99985 41.161500000000004 7.0002
vertex 80.8722 41.271750000000004 7.0002
vertex 80.72325000000001 41.386950000000006 7.0002
endloop
endfacet
facet normal 0 0 1
outer loop
vertex 41.99985 41.161500000000004 7.0002
vertex 80.72325000000001 41.386950000000006 7.0002
vertex 80.56755000000001 41.49315000000001 7.0002
endloop
endfacet
facet normal 0 0 1
outer loop
vertex 41.99985 41.161500000000004 7.0002
vertex 80.56755000000001 41.49315000000001 7.0002
vertex 80.4051 41.589000000000006 7.0002
endloop
endfacet
facet normal 0 0 0.9999999999999999
outer loop
vertex 41.99985 41.161500000000004 7.0002
vertex 80.4051 41.589000000000006 7.0002
vertex 80.23725 41.6745 7.0002
endloop
endfacet
facet normal 0 0 1
outer loop
vertex 41.99985 41.161500000000004 7.0002
vertex 80.23725 41.6745 7.0002
vertex 80.06445000000001 41.7492 7.0002
endloop
endfacet
facet normal 0 0 1
outer loop
vertex 41.99985 41.161500000000004 7.0002
vertex 80.06445000000001 41.7492 7.0002
vertex 79.88715 41.813100000000006 7.0002
endloop
endfacet
facet normal 0 0 1
outer loop
vertex 41.99985 41.161500000000004 7.0002
vertex 79.88715 41.813100000000006 7.0002
vertex 79.70625000000001 41.865750000000006 7.0002
endloop
endfacet
facet normal 0 0 0.9999999999999999
outer loop
vertex 41.99985 41.161500000000004 7.0002
vertex 79.70625000000001 41.865750000000006 7.0002
vertex 79.52220000000001 41.9067 7.0002
endloop
endfacet
facet normal 0 0 0.9999999999999999
outer loop
vertex 41.99985 41.161500000000004 7.0002
vertex 79.52220000000001 41.9067 7.0002
vertex 79.33590000000001 41.936400000000006 7.0002
endloop
endfacet
facet normal 0 0 1
outer loop
vertex 41.99985 41.161500000000004 7.0002
vertex 79.33590000000001 41.936400000000006 7.0002
vertex 79.14825 41.953950000000006 7.0002
endloop
endfacet
facet normal 0 0 1
outer loop
vertex 41.99985 41.161500000000004 7.0002
vertex 79.14825 41.953950000000006 7.0002
vertex 78.96015000000001 41.9598 7.0002
endloop
endfacet
facet normal 0 0 1
outer loop
vertex 41.99985 41.161500000000004 7.0002
vertex 78.96015000000001 41.9598 7.0002
vertex 5.04 41.9598 7.0002
endloop
endfacet
facet normal 0 0 1
outer loop
vertex 76.9599 39.96 7.0002
vertex 77.14845000000001 39.954150000000006 7.0002
vertex 81.78885000000001 39.954150000000006 7.0002
endloop
endfacet
facet normal 0 0 1
outer loop
vertex 76.9599 39.96 7.0002
vertex 81.78885000000001 39.954150000000006 7.0002
vertex 81.78705000000001 39.96 7.0002
endloop
endfacet
facet normal 0 0 1
outer loop
vertex 2.2131000000000003 39.96 7.0002
vertex 2.21085 39.954150000000006 7.0002
vertex 6.851700000000001 39.954150000000006 7.0002
endloop
endfacet
facet normal 0 0 1
outer loop
vertex 2.2131000000000003 39.96 7.0002
vertex 6.851700000000001 39.954150000000006 7.0002
vertex 7.0398000000000005 39.96 7.0002
endloop
endfacet
facet normal 0 0 0.9999999999999999
outer loop
vertex 77.14845000000001 39.954150000000006 7.0002
vertex 77.3361 39.936150000000005 7.0002
vertex 81.79560000000001 39.936150000000005 7.0002
endloop
endfacet
facet normal 0 0 1
outer loop
vertex 77.14845000000001 39.954150000000006 7.0002
vertex 81.79560000000001 39.936150000000005 7.0002
vertex 81.78885000000001 39.954150000000006 7.0002
endloop
endfacet
facet normal 0 0 1
outer loop
vertex 2.21085 39.954150000000006 7.0002
vertex 2.2045500000000002 39.936150000000005 7.0002
vertex 6.6640500000000005 39.936150000000005 7.0002
endloop
endfacet
facet normal 0 0 0.9999999999999999
outer loop
vertex 2.21085 39.954150000000006 7.0002
vertex 6.6640500000000005 39.936150000000005 7.0002
vertex 6.851700000000001 39.954150000000006 7.0002
endloop
endfacet
facet normal 0 0 1
outer loop
vertex 77.3361 39.936150000000005 7.0002
vertex 77.52195 39.9069 7.0002
vertex 81.80595000000001 39.9069 7.0002
endloop
endfacet
facet normal 0 0 1
outer loop
vertex 77.3361 39.936150000000005 7.0002
vertex 81.80595000000001 39.9069 7.0002
vertex 81.79560000000001 39.936150000000005 7.0002
endloop
endfacet
facet normal 0 0 1
outer loop
vertex 2.2045500000000002 39.936150000000005 7.0002
vertex 2.19375 39.9069 7.0002
vertex 6.47775 39.9069 7.0002
endloop
endfacet
facet normal 0 0 1
outer loop
vertex 2.2045500000000002 39.936150000000005 7.0002
vertex 6.47775 39.9069 7.0002
vertex 6.6640500000000005 39.936150000000005 7.0002
endloop
endfacet
facet normal 0 0 1
outer loop
vertex 80.1333 39.88665 7.0002
vertex 77.52195 39.9069 7.0002
vertex 77.706 39.865950000000005 7.0002
endloop
endfacet
facet normal 0 0 0.9999999999999999
outer loop
vertex 80.1333 39.88665 7.0002
vertex 77.706 39.865950000000005 7.0002
vertex 81.81945 39.865950000000005 7.0002
endloop
endfacet
facet normal 0 0 1
outer loop
vertex 80.1333 39.88665 7.0002
vertex 81.81945 39.865950000000005 7.0002
vertex 81.81315000000001 39.887100000000004 7.0002
endloop
endfacet
facet normal 0 0 1
outer loop
vertex 80.1333 39.88665 7.0002
vertex 81.81315000000001 39.887100000000004 7.0002
vertex 81.80595000000001 39.9069 7.0002
endloop
endfacet
facet normal 0 0 1
outer loop
vertex 80.1333 39.88665 7.0002
vertex 81.80595000000001 39.9069 7.0002
vertex 77.52195 39.9069 7.0002
endloop
endfacet
facet normal 0 0 1
outer loop
vertex 3.8668500000000003 39.88665 7.0002
vertex 2.19375 39.9069 7.0002
vertex 2.1870000000000003 39.887100000000004 7.0002
endloop
endfacet
facet normal 0 0 1
outer loop
vertex 3.8668500000000003 39.88665 7.0002
vertex 2.1870000000000003 39.887100000000004 7.0002
vertex 2.1807000000000003 39.865950000000005 7.0002
endloop
endfacet
facet normal 0 0 1
outer loop
vertex 3.8668500000000003 39.88665 7.0002
vertex 2.1807000000000003 39.865950000000005 7.0002
vertex 6.294150000000001 39.865950000000005 7.0002
endloop
endfacet
facet normal 0 0 1
outer loop
vertex 3.8668500000000003 39.88665 7.0002
vertex 6.294150000000001 39.865950000000005 7.0002
vertex 6.47775 39.9069 7.0002
endloop
endfacet
facet normal 0 0 1
outer loop
vertex 3.8668500000000003 39.88665 7.0002
vertex 6.47775 39.9069 7.0002
vertex 2.19375 39.9069 7.0002
endloop
endfacet
facet normal 0 0 1
outer loop
vertex 77.706 39.865950000000005 7.0002
vertex 77.88690000000001 39.813300000000005 7.0002
vertex 81.83475000000001 39.813300000000005 7.0002
endloop
endfacet
facet normal 0 0 1
outer loop
vertex 77.706 39.865950000000005 7.0002
vertex 81.83475000000001 39.813300000000005 7.0002
vertex 81.81945 39.865950000000005 7.0002
endloop
endfacet
facet normal 0 0 0.9999999999999999
outer loop
vertex 2.1807000000000003 39.865950000000005 7.0002
vertex 2.1654 39.813300000000005 7.0002
vertex 6.112800000000001 39.813300000000005 7.0002
endloop
endfacet
facet normal 0 0 1
outer loop
vertex 2.1807000000000003 39.865950000000005 7.0002
vertex 6.112800000000001 39.813300000000005 7.0002
vertex 6.294150000000001 39.865950000000005 7.0002
endloop
endfacet
facet normal 0 0 0.9999999999999999
outer loop
vertex 77.88690000000001 39.813300000000005 7.0002
vertex 78.06420000000001 39.7494 7.0002
vertex 81.8532 39.7494 7.0002
endloop
endfacet
facet normal 0 0 1
outer loop
vertex 77.88690000000001 39.813300000000005 7.0002
vertex 81.8532 39.7494 7.0002
vertex 81.83475000000001 39.813300000000005 7.0002
endloop
endfacet
facet normal 0 0 1
outer loop
vertex 2.1654 39.813300000000005 7.0002
vertex 2.1469500000000004 39.7494 7.0002
vertex 5.9355 39.7494 7.0002
endloop
endfacet
facet normal 0 0 1
outer loop
vertex 2.1654 39.813300000000005 7.0002
vertex 5.9355 39.7494 7.0002
vertex 6.112800000000001 39.813300000000005 7.0002
endloop
endfacet
facet normal 0 0 0.9999999999999999
outer loop
vertex 80.37855 39.7107 7.0002
vertex 78.06420000000001 39.7494 7.0002
vertex 78.23745000000001 39.6747 7.0002
endloop
endfacet
facet normal 0 0 1
outer loop
vertex 80.37855 39.7107 7.0002
vertex 78.23745000000001 39.6747 7.0002
vertex 81.873 39.6747 7.0002
endloop
endfacet
facet normal 0 0 1
outer loop
vertex 80.37855 39.7107 7.0002
vertex 81.873 39.6747 7.0002
vertex 81.86580000000001 39.7062 7.0002
endloop
endfacet
facet normal 0 0 1
outer loop
vertex 80.37855 39.7107 7.0002
vertex 81.86580000000001 39.7062 7.0002
vertex 81.8532 39.7494 7.0002
endloop
endfacet
facet normal 0 0 1
outer loop
vertex 80.37855 39.7107 7.0002
vertex 81.8532 39.7494 7.0002
vertex 78.06420000000001 39.7494 7.0002
endloop
endfacet
facet normal 0 0 1
outer loop
vertex 3.6211500000000005 39.7107 7.0002
vertex 2.1469500000000004 39.7494 7.0002
vertex 2.1343500000000004 39.7062 7.0002
endloop
endfacet
facet normal 0 0 1
outer loop
vertex 3.6211500000000005 39.7107 7.0002
vertex 2.1343500000000004 39.7062 7.0002
vertex 2.1271500000000003 39.6747 7.0002
endloop
endfacet
facet normal 0 0 1
outer loop
vertex 3.6211500000000005 39.7107 7.0002
vertex 2.1271500000000003 39.6747 7.0002
vertex 5.762700000000001 39.6747 7.0002
endloop
endfacet
facet normal 0 0 1
outer loop
vertex 3.6211500000000005 39.7107 7.0002
vertex 5.762700000000001 39.6747 7.0002
vertex 5.9355 39.7494 7.0002
endloop
endfacet
facet normal 0 0 0.9999999999999999
outer loop
vertex 3.6211500000000005 39.7107 7.0002
vertex 5.9355 39.7494 7.0002
vertex 2.1469500000000004 39.7494 7.0002
endloop
endfacet
facet normal 0 0 1
outer loop
vertex 78.23745000000001 39.6747 7.0002
vertex 78.40530000000001 39.588750000000005 7.0002
vertex 81.8919 39.588750000000005 7.0002
endloop
endfacet
facet normal 0 0 1
outer loop
vertex 78.23745000000001 39.6747 7.0002
vertex 81.8919 39.588750000000005 7.0002
vertex 81.873 39.6747 7.0002
endloop
endfacet
facet normal 0 0 1
outer loop
vertex 2.1271500000000003 39.6747 7.0002
vertex 2.1082500000000004 39.588750000000005 7.0002
vertex 5.59485 39.588750000000005 7.0002
endloop
endfacet
facet normal 0 0 1
outer loop
vertex 2.1271500000000003 39.6747 7.0002
vertex 5.59485 39.588750000000005 7.0002
vertex 5.762700000000001 39.6747 7.0002
endloop
endfacet
facet normal 0 0 1
outer loop
vertex 80.5365 39.537000000000006 7.0002
vertex 78.40530000000001 39.588750000000005 7.0002
vertex 78.5673 39.492900000000006 7.0002
endloop
endfacet
facet normal 0 0 1
outer loop
vertex 80.5365 39.537000000000006 7.0002
vertex 78.5673 39.492900000000006 7.0002
vertex 81.91170000000001 39.492900000000006 7.0002
endloop
endfacet
facet normal 0 0 1
outer loop
vertex 80.5365 39.537000000000006 7.0002
vertex 81.91170000000001 39.492900000000006 7.0002
vertex 81.90675 39.52215 7.0002
endloop
endfacet
facet normal 0 0 1
outer loop
vertex 80.5365 39.537000000000006 7.0002
vertex 81.90675 39.52215 7.0002
vertex 81.8919 39.588750000000005 7.0002
endloop
endfacet
facet normal 0 0 0.9999999999999999
outer loop
vertex 80.5365 39.537000000000006 7.0002
vertex 81.8919 39.588750000000005 7.0002
vertex 78.40530000000001 39.588750000000005 7.0002
endloop
endfacet
facet normal 0 0 0.9999999999999999
outer loop
vertex 3.4632000000000005 39.537000000000006 7.0002
vertex 2.1082500000000004 39.588750000000005 7.0002
vertex 2.09295 39.52215 7.0002
endloop
endfacet
facet normal 0 0 1
outer loop
vertex 3.4632000000000005 39.537000000000006 7.0002
vertex 2.09295 39.52215 7.0002
vertex 2.0884500000000004 39.492900000000006 7.0002
endloop
endfacet
facet normal 0 0 1
outer loop
vertex 3.4632000000000005 39.537000000000006 7.0002
vertex 2.0884500000000004 39.492900000000006 7.0002
vertex 5.4324 39.492900000000006 7.0002
endloop
endfacet
facet normal 0 0 1
outer loop
vertex 3.4632000000000005 39.537000000000006 7.0002
vertex 5.4324 39.492900000000006 7.0002
vertex 5.59485 39.588750000000005 7.0002
endloop
endfacet
facet normal 0 0 1
outer loop
vertex 3.4632000000000005 39.537000000000006 7.0002
vertex 5.59485 39.588750000000005 7.0002
vertex 2.1082500000000004 39.588750000000005 7.0002
endloop
endfacet
facet normal 0 0 0.9999999999999999
outer loop
vertex 78.5673 39.492900000000006 7.0002
vertex 78.72345000000001 39.387150000000005 7.0002
vertex 81.92835000000001 39.387150000000005 7.0002
endloop
endfacet
facet normal 0 0 1
outer loop
vertex 78.5673 39.492900000000006 7.0002
vertex 81.92835000000001 39.387150000000005 7.0002
vertex 81.91170000000001 39.492900000000006 7.0002
endloop
endfacet
facet normal 0 0 0.9999999999999999
outer loop
vertex 2.0884500000000004 39.492900000000006 7.0002
vertex 2.0718 39.387150000000005 7.0002
vertex 5.276700000000001 39.387150000000005 7.0002
endloop
endfacet
facet normal 0 0 1
outer loop
vertex 2.0884500000000004 39.492900000000006 7.0002
vertex 5.276700000000001 39.387150000000005 7.0002
vertex 5.4324 39.492900000000006 7.0002
endloop
endfacet
facet normal 0 0 1
outer loop
vertex 80.68050000000001 39.330450000000006 7.0002
vertex 78.72345000000001 39.387150000000005 7.0002
vertex 78.87240000000001 39.2715 7.0002
endloop
endfacet
facet normal 0 0 1
outer loop
vertex 80.68050000000001 39.330450000000006 7.0002
vertex 78.87240000000001 39.2715 7.0002
vertex 81.9423 39.2715 7.0002
endloop
endfacet
facet normal 0 0 1
outer loop
vertex 80.68050000000001 39.330450000000006 7.0002
vertex 81.9423 39.2715 7.0002
vertex 81.93645000000001 39.33585 7.0002
endloop
endfacet
facet normal 0 0 1
outer loop
vertex 80.68050000000001 39.330450000000006 7.0002
vertex 81.93645000000001 39.33585 7.0002
vertex 81.92835000000001 39.387150000000005 7.0002
endloop
endfacet
facet normal 0 0 0.9999999999999999
outer loop
vertex 80.68050000000001 39.330450000000006 7.0002
vertex 81.92835000000001 39.387150000000005 7.0002
vertex 78.72345000000001 39.387150000000005 7.0002
endloop
endfacet
facet normal 0 0 1
outer loop
vertex 3.31965 39.330450000000006 7.0002
vertex 2.0718 39.387150000000005 7.0002
vertex 2.0637000000000003 39.33585 7.0002
endloop
endfacet
facet normal 0 0 1
outer loop
vertex 3.31965 39.330450000000006 7.0002
vertex 2.0637000000000003 39.33585 7.0002
vertex 2.0574000000000003 39.2715 7.0002
endloop
endfacet
facet normal 0 0 1
outer loop
vertex 3.31965 39.330450000000006 7.0002
vertex 2.0574000000000003 39.2715 7.0002
vertex 5.127750000000001 39.2715 7.0002
endloop
endfacet
facet normal 0 0 0.9999999999999999
outer loop
vertex 3.31965 39.330450000000006 7.0002
vertex 5.127750000000001 39.2715 7.0002
vertex 5.276700000000001 39.387150000000005 7.0002
endloop
endfacet
facet normal 0 0 1
outer loop
vertex 3.31965 39.330450000000006 7.0002
vertex 5.276700000000001 39.387150000000005 7.0002
vertex 2.0718 39.387150000000005 7.0002
endloop
endfacet
facet normal 0 0 1
outer loop
vertex 80.7471 39.1968 7.0002
vertex 78.87240000000001 39.2715 7.0002
vertex 79.01370000000001 39.14685 7.0002
endloop
endfacet
facet normal 0 0 1
outer loop
vertex 80.7471 39.1968 7.0002
vertex 79.01370000000001 39.14685 7.0002
vertex 81.95400000000001 39.14685 7.0002
endloop
endfacet
facet normal 0 0 0.9999999999999999
outer loop
vertex 80.7471 39.1968 7.0002
vertex 81.95400000000001 39.14685 7.0002
vertex 81.95400000000001 39.1482 7.0002
endloop
endfacet
facet normal 0 0 1
outer loop
vertex 80.7471 39.1968 7.0002
vertex 81.95400000000001 39.1482 7.0002
vertex 81.9423 39.2715 7.0002
endloop
endfacet
facet normal 0 0 1
outer loop
vertex 80.7471 39.1968 7.0002
vertex 81.9423 39.2715 7.0002
vertex 78.87240000000001 39.2715 7.0002
endloop
endfacet
facet normal 0 0 1
outer loop
vertex 3.2526 39.1968 7.0002
vertex 2.0574000000000003 39.2715 7.0002
vertex 2.0457 39.1482 7.0002
endloop
endfacet
facet normal 0 0 0.9999999999999999
outer loop
vertex 3.2526 39.1968 7.0002
vertex 2.0457 39.1482 7.0002
vertex 2.0457 39.14685 7.0002
endloop
endfacet
facet normal 0 0 1
outer loop
vertex 3.2526 39.1968 7.0002
vertex 2.0457 39.14685 7.0002
vertex 4.9864500000000005 39.14685 7.0002
endloop
endfacet
facet normal 0 0 1
outer loop
vertex 3.2526 39.1968 7.0002
vertex 4.9864500000000005 39.14685 7.0002
vertex 5.127750000000001 39.2715 7.0002
endloop
endfacet
facet normal 0 0 1
outer loop
vertex 3.2526 39.1968 7.0002
vertex 5.127750000000001 39.2715 7.0002
vertex 2.0574000000000003 39.2715 7.0002
endloop
endfacet
facet normal 0 0 1
outer loop
vertex 79.01370000000001 39.14685 7.0002
vertex 79.1469 39.013650000000005 7.0002
vertex 81.9585 39.013650000000005 7.0002
endloop
endfacet
facet normal 0 0 1
outer loop
vertex 79.01370000000001 39.14685 7.0002
vertex 81.9585 39.013650000000005 7.0002
vertex 81.95400000000001 39.14685 7.0002
endloop
endfacet
facet normal 0 0 1
outer loop
vertex 2.0457 39.14685 7.0002
vertex 2.04165 39.013650000000005 7.0002
vertex 4.85325 39.013650000000005 7.0002
endloop
endfacet
facet normal 0 0 1
outer loop
vertex 2.0457 39.14685 7.0002
vertex 4.85325 39.013650000000005 7.0002
vertex 4.9864500000000005 39.14685 7.0002
endloop
endfacet
facet normal 0 0 1
outer loop
vertex 80.85915000000001 38.946600000000004 7.0002
vertex 79.1469 39.013650000000005 7.0002
vertex 79.27155 38.872350000000004 7.0002
endloop
endfacet
facet normal 0 0 1
outer loop
vertex 80.85915000000001 38.946600000000004 7.0002
vertex 79.27155 38.872350000000004 7.0002
vertex 81.95985 38.872350000000004 7.0002
endloop
endfacet
facet normal 0 0 1
outer loop
vertex 80.85915000000001 38.946600000000004 7.0002
vertex 81.95985 38.872350000000004 7.0002
vertex 81.95985 38.960100000000004 7.0002
endloop
endfacet
facet normal 0 0 1
outer loop
vertex 80.85915000000001 38.946600000000004 7.0002
vertex 81.95985 38.960100000000004 7.0002
vertex 81.9585 39.013650000000005 7.0002
endloop
endfacet
facet normal 0 0 1
outer loop
vertex 80.85915000000001 38.946600000000004 7.0002
vertex 81.9585 39.013650000000005 7.0002
vertex 79.1469 39.013650000000005 7.0002
endloop
endfacet
facet normal 0 0 1
outer loop
vertex 3.14055 38.946600000000004 7.0002
vertex 2.04165 39.013650000000005 7.0002
vertex 2.0398500000000004 38.960100000000004 7.0002
endloop
endfacet
facet normal 0 0 1
outer loop
vertex 3.14055 38.946600000000004 7.0002
vertex 2.0398500000000004 38.960100000000004 7.0002
vertex 2.0398500000000004 38.872350000000004 7.0002
endloop
endfacet
facet normal 0 0 1
outer loop
vertex 3.14055 38.946600000000004 7.0002
vertex 2.0398500000000004 38.872350000000004 7.0002
vertex 4.7286 38.872350000000004 7.0002
endloop
endfacet
facet normal 0 0 1
outer loop
vertex 3.14055 38.946600000000004 7.0002
vertex 4.7286 38.872350000000004 7.0002
vertex 4.85325 39.013650000000005 7.0002
endloop
endfacet
facet normal 0 0 1
outer loop
vertex 3.14055 38.946600000000004 7.0002
vertex 4.85325 39.013650000000005 7.0002
vertex 2.04165 39.013650000000005 7.0002
endloop
endfacet
facet normal 0 0 1
outer loop
vertex 79.27155 38.872350000000004 7.0002
vertex 79.3872 38.723400000000005 7.0002
vertex 81.95985 38.723400000000005 7.0002
endloop
endfacet
facet normal 0 0 1
outer loop
vertex 79.27155 38.872350000000004 7.0002
vertex 81.95985 38.723400000000005 7.0002
vertex 81.95985 38.872350000000004 7.0002
endloop
endfacet
facet normal 0 0 1
outer loop
vertex 2.0398500000000004 38.872350000000004 7.0002
vertex 2.0398500000000004 38.723400000000005 7.0002
vertex 4.6129500000000005 38.723400000000005 7.0002
endloop
endfacet
facet normal 0 0 1
outer loop
vertex 2.0398500000000004 38.872350000000004 7.0002
vertex 4.6129500000000005 38.723400000000005 7.0002
vertex 4.7286 38.872350000000004 7.0002
endloop
endfacet
facet normal 0 0 1
outer loop
vertex 79.3872 38.723400000000005 7.0002
vertex 79.49295000000001 38.5677 7.0002
vertex 81.95985 38.5677 7.0002
endloop
endfacet
facet normal 0 0 1
outer loop
vertex 79.3872 38.723400000000005 7.0002
vertex 81.95985 38.5677 7.0002
vertex 81.95985 38.723400000000005 7.0002
endloop
endfacet
facet normal 0 0 1
outer loop
vertex 2.0398500000000004 38.723400000000005 7.0002
vertex 2.0398500000000004 38.5677 7.0002
vertex 4.5072 38.5677 7.0002
endloop
endfacet
facet normal 0 0 0.9999999999999999
outer loop
vertex 2.0398500000000004 38.723400000000005 7.0002
vertex 4.5072 38.5677 7.0002
vertex 4.6129500000000005 38.723400000000005 7.0002
endloop
endfacet
facet normal 0 0 1
outer loop
vertex 79.49295000000001 38.5677 7.0002
vertex 79.5888 38.40525 7.0002
vertex 81.95985 38.40525 7.0002
endloop
endfacet
facet normal 0 0 1
outer loop
vertex 79.49295000000001 38.5677 7.0002
vertex 81.95985 38.40525 7.0002
vertex 81.95985 38.5677 7.0002
endloop
endfacet
facet normal 0 0 1
outer loop
vertex 2.0398500000000004 38.5677 7.0002
vertex 2.0398500000000004 38.40525 7.0002
vertex 4.410900000000001 38.40525 7.0002
endloop
endfacet
facet normal 0 0 1
outer loop
vertex 2.0398500000000004 38.5677 7.0002
vertex 4.410900000000001 38.40525 7.0002
vertex 4.5072 38.5677 7.0002
endloop
endfacet
facet normal 0 0 1
outer loop
vertex 79.5888 38.40525 7.0002
vertex 79.6743 38.2374 7.0002
vertex 81.95985 38.2374 7.0002
endloop
endfacet
facet normal 0 0 1
outer loop
vertex 79.5888 38.40525 7.0002
vertex 81.95985 38.2374 7.0002
vertex 81.95985 38.40525 7.0002
endloop
endfacet
facet normal 0 0 1
outer loop
vertex 2.0398500000000004 38.40525 7.0002
vertex 2.0398500000000004 38.2374 7.0002
vertex 4.3254 38.2374 7.0002
endloop
endfacet
facet normal 0 0 0.9999999999999999
outer loop
vertex 2.0398500000000004 38.40525 7.0002
vertex 4.3254 38.2374 7.0002
vertex 4.410900000000001 38.40525 7.0002
endloop
endfacet
facet normal 0 0 1
outer loop
vertex 79.6743 38.2374 7.0002
vertex 79.74945000000001 38.064150000000005 7.0002
vertex 81.95985 38.064150000000005 7.0002
endloop
endfacet
facet normal 0 0 1
outer loop
vertex 79.6743 38.2374 7.0002
vertex 81.95985 38.064150000000005 7.0002
vertex 81.95985 38.2374 7.0002
endloop
endfacet
facet normal 0 0 1
outer loop
vertex 2.0398500000000004 38.2374 7.0002
vertex 2.0398500000000004 38.064150000000005 7.0002
vertex 4.2507 38.064150000000005 7.0002
endloop
endfacet
facet normal 0 0 1
outer loop
vertex 2.0398500000000004 38.2374 7.0002
vertex 4.2507 38.064150000000005 7.0002
vertex 4.3254 38.2374 7.0002
endloop
endfacet
facet normal 0 0 1
outer loop
vertex 79.74945000000001 38.064150000000005 7.0002
vertex 79.81335000000001 37.88685 7.0002
vertex 81.95985 37.88685 7.0002
endloop
endfacet
facet normal 0 0 1
outer loop
vertex 79.74945000000001 38.064150000000005 7.0002
vertex 81.95985 37.88685 7.0002
vertex 81.95985 38.064150000000005 7.0002
endloop
endfacet
facet normal 0 0 0.9999999999999999
outer loop
vertex 2.0398500000000004 38.064150000000005 7.0002
vertex 2.0398500000000004 37.88685 7.0002
vertex 4.186800000000001 37.88685 7.0002
endloop
endfacet
facet normal 0 0 1
outer loop
vertex 2.0398500000000004 38.064150000000005 7.0002
vertex 4.186800000000001 37.88685 7.0002
vertex 4.2507 38.064150000000005 7.0002
endloop
endfacet
facet normal 0 0 1
outer loop
vertex 79.81335000000001 37.88685 7.0002
vertex 79.86555000000001 37.70595 7.0002
vertex 81.95985 37.70595 7.0002
endloop
endfacet
facet normal 0 0 0.9999999999999999
outer loop
vertex 79.81335000000001 37.88685 7.0002
vertex 81.95985 37.70595 7.0002
vertex 81.95985 37.88685 7.0002
endloop
endfacet
facet normal 0 0 1
outer loop
vertex 2.0398500000000004 37.88685 7.0002
vertex 2.0398500000000004 37.70595 7.0002
vertex 4.13415 37.70595 7.0002
endloop
endfacet
facet normal 0 0 1
outer loop
vertex 2.0398500000000004 37.88685 7.0002
vertex 4.13415 37.70595 7.0002
vertex 4.186800000000001 37.88685 7.0002
endloop
endfacet
facet normal 0 0 1
outer loop
vertex 79.86555000000001 37.70595 7.0002
vertex 79.90695000000001 37.52235 7.0002
vertex 81.95985 37.52235 7.0002
endloop
endfacet
facet normal 0 0 1
outer loop
vertex 79.86555000000001 37.70595 7.0002
vertex 81.95985 37.52235 7.0002
vertex 81.95985 37.70595 7.0002
endloop
endfacet
facet normal 0 0 1
outer loop
vertex 2.0398500000000004 37.70595 7.0002
vertex 2.0398500000000004 37.52235 7.0002
vertex 4.0932 37.52235 7.0002
endloop
endfacet
facet normal 0 0 1
outer loop
vertex 2.0398500000000004 37.70595 7.0002
vertex 4.0932 37.52235 7.0002
vertex 4.13415 37.70595 7.0002
endloop
endfacet
facet normal 0 0 0.9999999999999999
outer loop
vertex 79.90695000000001 37.52235 7.0002
vertex 79.93620000000001 37.33605 7.0002
vertex 81.95985 37.33605 7.0002
endloop
endfacet
facet normal 0 0 1
outer loop
vertex 79.90695000000001 37.52235 7.0002
vertex 81.95985 37.33605 7.0002
vertex 81.95985 37.52235 7.0002
endloop
endfacet
facet normal 0 0 1
outer loop
vertex 2.0398500000000004 37.52235 7.0002
vertex 2.0398500000000004 37.33605 7.0002
vertex 4.0635 37.33605 7.0002
endloop
endfacet
facet normal 0 0 1
outer loop
vertex 2.0398500000000004 37.52235 7.0002
vertex 4.0635 37.33605 7.0002
vertex 4.0932 37.52235 7.0002
endloop
endfacet
facet normal 0 0 1
outer loop
vertex 79.93620000000001 37.33605 7.0002
vertex 79.95420000000001 37.1484 7.0002
vertex 81.95985 37.1484 7.0002
endloop
endfacet
facet normal 0 0 1
outer loop
vertex 79.93620000000001 37.33605 7.0002
vertex 81.95985 37.1484 7.0002
vertex 81.95985 37.33605 7.0002
endloop
endfacet
facet normal 0 0 1
outer loop
vertex 2.0398500000000004 37.33605 7.0002
vertex 2.0398500000000004 37.1484 7.0002
vertex 4.04595 37.1484 7.0002
endloop
endfacet
facet normal 0 0 1
outer loop
vertex 2.0398500000000004 37.33605 7.0002
vertex 4.04595 37.1484 7.0002
vertex 4.0635 37.33605 7.0002
endloop
endfacet
facet normal 0 0 0.9999999999999999
outer loop
vertex 79.95420000000001 37.1484 7.0002
vertex 79.96005000000001 36.95985 7.0002
vertex 81.95985 36.95985 7.0002
endloop
endfacet
facet normal 0 0 1
outer loop
vertex 79.95420000000001 37.1484 7.0002
vertex 81.95985 36.95985 7.0002
vertex 81.95985 37.1484 7.0002
endloop
endfacet
facet normal 0 0 1
outer loop
vertex 2.0398500000000004 37.1484 7.0002
vertex 2.0398500000000004 36.95985 7.0002
vertex 4.040100000000001 36.95985 7.0002
endloop
endfacet
facet normal 0 0 1
outer loop
vertex 2.0398500000000004 37.1484 7.0002
vertex 4.040100000000001 36.95985 7.0002
vertex 4.04595 37.1484 7.0002
endloop
endfacet
facet normal 0 0 1
outer loop
vertex 79.96005000000001 36.95985 7.0002
vertex 79.96005000000001 7.0398000000000005 7.0002
vertex 81.95985 7.0398000000000005 7.0002
endloop
endfacet
facet normal 0 0 1
outer loop
vertex 79.96005000000001 36.95985 7.0002
vertex 81.95985 7.0398000000000005 7.0002
vertex 81.95985 36.95985 7.0002
endloop
endfacet
facet normal 0 0 1
outer loop
vertex 2.0398500000000004 36.95985 7.0002
vertex 2.0398500000000004 7.0398000000000005 7.0002
vertex 4.040100000000001 7.0398000000000005 7.0002
endloop
endfacet
facet normal 0 0 1
outer loop
vertex 2.0398500000000004 36.95985 7.0002
vertex 4.040100000000001 7.0398000000000005 7.0002
vertex 4.040100000000001 36.95985 7.0002
endloop
endfacet
facet normal 0 0 1
outer loop
vertex 79.96005000000001 7.0398000000000005 7.0002
vertex 79.95420000000001 6.851700000000001 7.0002
vertex 81.95985 6.851700000000001 7.0002
endloop
endfacet
facet normal 0 0 0.9999999999999999
outer loop
vertex 79.96005000000001 7.0398000000000005 7.0002
vertex 81.95985 6.851700000000001 7.0002
vertex 81.95985 7.0398000000000005 7.0002
endloop
endfacet
facet normal 0 0 0.9999999999999999
outer loop
vertex 2.0398500000000004 7.0398000000000005 7.0002
vertex 2.0398500000000004 6.851700000000001 7.0002
vertex 4.04595 6.851700000000001 7.0002
endloop
endfacet
facet normal 0 0 1
outer loop
vertex 2.0398500000000004 7.0398000000000005 7.0002
vertex 4.04595 6.851700000000001 7.0002
vertex 4.040100000000001 7.0398000000000005 7.0002
endloop
endfacet
facet normal 0 0 1
outer loop
vertex 79.95420000000001 6.851700000000001 7.0002
vertex 79.93620000000001 6.6640500000000005 7.0002
vertex 81.95985 6.6640500000000005 7.0002
endloop
endfacet
facet normal 0 0 1
outer loop
vertex 79.95420000000001 6.851700000000001 7.0002
vertex 81.95985 6.6640500000000005 7.0002
vertex 81.95985 6.851700000000001 7.0002
endloop
endfacet
facet normal 0 0 1
outer loop
vertex 2.0398500000000004 6.851700000000001 7.0002
vertex 2.0398500000000004 6.6640500000000005 7.0002
vertex 4.0635 6.6640500000000005 7.0002
endloop
endfacet
facet normal 0 0 1
outer loop
vertex 2.0398500000000004 6.851700000000001 7.0002
vertex 4.0635 6.6640500000000005 7.0002
vertex 4.04595 6.851700000000001 7.0002
endloop
endfacet
facet normal 0 0 1
outer loop
vertex 79.93620000000001 6.6640500000000005 7.0002
vertex 79.90695000000001 6.47775 7.0002
vertex 81.95985 6.47775 7.0002
endloop
endfacet
facet normal 0 0 1
outer loop
vertex 79.93620000000001 6.6640500000000005 7.0002
vertex 81.95985 6.47775 7.0002
vertex 81.95985 6.6640500000000005 7.0002
endloop
endfacet
facet normal 0 0 0.9999999999999999
outer loop
vertex 2.0398500000000004 6.6640500000000005 7.0002
vertex 2.0398500000000004 6.47775 7.0002
vertex 4.0932 6.47775 7.0002
endloop
endfacet
facet normal 0 0 1
outer loop
vertex 2.0398500000000004 6.6640500000000005 7.0002
vertex 4.0932 6.47775 7.0002
vertex 4.0635 6.6640500000000005 7.0002
endloop
endfacet
facet normal 0 0 1
outer loop
vertex 79.90695000000001 6.47775 7.0002
vertex 79.86555000000001 6.294150000000001 7.0002
vertex 81.95985 6.294150000000001 7.0002
endloop
endfacet
facet normal 0 0 1
outer loop
vertex 79.90695000000001 6.47775 7.0002
vertex 81.95985 6.294150000000001 7.0002
vertex 81.95985 6.47775 7.0002
endloop
endfacet
facet normal 0 0 1
outer loop
vertex 2.0398500000000004 6.47775 7.0002
vertex 2.0398500000000004 6.294150000000001 7.0002
vertex 4.13415 6.294150000000001 7.0002
endloop
endfacet
facet normal 0 0 1
outer loop
vertex 2.0398500000000004 6.47775 7.0002
vertex 4.13415 6.294150000000001 7.0002
vertex 4.0932 6.47775 7.0002
endloop
endfacet
facet normal 0 0 1
outer loop
vertex 79.86555000000001 6.294150000000001 7.0002
vertex 79.81335000000001 6.112800000000001 7.0002
vertex 81.95985 6.112800000000001 7.0002
endloop
endfacet
facet normal 0 0 1
outer loop
vertex 79.86555000000001 6.294150000000001 7.0002
vertex 81.95985 6.112800000000001 7.0002
vertex 81.95985 6.294150000000001 7.0002
endloop
endfacet
facet normal 0 0 1
outer loop
vertex 2.0398500000000004 6.294150000000001 7.0002
vertex 2.0398500000000004 6.112800000000001 7.0002
vertex 4.186800000000001 6.112800000000001 7.0002
endloop
endfacet
facet normal 0 0 1
outer loop
vertex 2.0398500000000004 6.294150000000001 7.0002
vertex 4.186800000000001 6.112800000000001 7.0002
vertex 4.13415 6.294150000000001 7.0002
endloop
endfacet
facet normal 0 0 1
outer loop
vertex 79.81335000000001 6.112800000000001 7.0002
vertex 79.74945000000001 5.9355 7.0002
vertex 81.95985 5.9355 7.0002
endloop
endfacet
facet normal 0 0 1
outer loop
vertex 79.81335000000001 6.112800000000001 7.0002
vertex 81.95985 5.9355 7.0002
vertex 81.95985 6.112800000000001 7.0002
endloop
endfacet
facet normal 0 0 0.9999999999999999
outer loop
vertex 2.0398500000000004 6.112800000000001 7.0002
vertex 2.0398500000000004 5.9355 7.0002
vertex 4.2507 5.9355 7.0002
endloop
endfacet
facet normal 0 0 1
outer loop
vertex 2.0398500000000004 6.112800000000001 7.0002
vertex 4.2507 5.9355 7.0002
vertex 4.186800000000001 6.112800000000001 7.0002
endloop
endfacet
facet normal 0 0 0.9999999999999999
outer loop
vertex 79.74945000000001 5.9355 7.0002
vertex 79.6743 5.762700000000001 7.0002
vertex 81.95985 5.762700000000001 7.0002
endloop
endfacet
facet normal 0 0 1
outer loop
vertex 79.74945000000001 5.9355 7.0002
vertex 81.95985 5.762700000000001 7.0002
vertex 81.95985 5.9355 7.0002
endloop
endfacet
facet normal 0 0 1
outer loop
vertex 2.0398500000000004 5.9355 7.0002
vertex 2.0398500000000004 5.762700000000001 7.0002
vertex 4.3254 5.762700000000001 7.0002
endloop
endfacet
facet normal 0 0 1
outer loop
vertex 2.0398500000000004 5.9355 7.0002
vertex 4.3254 5.762700000000001 7.0002
vertex 4.2507 5.9355 7.0002
endloop
endfacet
facet normal 0 0 1
outer loop
vertex 79.6743 5.762700000000001 7.0002
vertex 79.5888 5.59485 7.0002
vertex 81.95985 5.59485 7.0002
endloop
endfacet
facet normal 0 0 0.9999999999999999
outer loop
vertex 79.6743 5.762700000000001 7.0002
vertex 81.95985 5.59485 7.0002
vertex 81.95985 5.762700000000001 7.0002
endloop
endfacet
facet normal 0 0 0.9999999999999999
outer loop
vertex 2.0398500000000004 5.762700000000001 7.0002
vertex 2.0398500000000004 5.59485 7.0002
vertex 4.410900000000001 5.59485 7.0002
endloop
endfacet
facet normal 0 0 1
outer loop
vertex 2.0398500000000004 5.762700000000001 7.0002
vertex 4.410900000000001 5.59485 7.0002
vertex 4.3254 5.762700000000001 7.0002
endloop
endfacet
facet normal 0 0 1
outer loop
vertex 79.5888 5.59485 7.0002
vertex 79.49295000000001 5.4324 7.0002
vertex 81.95985 5.4324 7.0002
endloop
endfacet
facet normal 0 0 1
outer loop
vertex 79.5888 5.59485 7.0002
vertex 81.95985 5.4324 7.0002
vertex 81.95985 5.59485 7.0002
endloop
endfacet
facet normal 0 0 1
outer loop
vertex 2.0398500000000004 5.59485 7.0002
vertex 2.0398500000000004 5.4324 7.0002
vertex 4.5072 5.4324 7.0002
endloop
endfacet
facet normal 0 0 1
outer loop
vertex 2.0398500000000004 5.59485 7.0002
vertex 4.5072 5.4324 7.0002
vertex 4.410900000000001 5.59485 7.0002
endloop
endfacet
facet normal 0 0 0.9999999999999999
outer loop
vertex 79.49295000000001 5.4324 7.0002
vertex 79.3872 5.276700000000001 7.0002
vertex 81.95985 5.276700000000001 7.0002
endloop
endfacet
facet normal 0 0 1
outer loop
vertex 79.49295000000001 5.4324 7.0002
vertex 81.95985 5.276700000000001 7.0002
vertex 81.95985 5.4324 7.0002
endloop
endfacet
facet normal 0 0 1
outer loop
vertex 2.0398500000000004 5.4324 7.0002
vertex 2.0398500000000004 5.276700000000001 7.0002
vertex 4.6129500000000005 5.276700000000001 7.0002
endloop
endfacet
facet normal 0 0 0.9999999999999999
outer loop
vertex 2.0398500000000004 5.4324 7.0002
vertex 4.6129500000000005 5.276700000000001 7.0002
vertex 4.5072 5.4324 7.0002
endloop
endfacet
facet normal 0 0 1
outer loop
vertex 79.3872 5.276700000000001 7.0002
vertex 79.27155 5.127750000000001 7.0002
vertex 81.95985 5.127750000000001 7.0002
endloop
endfacet
facet normal 0 0 1
outer loop
vertex 79.3872 5.276700000000001 7.0002
vertex 81.95985 5.127750000000001 7.0002
vertex 81.95985 5.276700000000001 7.0002
endloop
endfacet
facet normal 0 0 1
outer loop
vertex 2.0398500000000004 5.276700000000001 7.0002
vertex 2.0398500000000004 5.127750000000001 7.0002
vertex 4.7286 5.127750000000001 7.0002
endloop
endfacet
facet normal 0 0 1
outer loop
vertex 2.0398500000000004 5.276700000000001 7.0002
vertex 4.7286 5.127750000000001 7.0002
vertex 4.6129500000000005 5.276700000000001 7.0002
endloop
endfacet
facet normal 0 0 0.9999999999999999
outer loop
vertex 80.85915000000001 5.0535000000000005 7.0002
vertex 79.27155 5.127750000000001 7.0002
vertex 79.1469 4.9864500000000005 7.0002
endloop
endfacet
facet normal 0 0 1
outer loop
vertex 80.85915000000001 5.0535000000000005 7.0002
vertex 79.1469 4.9864500000000005 7.0002
vertex 81.9585 4.9864500000000005 7.0002
endloop
endfacet
facet normal 0 0 1
outer loop
vertex 80.85915000000001 5.0535000000000005 7.0002
vertex 81.9585 4.9864500000000005 7.0002
vertex 81.95985 5.04 7.0002
endloop
endfacet
facet normal 0 0 1
outer loop
vertex 80.85915000000001 5.0535000000000005 7.0002
vertex 81.95985 5.04 7.0002
vertex 81.95985 5.127750000000001 7.0002
endloop
endfacet
facet normal 0 0 1
outer loop
vertex 80.85915000000001 5.0535000000000005 7.0002
vertex 81.95985 5.127750000000001 7.0002
vertex 79.27155 5.127750000000001 7.0002
endloop
endfacet
facet normal 0 0 1
outer loop
vertex 3.14055 5.0535000000000005 7.0002
vertex 2.0398500000000004 5.127750000000001 7.0002
vertex 2.0398500000000004 5.04 7.0002
endloop
endfacet
facet normal 0 0 0.9999999999999999
outer loop
vertex 3.14055 5.0535000000000005 7.0002
vertex 2.0398500000000004 5.04 7.0002
vertex 2.04165 4.9864500000000005 7.0002
endloop
endfacet
facet normal 0 0 1
outer loop
vertex 3.14055 5.0535000000000005 7.0002
vertex 2.04165 4.9864500000000005 7.0002
vertex 4.85325 4.9864500000000005 7.0002
endloop
endfacet
facet normal 0 0 0.9999999999999999
outer loop
vertex 3.14055 5.0535000000000005 7.0002
vertex 4.85325 4.9864500000000005 7.0002
vertex 4.7286 5.127750000000001 7.0002
endloop
endfacet
facet normal 0 0 1
outer loop
vertex 3.14055 5.0535000000000005 7.0002
vertex 4.7286 5.127750000000001 7.0002
vertex 2.0398500000000004 5.127750000000001 7.0002
endloop
endfacet
facet normal 0 0 0.9999999999999999
outer loop
vertex 79.1469 4.9864500000000005 7.0002
vertex 79.01370000000001 4.85325 7.0002
vertex 81.95400000000001 4.85325 7.0002
endloop
endfacet
facet normal 0 0 1
outer loop
vertex 79.1469 4.9864500000000005 7.0002
vertex 81.95400000000001 4.85325 7.0002
vertex 81.9585 4.9864500000000005 7.0002
endloop
endfacet
facet normal 0 0 1
outer loop
vertex 2.04165 4.9864500000000005 7.0002
vertex 2.0457 4.85325 7.0002
vertex 4.9864500000000005 4.85325 7.0002
endloop
endfacet
facet normal 0 0 0.9999999999999999
outer loop
vertex 2.04165 4.9864500000000005 7.0002
vertex 4.9864500000000005 4.85325 7.0002
vertex 4.85325 4.9864500000000005 7.0002
endloop
endfacet
facet normal 0 0 1
outer loop
vertex 80.7471 4.80285 7.0002
vertex 79.01370000000001 4.85325 7.0002
vertex 78.87240000000001 4.7286 7.0002
endloop
endfacet
facet normal 0 0 0.9999999999999999
outer loop
vertex 80.7471 4.80285 7.0002
vertex 78.87240000000001 4.7286 7.0002
vertex 81.9423 4.7286 7.0002
endloop
endfacet
facet normal 0 0 1
outer loop
vertex 80.7471 4.80285 7.0002
vertex 81.9423 4.7286 7.0002
vertex 81.95400000000001 4.851450000000001 7.0002
endloop
endfacet
facet normal 0 0 1
outer loop
vertex 80.7471 4.80285 7.0002
vertex 81.95400000000001 4.851450000000001 7.0002
vertex 81.95400000000001 4.85325 7.0002
endloop
endfacet
facet normal 0 0 0.9999999999999999
outer loop
vertex 80.7471 4.80285 7.0002
vertex 81.95400000000001 4.85325 7.0002
vertex 79.01370000000001 4.85325 7.0002
endloop
endfacet
facet normal 0 0 1
outer loop
vertex 3.2526 4.80285 7.0002
vertex 2.0457 4.85325 7.0002
vertex 2.0457 4.851450000000001 7.0002
endloop
endfacet
facet normal 0 0 1
outer loop
vertex 3.2526 4.80285 7.0002
vertex 2.0457 4.851450000000001 7.0002
vertex 2.0574000000000003 4.7286 7.0002
endloop
endfacet
facet normal 0 0 1
outer loop
vertex 3.2526 4.80285 7.0002
vertex 2.0574000000000003 4.7286 7.0002
vertex 5.127750000000001 4.7286 7.0002
endloop
endfacet
facet normal 0 0 1
outer loop
vertex 3.2526 4.80285 7.0002
vertex 5.127750000000001 4.7286 7.0002
vertex 4.9864500000000005 4.85325 7.0002
endloop
endfacet
facet normal 0 0 1
outer loop
vertex 3.2526 4.80285 7.0002
vertex 4.9864500000000005 4.85325 7.0002
vertex 2.0457 4.85325 7.0002
endloop
endfacet
facet normal 0 0 1
outer loop
vertex 80.68050000000001 4.6692 7.0002
vertex 78.87240000000001 4.7286 7.0002
vertex 78.72345000000001 4.6129500000000005 7.0002
endloop
endfacet
facet normal 0 0 1
outer loop
vertex 80.68050000000001 4.6692 7.0002
vertex 78.72345000000001 4.6129500000000005 7.0002
vertex 81.92835000000001 4.6129500000000005 7.0002
endloop
endfacet
facet normal 0 0 1
outer loop
vertex 80.68050000000001 4.6692 7.0002
vertex 81.92835000000001 4.6129500000000005 7.0002
vertex 81.93645000000001 4.6638 7.0002
endloop
endfacet
facet normal 0 0 1
outer loop
vertex 80.68050000000001 4.6692 7.0002
vertex 81.93645000000001 4.6638 7.0002
vertex 81.9423 4.7286 7.0002
endloop
endfacet
facet normal 0 0 1
outer loop
vertex 80.68050000000001 4.6692 7.0002
vertex 81.9423 4.7286 7.0002
vertex 78.87240000000001 4.7286 7.0002
endloop
endfacet
facet normal 0 0 1
outer loop
vertex 3.31965 4.6692 7.0002
vertex 2.0574000000000003 4.7286 7.0002
vertex 2.0637000000000003 4.6638 7.0002
endloop
endfacet
facet normal 0 0 1
outer loop
vertex 3.31965 4.6692 7.0002
vertex 2.0637000000000003 4.6638 7.0002
vertex 2.0718 4.6129500000000005 7.0002
endloop
endfacet
facet normal 0 0 1
outer loop
vertex 3.31965 4.6692 7.0002
vertex 2.0718 4.6129500000000005 7.0002
vertex 5.276700000000001 4.6129500000000005 7.0002
endloop
endfacet
facet normal 0 0 1
outer loop
vertex 3.31965 4.6692 7.0002
vertex 5.276700000000001 4.6129500000000005 7.0002
vertex 5.127750000000001 4.7286 7.0002
endloop
endfacet
facet normal 0 0 1
outer loop
vertex 3.31965 4.6692 7.0002
vertex 5.127750000000001 4.7286 7.0002
vertex 2.0574000000000003 4.7286 7.0002
endloop
endfacet
facet normal 0 0 1
outer loop
vertex 78.72345000000001 4.6129500000000005 7.0002
vertex 78.5673 4.5072 7.0002
vertex 81.91170000000001 4.5072 7.0002
endloop
endfacet
facet normal 0 0 0.9999999999999999
outer loop
vertex 78.72345000000001 4.6129500000000005 7.0002
vertex 81.91170000000001 4.5072 7.0002
vertex 81.92835000000001 4.6129500000000005 7.0002
endloop
endfacet
facet normal 0 0 1
outer loop
vertex 2.0718 4.6129500000000005 7.0002
vertex 2.0884500000000004 4.5072 7.0002
vertex 5.4324 4.5072 7.0002
endloop
endfacet
facet normal 0 0 0.9999999999999999
outer loop
vertex 2.0718 4.6129500000000005 7.0002
vertex 5.4324 4.5072 7.0002
vertex 5.276700000000001 4.6129500000000005 7.0002
endloop
endfacet
facet normal 0 0 1
outer loop
vertex 80.5365 4.46265 7.0002
vertex 78.5673 4.5072 7.0002
vertex 78.40530000000001 4.410900000000001 7.0002
endloop
endfacet
facet normal 0 0 1
outer loop
vertex 80.5365 4.46265 7.0002
vertex 78.40530000000001 4.410900000000001 7.0002
vertex 81.8919 4.410900000000001 7.0002
endloop
endfacet
facet normal 0 0 0.9999999999999999
outer loop
vertex 80.5365 4.46265 7.0002
vertex 81.8919 4.410900000000001 7.0002
vertex 81.90675 4.477950000000001 7.0002
endloop
endfacet
facet normal 0 0 1
outer loop
vertex 80.5365 4.46265 7.0002
vertex 81.90675 4.477950000000001 7.0002
vertex 81.91170000000001 4.5072 7.0002
endloop
endfacet
facet normal 0 0 1
outer loop
vertex 80.5365 4.46265 7.0002
vertex 81.91170000000001 4.5072 7.0002
vertex 78.5673 4.5072 7.0002
endloop
endfacet
facet normal 0 0 1
outer loop
vertex 3.4632000000000005 4.46265 7.0002
vertex 2.0884500000000004 4.5072 7.0002
vertex 2.09295 4.477950000000001 7.0002
endloop
endfacet
facet normal 0 0 1
outer loop
vertex 3.4632000000000005 4.46265 7.0002
vertex 2.09295 4.477950000000001 7.0002
vertex 2.1082500000000004 4.410900000000001 7.0002
endloop
endfacet
facet normal 0 0 1
outer loop
vertex 3.4632000000000005 4.46265 7.0002
vertex 2.1082500000000004 4.410900000000001 7.0002
vertex 5.59485 4.410900000000001 7.0002
endloop
endfacet
facet normal 0 0 0.9999999999999999
outer loop
vertex 3.4632000000000005 4.46265 7.0002
vertex 5.59485 4.410900000000001 7.0002
vertex 5.4324 4.5072 7.0002
endloop
endfacet
facet normal 0 0 1
outer loop
vertex 3.4632000000000005 4.46265 7.0002
vertex 5.4324 4.5072 7.0002
vertex 2.0884500000000004 4.5072 7.0002
endloop
endfacet
facet normal 0 0 1
outer loop
vertex 78.40530000000001 4.410900000000001 7.0002
vertex 78.23745000000001 4.3254 7.0002
vertex 81.873 4.3254 7.0002
endloop
endfacet
facet normal 0 0 1
outer loop
vertex 78.40530000000001 4.410900000000001 7.0002
vertex 81.873 4.3254 7.0002
vertex 81.8919 4.410900000000001 7.0002
endloop
endfacet
facet normal 0 0 1
outer loop
vertex 2.1082500000000004 4.410900000000001 7.0002
vertex 2.1271500000000003 4.3254 7.0002
vertex 5.762700000000001 4.3254 7.0002
endloop
endfacet
facet normal 0 0 1
outer loop
vertex 2.1082500000000004 4.410900000000001 7.0002
vertex 5.762700000000001 4.3254 7.0002
vertex 5.59485 4.410900000000001 7.0002
endloop
endfacet
facet normal 0 0 1
outer loop
vertex 80.37855 4.2894000000000005 7.0002
vertex 78.23745000000001 4.3254 7.0002
vertex 78.06420000000001 4.2507 7.0002
endloop
endfacet
facet normal 0 0 1
outer loop
vertex 80.37855 4.2894000000000005 7.0002
vertex 78.06420000000001 4.2507 7.0002
vertex 81.8532 4.2507 7.0002
endloop
endfacet
facet normal 0 0 1
outer loop
vertex 80.37855 4.2894000000000005 7.0002
vertex 81.8532 4.2507 7.0002
vertex 81.86580000000001 4.293900000000001 7.0002
endloop
endfacet
facet normal 0 0 1
outer loop
vertex 80.37855 4.2894000000000005 7.0002
vertex 81.86580000000001 4.293900000000001 7.0002
vertex 81.873 4.3254 7.0002
endloop
endfacet
facet normal 0 0 1
outer loop
vertex 80.37855 4.2894000000000005 7.0002
vertex 81.873 4.3254 7.0002
vertex 78.23745000000001 4.3254 7.0002
endloop
endfacet
facet normal 0 0 1
outer loop
vertex 3.6211500000000005 4.2894000000000005 7.0002
vertex 2.1271500000000003 4.3254 7.0002
vertex 2.1343500000000004 4.293900000000001 7.0002
endloop
endfacet
facet normal 0 0 1
outer loop
vertex 3.6211500000000005 4.2894000000000005 7.0002
vertex 2.1343500000000004 4.293900000000001 7.0002
vertex 2.1469500000000004 4.2507 7.0002
endloop
endfacet
facet normal 0 0 1
outer loop
vertex 3.6211500000000005 4.2894000000000005 7.0002
vertex 2.1469500000000004 4.2507 7.0002
vertex 5.9355 4.2507 7.0002
endloop
endfacet
facet normal 0 0 1
outer loop
vertex 3.6211500000000005 4.2894000000000005 7.0002
vertex 5.9355 4.2507 7.0002
vertex 5.762700000000001 4.3254 7.0002
endloop
endfacet
facet normal 0 0 1
outer loop
vertex 3.6211500000000005 4.2894000000000005 7.0002
vertex 5.762700000000001 4.3254 7.0002
vertex 2.1271500000000003 4.3254 7.0002
endloop
endfacet
facet normal 0 0 1
outer loop
vertex 78.06420000000001 4.2507 7.0002
vertex 77.88690000000001 4.186800000000001 7.0002
vertex 81.83475000000001 4.186800000000001 7.0002
endloop
endfacet
facet normal 0 0 0.9999999999999999
outer loop
vertex 78.06420000000001 4.2507 7.0002
vertex 81.83475000000001 4.186800000000001 7.0002
vertex 81.8532 4.2507 7.0002
endloop
endfacet
facet normal 0 0 1
outer loop
vertex 2.1469500000000004 4.2507 7.0002
vertex 2.1654 4.186800000000001 7.0002
vertex 6.112800000000001 4.186800000000001 7.0002
endloop
endfacet
facet normal 0 0 1
outer loop
vertex 2.1469500000000004 4.2507 7.0002
vertex 6.112800000000001 4.186800000000001 7.0002
vertex 5.9355 4.2507 7.0002
endloop
endfacet
facet normal 0 0 1
outer loop
vertex 77.88690000000001 4.186800000000001 7.0002
vertex 77.706 4.13415 7.0002
vertex 81.81945 4.13415 7.0002
endloop
endfacet
facet normal 0 0 1
outer loop
vertex 77.88690000000001 4.186800000000001 7.0002
vertex 81.81945 4.13415 7.0002
vertex 81.83475000000001 4.186800000000001 7.0002
endloop
endfacet
facet normal 0 0 0.9999999999999999
outer loop
vertex 2.1654 4.186800000000001 7.0002
vertex 2.1807000000000003 4.13415 7.0002
vertex 6.294150000000001 4.13415 7.0002
endloop
endfacet
facet normal 0 0 1
outer loop
vertex 2.1654 4.186800000000001 7.0002
vertex 6.294150000000001 4.13415 7.0002
vertex 6.112800000000001 4.186800000000001 7.0002
endloop
endfacet
facet normal 0 0 0.9999999999999999
outer loop
vertex 80.1333 4.11345 7.0002
vertex 77.706 4.13415 7.0002
vertex 77.52195 4.0932 7.0002
endloop
endfacet
facet normal 0 0 1
outer loop
vertex 80.1333 4.11345 7.0002
vertex 77.52195 4.0932 7.0002
vertex 81.80595000000001 4.0932 7.0002
endloop
endfacet
facet normal 0 0 1
outer loop
vertex 80.1333 4.11345 7.0002
vertex 81.80595000000001 4.0932 7.0002
vertex 81.81315000000001 4.113 7.0002
endloop
endfacet
facet normal 0 0 1
outer loop
vertex 80.1333 4.11345 7.0002
vertex 81.81315000000001 4.113 7.0002
vertex 81.81945 4.13415 7.0002
endloop
endfacet
facet normal 0 0 1
outer loop
vertex 80.1333 4.11345 7.0002
vertex 81.81945 4.13415 7.0002
vertex 77.706 4.13415 7.0002
endloop
endfacet
facet normal 0 0 1
outer loop
vertex 3.8668500000000003 4.11345 7.0002
vertex 2.1807000000000003 4.13415 7.0002
vertex 2.1870000000000003 4.113 7.0002
endloop
endfacet
facet normal 0 0 1
outer loop
vertex 3.8668500000000003 4.11345 7.0002
vertex 2.1870000000000003 4.113 7.0002
vertex 2.19375 4.0932 7.0002
endloop
endfacet
facet normal 0 0 1
outer loop
vertex 3.8668500000000003 4.11345 7.0002
vertex 2.19375 4.0932 7.0002
vertex 6.47775 4.0932 7.0002
endloop
endfacet
facet normal 0 0 1
outer loop
vertex 3.8668500000000003 4.11345 7.0002
vertex 6.47775 4.0932 7.0002
vertex 6.294150000000001 4.13415 7.0002
endloop
endfacet
facet normal 0 0 1
outer loop
vertex 3.8668500000000003 4.11345 7.0002
vertex 6.294150000000001 4.13415 7.0002
vertex 2.1807000000000003 4.13415 7.0002
endloop
endfacet
facet normal 0 0 1
outer loop
vertex 77.52195 4.0932 7.0002
vertex 77.3361 4.0635 7.0002
vertex 81.79560000000001 4.0635 7.0002
endloop
endfacet
facet normal 0 0 1
outer loop
vertex 77.52195 4.0932 7.0002
vertex 81.79560000000001 4.0635 7.0002
vertex 81.80595000000001 4.0932 7.0002
endloop
endfacet
facet normal 0 0 1
outer loop
vertex 2.19375 4.0932 7.0002
vertex 2.2045500000000002 4.0635 7.0002
vertex 6.6640500000000005 4.0635 7.0002
endloop
endfacet
facet normal 0 0 1
outer loop
vertex 2.19375 4.0932 7.0002
vertex 6.6640500000000005 4.0635 7.0002
vertex 6.47775 4.0932 7.0002
endloop
endfacet
facet normal 0 0 1
outer loop
vertex 77.3361 4.0635 7.0002
vertex 77.14845000000001 4.04595 7.0002
vertex 81.78885000000001 4.04595 7.0002
endloop
endfacet
facet normal 0 0 1
outer loop
vertex 77.3361 4.0635 7.0002
vertex 81.78885000000001 4.04595 7.0002
vertex 81.79560000000001 4.0635 7.0002
endloop
endfacet
facet normal 0 0 1
outer loop
vertex 2.2045500000000002 4.0635 7.0002
vertex 2.21085 4.04595 7.0002
vertex 6.851700000000001 4.04595 7.0002
endloop
endfacet
facet normal 0 0 1
outer loop
vertex 2.2045500000000002 4.0635 7.0002
vertex 6.851700000000001 4.04595 7.0002
vertex 6.6640500000000005 4.0635 7.0002
endloop
endfacet
facet normal 0 0 0.9999999999999999
outer loop
vertex 77.14845000000001 4.04595 7.0002
vertex 76.9599 4.040100000000001 7.0002
vertex 81.78705000000001 4.040100000000001 7.0002
endloop
endfacet
facet normal 0 0 1
outer loop
vertex 77.14845000000001 4.04595 7.0002
vertex 81.78705000000001 4.040100000000001 7.0002
vertex 81.78885000000001 4.04595 7.0002
endloop
endfacet
facet normal 0 0 1
outer loop
vertex 2.21085 4.04595 7.0002
vertex 2.2131000000000003 4.040100000000001 7.0002
vertex 7.0398000000000005 4.040100000000001 7.0002
endloop
endfacet
facet normal 0 0 1
outer loop
vertex 2.21085 4.04595 7.0002
vertex 7.0398000000000005 4.040100000000001 7.0002
vertex 6.851700000000001 4.04595 7.0002
endloop
endfacet
facet normal 0 0 0.9999999999999999
outer loop
vertex 41.99985 2.8386000000000005 7.0002
vertex 76.9599 4.040100000000001 7.0002
vertex 7.0398000000000005 4.040100000000001 7.0002
endloop
endfacet
facet normal 0 0 1
outer loop
vertex 41.99985 2.8386000000000005 7.0002
vertex 7.0398000000000005 4.040100000000001 7.0002
vertex 2.2131000000000003 4.040100000000001 7.0002
endloop
endfacet
facet normal 0 0 1
outer loop
vertex 41.99985 2.8386000000000005 7.0002
vertex 2.2131000000000003 4.040100000000001 7.0002
vertex 2.2504500000000003 3.9357 7.0002
endloop
endfacet
facet normal 0 0 1
outer loop
vertex 41.99985 2.8386000000000005 7.0002
vertex 2.2504500000000003 3.9357 7.0002
vertex 2.3256 3.7624500000000003 7.0002
endloop
endfacet
facet normal 0 0 1
outer loop
vertex 41.99985 2.8386000000000005 7.0002
vertex 2.3256 3.7624500000000003 7.0002
vertex 2.4111000000000002 3.5946000000000002 7.0002
endloop
endfacet
facet normal 0 0 1
outer loop
vertex 41.99985 2.8386000000000005 7.0002
vertex 2.4111000000000002 3.5946000000000002 7.0002
vertex 2.5069500000000002 3.4326000000000003 7.0002
endloop
endfacet
facet normal 0 0 1
outer loop
vertex 41.99985 2.8386000000000005 7.0002
vertex 2.5069500000000002 3.4326000000000003 7.0002
vertex 2.61315 3.27645 7.0002
endloop
endfacet
facet normal 0 0 0.9999999999999999
outer loop
vertex 41.99985 2.8386000000000005 7.0002
vertex 2.61315 3.27645 7.0002
vertex 2.7283500000000003 3.1279500000000002 7.0002
endloop
endfacet
facet normal 0 0 1
outer loop
vertex 41.99985 2.8386000000000005 7.0002
vertex 2.7283500000000003 3.1279500000000002 7.0002
vertex 2.853 2.9862 7.0002
endloop
endfacet
facet normal 0 0 1
outer loop
vertex 41.99985 2.8386000000000005 7.0002
vertex 2.853 2.9862 7.0002
vertex 2.9862 2.853 7.0002
endloop
endfacet
facet normal 0 0 1
outer loop
vertex 41.99985 2.8386000000000005 7.0002
vertex 2.9862 2.853 7.0002
vertex 3.1279500000000002 2.7283500000000003 7.0002
endloop
endfacet
facet normal 0 0 1
outer loop
vertex 41.99985 2.8386000000000005 7.0002
vertex 3.1279500000000002 2.7283500000000003 7.0002
vertex 3.27645 2.61315 7.0002
endloop
endfacet
facet normal 0 0 1
outer loop
vertex 41.99985 2.8386000000000005 7.0002
vertex 3.27645 2.61315 7.0002
vertex 3.4326000000000003 2.5069500000000002 7.0002
endloop
endfacet
facet normal 0 0 1
outer loop
vertex 41.99985 2.8386000000000005 7.0002
vertex 3.4326000000000003 2.5069500000000002 7.0002
vertex 3.5946000000000002 2.4111000000000002 7.0002
endloop
endfacet
facet normal 0 0 1
outer loop
vertex 41.99985 2.8386000000000005 7.0002
vertex 3.5946000000000002 2.4111000000000002 7.0002
vertex 3.7624500000000003 2.3256 7.0002
endloop
endfacet
facet normal 0 0 0.9999999999999999
outer loop
vertex 41.99985 2.8386000000000005 7.0002
vertex 3.7624500000000003 2.3256 7.0002
vertex 3.9357 2.2504500000000003 7.0002
endloop
endfacet
facet normal 0 0 1
outer loop
vertex 41.99985 2.8386000000000005 7.0002
vertex 3.9357 2.2504500000000003 7.0002
vertex 4.113 2.1870000000000003 7.0002
endloop
endfacet
facet normal 0 0 1
outer loop
vertex 41.99985 2.8386000000000005 7.0002
vertex 4.113 2.1870000000000003 7.0002
vertex 4.293900000000001 2.1343500000000004 7.0002
endloop
endfacet
facet normal 0 0 0.9999999999999999
outer loop
vertex 41.99985 2.8386000000000005 7.0002
vertex 4.293900000000001 2.1343500000000004 7.0002
vertex 4.477950000000001 2.09295 7.0002
endloop
endfacet
facet normal 0 0 1
outer loop
vertex 41.99985 2.8386000000000005 7.0002
vertex 4.477950000000001 2.09295 7.0002
vertex 4.6638 2.0637000000000003 7.0002
endloop
endfacet
facet normal 0 0 1
outer loop
vertex 41.99985 2.8386000000000005 7.0002
vertex 4.6638 2.0637000000000003 7.0002
vertex 4.851450000000001 2.0457 7.0002
endloop
endfacet
facet normal 0 0 1
outer loop
vertex 41.99985 2.8386000000000005 7.0002
vertex 4.851450000000001 2.0457 7.0002
vertex 5.04 2.0398500000000004 7.0002
endloop
endfacet
facet normal 0 0 1
outer loop
vertex 41.99985 2.8386000000000005 7.0002
vertex 5.04 2.0398500000000004 7.0002
vertex 78.96015000000001 2.0398500000000004 7.0002
endloop
endfacet
facet normal 0 0 1
outer loop
vertex 41.99985 2.8386000000000005 7.0002
vertex 78.96015000000001 2.0398500000000004 7.0002
vertex 79.14825 2.0457 7.0002
endloop
endfacet
facet normal 0 0 1
outer loop
vertex 41.99985 2.8386000000000005 7.0002
vertex 79.14825 2.0457 7.0002
vertex 79.33590000000001 2.0637000000000003 7.0002
endloop
endfacet
facet normal 0 0 1
outer loop
vertex 41.99985 2.8386000000000005 7.0002
vertex 79.33590000000001 2.0637000000000003 7.0002
vertex 79.52220000000001 2.09295 7.0002
endloop
endfacet
facet normal 0 0 0.9999999999999999
outer loop
vertex 41.99985 2.8386000000000005 7.0002
vertex 79.52220000000001 2.09295 7.0002
vertex 79.70625000000001 2.1343500000000004 7.0002
endloop
endfacet
facet normal 0 0 1
outer loop
vertex 41.99985 2.8386000000000005 7.0002
vertex 79.70625000000001 2.1343500000000004 7.0002
vertex 79.88715 2.1870000000000003 7.0002
endloop
endfacet
facet normal 0 0 1
outer loop
vertex 41.99985 2.8386000000000005 7.0002
vertex 79.88715 2.1870000000000003 7.0002
vertex 80.06445000000001 2.2504500000000003 7.0002
endloop
endfacet
facet normal 0 0 1
outer loop
vertex 41.99985 2.8386000000000005 7.0002
vertex 80.06445000000001 2.2504500000000003 7.0002
vertex 80.23725 2.3256 7.0002
endloop
endfacet
facet normal 0 0 1
outer loop
vertex 41.99985 2.8386000000000005 7.0002
vertex 80.23725 2.3256 7.0002
vertex 80.4051 2.4111000000000002 7.0002
endloop
endfacet
facet normal 0 0 1
outer loop
vertex 41.99985 2.8386000000000005 7.0002
vertex 80.4051 2.4111000000000002 7.0002
vertex 80.56755000000001 2.5069500000000002 7.0002
endloop
endfacet
facet normal 0 0 1
outer loop
vertex 41.99985 2.8386000000000005 7.0002
vertex 80.56755000000001 2.5069500000000002 7.0002
vertex 80.72325000000001 2.61315 7.0002
endloop
endfacet
facet normal 0 0 1
outer loop
vertex 41.99985 2.8386000000000005 7.0002
vertex 80.72325000000001 2.61315 7.0002
vertex 80.8722 2.7283500000000003 7.0002
endloop
endfacet
facet normal 0 0 1
outer loop
vertex 41.99985 2.8386000000000005 7.0002
vertex 80.8722 2.7283500000000003 7.0002
vertex 81.01350000000001 2.853 7.0002
endloop
endfacet
facet normal 0 0 1
outer loop
vertex 41.99985 2.8386000000000005 7.0002
vertex 81.01350000000001 2.853 7.0002
vertex 81.14670000000001 2.9862 7.0002
endloop
endfacet
facet normal 0 0 0.9999999999999999
outer loop
vertex 41.99985 2.8386000000000005 7.0002
vertex 81.14670000000001 2.9862 7.0002
vertex 81.27135000000001 3.1279500000000002 7.0002
endloop
endfacet
facet normal 0 0 1
outer loop
vertex 41.99985 2.8386000000000005 7.0002
vertex 81.27135000000001 3.1279500000000002 7.0002
vertex 81.38700000000001 3.27645 7.0002
endloop
endfacet
facet normal 0 0 1
outer loop
vertex 41.99985 2.8386000000000005 7.0002
vertex 81.38700000000001 3.27645 7.0002
vertex 81.4932 3.4326000000000003 7.0002
endloop
endfacet
facet normal 0 0 1
outer loop
vertex 41.99985 2.8386000000000005 7.0002
vertex 81.4932 3.4326000000000003 7.0002
vertex 81.58905000000001 3.5946000000000002 7.0002
endloop
endfacet
facet normal 0 0 1
outer loop
vertex 41.99985 2.8386000000000005 7.0002
vertex 81.58905000000001 3.5946000000000002 7.0002
vertex 81.67455000000001 3.7624500000000003 7.0002
endloop
endfacet
facet normal 0 0 1
outer loop
vertex 41.99985 2.8386000000000005 7.0002
vertex 81.67455000000001 3.7624500000000003 7.0002
vertex 81.74925 3.9357 7.0002
endloop
endfacet
facet normal 0 0 1
outer loop
vertex 41.99985 2.8386000000000005 7.0002
vertex 81.74925 3.9357 7.0002
vertex 81.78705000000001 4.040100000000001 7.0002
endloop
endfacet
facet normal 0 0 1
outer loop
vertex 41.99985 2.8386000000000005 7.0002
vertex 81.78705000000001 4.040100000000001 7.0002
vertex 76.9599 4.040100000000001 7.0002
endloop
endfacet
endsolid JSCAD
