solid JSCAD
facet normal 0 1 0
outer loop
vertex 80.99975333333335 43.999840000000006 29.99998666666667
vertex 80.99975333333335 43.999840000000006 0
vertex 2.9998933333333335 43.999840000000006 0
endloop
endfacet
facet normal 0 1 0
outer loop
vertex 80.99975333333335 43.999840000000006 29.99998666666667
vertex 2.9998933333333335 43.999840000000006 0
vertex 2.9998933333333335 43.999840000000006 29.99998666666667
endloop
endfacet
facet normal 0 -1 0
outer loop
vertex 2.9998933333333335 0 0
vertex 80.99975333333335 0 0
vertex 80.99975333333335 0 29.99998666666667
endloop
endfacet
facet normal 0 -1 0
outer loop
vertex 2.9998933333333335 0 0
vertex 80.99975333333335 0 29.99998666666667
vertex 2.9998933333333335 0 29.99998666666667
endloop
endfacet
facet normal -0.9995677544643531 -0.02939905160189272 0
outer loop
vertex 0.002106666666666667 2.9372200000000004 13.000240000000002
vertex 0.0057933333333333335 2.8118733333333337 0
vertex 0.0057933333333333335 2.8118733333333337 29.99998666666667
endloop
endfacet
facet normal -0.9995256380054426 -0.03079770873406128 -0.000010322052564238483
outer loop
vertex 0.002106666666666667 2.9372200000000004 13.000240000000002
vertex 0.0057933333333333335 2.8118733333333337 29.99998666666667
vertex 0 2.9998933333333335 29.99998666666667
endloop
endfacet
facet normal -0.9994355464166094 -0.03359447214845757 0
outer loop
vertex 0.002106666666666667 2.9372200000000004 13.000240000000002
vertex 0 2.9998933333333335 29.99998666666667
vertex 0 2.9998933333333335 13.999853333333334
endloop
endfacet
facet normal -0.9994355464166095 -0.033594472148457566 0
outer loop
vertex 0.002106666666666667 2.9372200000000004 13.000240000000002
vertex 0 2.9998933333333335 13.999853333333334
vertex 0 2.9998933333333335 4.0000333333333336
endloop
endfacet
facet normal -0.9994355464166094 -0.033594472148457566 0
outer loop
vertex 0.002106666666666667 2.9372200000000004 13.000240000000002
vertex 0 2.9998933333333335 4.0000333333333336
vertex 0 2.9998933333333335 0
endloop
endfacet
facet normal -0.99952563796764 -0.030797708732896497 0.000013497618402847549
outer loop
vertex 0.002106666666666667 2.9372200000000004 13.000240000000002
vertex 0 2.9998933333333335 0
vertex 0.0057933333333333335 2.8118733333333337 0
endloop
endfacet
facet normal 0.03071176287172635 0.99952828255198 0
outer loop
vertex 81.18830000000001 43.99404666666667 0
vertex 80.99975333333335 43.999840000000006 0
vertex 80.99975333333335 43.999840000000006 29.99998666666667
endloop
endfacet
facet normal 0.03071176287172635 0.99952828255198 0
outer loop
vertex 81.18830000000001 43.99404666666667 0
vertex 80.99975333333335 43.999840000000006 29.99998666666667
vertex 81.18830000000001 43.99404666666667 29.99998666666667
endloop
endfacet
facet normal -0.03079770873571955 0.9995256380586891 0
outer loop
vertex 2.8118733333333337 43.99404666666667 29.99998666666667
vertex 2.9998933333333335 43.999840000000006 29.99998666666667
vertex 2.9998933333333335 43.999840000000006 0
endloop
endfacet
facet normal -0.03079770873571955 0.9995256380586891 0
outer loop
vertex 2.8118733333333337 43.99404666666667 29.99998666666667
vertex 2.9998933333333335 43.999840000000006 0
vertex 2.8118733333333337 43.99404666666667 0
endloop
endfacet
facet normal -0.9995713616941604 0.029276148668867148 0
outer loop
vertex 0.002106666666666667 41.06262 13.000240000000002
vertex 0.0057933333333333335 41.188493333333334 29.99998666666667
vertex 0.0057933333333333335 41.188493333333334 0
endloop
endfacet
facet normal -0.9995282824552489 0.03071176286873775 0.000013912386503056556
outer loop
vertex 0.002106666666666667 41.06262 13.000240000000002
vertex 0.0057933333333333335 41.188493333333334 0
vertex 0 40.99994666666667 0
endloop
endfacet
facet normal -0.9994355464166093 0.03359447214845971 0
outer loop
vertex 0.002106666666666667 41.06262 13.000240000000002
vertex 0 40.99994666666667 0
vertex 0 40.99994666666667 4.0000333333333336
endloop
endfacet
facet normal -0.9994355464166095 0.03359447214845971 0
outer loop
vertex 0.002106666666666667 41.06262 13.000240000000002
vertex 0 40.99994666666667 4.0000333333333336
vertex 0 40.99994666666667 13.999853333333334
endloop
endfacet
facet normal -0.9994355464166093 0.03359447214845971 0
outer loop
vertex 0.002106666666666667 41.06262 13.000240000000002
vertex 0 40.99994666666667 13.999853333333334
vertex 0 40.99994666666667 29.99998666666667
endloop
endfacet
facet normal -0.9995282824954106 0.03071176286997177 -0.000010639238752563563
outer loop
vertex 0.002106666666666667 41.06262 13.000240000000002
vertex 0 40.99994666666667 29.99998666666667
vertex 0.0057933333333333335 41.188493333333334 29.99998666666667
endloop
endfacet
facet normal -0.9876492768064382 0.15668090510243907 0
outer loop
vertex 0.023700000000000002 41.37598666666667 0
vertex 0.023700000000000002 41.37598666666667 29.99998666666667
vertex 0.053193333333333336 41.5619 29.99998666666667
endloop
endfacet
facet normal -0.9876492768064382 0.15668090510243907 0
outer loop
vertex 0.023700000000000002 41.37598666666667 0
vertex 0.053193333333333336 41.5619 29.99998666666667
vertex 0.053193333333333336 41.5619 0
endloop
endfacet
facet normal -0.9954703026448903 0.09507300643237585 0
outer loop
vertex 0.023700000000000002 41.37598666666667 0
vertex 0.0057933333333333335 41.188493333333334 0
vertex 0.0057933333333333335 41.188493333333334 29.99998666666667
endloop
endfacet
facet normal -0.9954703026448903 0.09507300643237585 0
outer loop
vertex 0.023700000000000002 41.37598666666667 0
vertex 0.0057933333333333335 41.188493333333334 29.99998666666667
vertex 0.023700000000000002 41.37598666666667 29.99998666666667
endloop
endfacet
facet normal -0.9411718968538647 0.33792818848462186 0
outer loop
vertex 0.14694000000000002 41.926880000000004 29.99998666666667
vertex 0.2106666666666667 42.10436666666667 29.99998666666667
vertex 0.2106666666666667 42.10436666666667 0
endloop
endfacet
facet normal -0.9411718968538647 0.33792818848462186 0
outer loop
vertex 0.14694000000000002 41.926880000000004 29.99998666666667
vertex 0.2106666666666667 42.10436666666667 0
vertex 0.14694000000000002 41.926880000000004 0
endloop
endfacet
facet normal -0.9760556471800605 0.2175209728001261 0
outer loop
vertex 0.09427333333333335 41.746233333333336 0
vertex 0.053193333333333336 41.5619 0
vertex 0.053193333333333336 41.5619 29.99998666666667
endloop
endfacet
facet normal -0.9760556471800605 0.2175209728001261 0
outer loop
vertex 0.09427333333333335 41.746233333333336 0
vertex 0.053193333333333336 41.5619 29.99998666666667
vertex 0.09427333333333335 41.746233333333336 29.99998666666667
endloop
endfacet
facet normal -0.9600313419456881 0.27989251951769134 0
outer loop
vertex 0.09427333333333335 41.746233333333336 0
vertex 0.09427333333333335 41.746233333333336 29.99998666666667
vertex 0.14694000000000002 41.926880000000004 29.99998666666667
endloop
endfacet
facet normal -0.9600313419456881 0.27989251951769134 0
outer loop
vertex 0.09427333333333335 41.746233333333336 0
vertex 0.14694000000000002 41.926880000000004 29.99998666666667
vertex 0.14694000000000002 41.926880000000004 0
endloop
endfacet
facet normal -0.21811463100551448 0.9759231566785 0
outer loop
vertex 2.2541333333333333 43.90556666666667 29.99998666666667
vertex 2.43794 43.94664666666667 29.99998666666667
vertex 2.43794 43.94664666666667 0
endloop
endfacet
facet normal -0.21811463100551448 0.9759231566785 0
outer loop
vertex 2.2541333333333333 43.90556666666667 29.99998666666667
vertex 2.43794 43.94664666666667 0
vertex 2.2541333333333333 43.90556666666667 0
endloop
endfacet
facet normal 0.09507300643239269 0.9954703026448888 0
outer loop
vertex 81.37579333333333 43.97614 0
vertex 81.18830000000001 43.99404666666667 0
vertex 81.18830000000001 43.99404666666667 29.99998666666667
endloop
endfacet
facet normal 0.09507300643239269 0.9954703026448888 0
outer loop
vertex 81.37579333333333 43.97614 0
vertex 81.18830000000001 43.99404666666667 29.99998666666667
vertex 81.37579333333333 43.97614 29.99998666666667
endloop
endfacet
facet normal 0.7504912652871429 -0.6608803679393899 0
outer loop
vertex 83.31129333333334 1.0875666666666668 0
vertex 83.31129333333334 1.0875666666666668 29.99998666666667
vertex 83.18700000000001 0.94642 29.99998666666667
endloop
endfacet
facet normal 0.7504912652871429 -0.6608803679393899 0
outer loop
vertex 83.31129333333334 1.0875666666666668 0
vertex 83.18700000000001 0.94642 29.99998666666667
vertex 83.18700000000001 0.94642 0
endloop
endfacet
facet normal 0.9994355463891444 -0.03359447214754665 -0.00000741349533427538
outer loop
vertex 83.99964666666668 2.981986666666667 10.143073333333334
vertex 83.99385333333333 2.8118733333333337 0
vertex 84.00017333333334 2.9998933333333335 0
endloop
endfacet
facet normal 0.9995677544643663 -0.029399051601441083 0
outer loop
vertex 83.99964666666668 2.981986666666667 10.143073333333334
vertex 84.00017333333334 2.9998933333333335 0
vertex 84.00017333333334 2.9998933333333335 5.000173333333334
endloop
endfacet
facet normal 0.9995677544643663 -0.029399051601441066 0
outer loop
vertex 83.99964666666668 2.981986666666667 10.143073333333334
vertex 84.00017333333334 2.9998933333333335 5.000173333333334
vertex 84.00017333333334 2.9998933333333335 5.077066666666667
endloop
endfacet
facet normal 0.9995677544643664 -0.029399051601441063 0
outer loop
vertex 83.99964666666668 2.981986666666667 10.143073333333334
vertex 84.00017333333334 2.9998933333333335 5.077066666666667
vertex 84.00017333333334 2.9998933333333335 5.304586666666667
endloop
endfacet
facet normal 0.9995677544643663 -0.029399051601441083 0
outer loop
vertex 83.99964666666668 2.981986666666667 10.143073333333334
vertex 84.00017333333334 2.9998933333333335 5.304586666666667
vertex 84.00017333333334 2.9998933333333335 5.674306666666667
endloop
endfacet
facet normal 0.9995677544643663 -0.02939905160144112 0
outer loop
vertex 83.99964666666668 2.981986666666667 10.143073333333334
vertex 84.00017333333334 2.9998933333333335 5.674306666666667
vertex 84.00017333333334 2.9998933333333335 6.171480000000001
endloop
endfacet
facet normal 0.9995677544643664 -0.029399051601441073 0
outer loop
vertex 83.99964666666668 2.981986666666667 10.143073333333334
vertex 84.00017333333334 2.9998933333333335 6.171480000000001
vertex 84.00017333333334 2.9998933333333335 6.777673333333334
endloop
endfacet
facet normal 0.9995677544643663 -0.029399051601441097 0
outer loop
vertex 83.99964666666668 2.981986666666667 10.143073333333334
vertex 84.00017333333334 2.9998933333333335 6.777673333333334
vertex 84.00017333333334 2.9998933333333335 7.469186666666667
endloop
endfacet
facet normal 0.9995677544643663 -0.02939905160144108 0
outer loop
vertex 83.99964666666668 2.981986666666667 10.143073333333334
vertex 84.00017333333334 2.9998933333333335 7.469186666666667
vertex 84.00017333333334 2.9998933333333335 8.219686666666668
endloop
endfacet
facet normal 0.9995677544643663 -0.029399051601441076 0
outer loop
vertex 83.99964666666668 2.981986666666667 10.143073333333334
vertex 84.00017333333334 2.9998933333333335 8.219686666666668
vertex 84.00017333333334 2.9998933333333335 9.000206666666667
endloop
endfacet
facet normal 0.9995677544643663 -0.029399051601441083 0
outer loop
vertex 83.99964666666668 2.981986666666667 10.143073333333334
vertex 84.00017333333334 2.9998933333333335 9.000206666666667
vertex 84.00017333333334 2.9998933333333335 9.7802
endloop
endfacet
facet normal 0.9995677544643664 -0.029399051601441083 0
outer loop
vertex 83.99964666666668 2.981986666666667 10.143073333333334
vertex 84.00017333333334 2.9998933333333335 9.7802
vertex 84.00017333333334 2.9998933333333335 10.530700000000001
endloop
endfacet
facet normal 0.9995677544643664 -0.02939905160144109 0
outer loop
vertex 83.99964666666668 2.981986666666667 10.143073333333334
vertex 84.00017333333334 2.9998933333333335 10.530700000000001
vertex 84.00017333333334 2.9998933333333335 11.222213333333334
endloop
endfacet
facet normal 0.9995677544643664 -0.029399051601441094 0
outer loop
vertex 83.99964666666668 2.981986666666667 10.143073333333334
vertex 84.00017333333334 2.9998933333333335 11.222213333333334
vertex 84.00017333333334 2.9998933333333335 11.828406666666668
endloop
endfacet
facet normal 0.9995677544643664 -0.02939905160144106 0
outer loop
vertex 83.99964666666668 2.981986666666667 10.143073333333334
vertex 84.00017333333334 2.9998933333333335 11.828406666666668
vertex 84.00017333333334 2.9998933333333335 12.326106666666668
endloop
endfacet
facet normal 0.9995677544643663 -0.029399051601441097 0
outer loop
vertex 83.99964666666668 2.981986666666667 10.143073333333334
vertex 84.00017333333334 2.9998933333333335 12.326106666666668
vertex 84.00017333333334 2.9998933333333335 12.695300000000001
endloop
endfacet
facet normal 0.9995677544643664 -0.02939905160144114 0
outer loop
vertex 83.99964666666668 2.981986666666667 10.143073333333334
vertex 84.00017333333334 2.9998933333333335 12.695300000000001
vertex 84.00017333333334 2.9998933333333335 12.923346666666667
endloop
endfacet
facet normal 0.9995677544643664 -0.029399051601441087 0
outer loop
vertex 83.99964666666668 2.981986666666667 10.143073333333334
vertex 84.00017333333334 2.9998933333333335 12.923346666666667
vertex 84.00017333333334 2.9998933333333335 13.000240000000002
endloop
endfacet
facet normal 0.9995677544643663 -0.02939905160144108 0
outer loop
vertex 83.99964666666668 2.981986666666667 10.143073333333334
vertex 84.00017333333334 2.9998933333333335 13.000240000000002
vertex 84.00017333333334 2.9998933333333335 29.99998666666667
endloop
endfacet
facet normal 0.9994355464094428 -0.033594472148228936 0.000003786873899841108
outer loop
vertex 83.99964666666668 2.981986666666667 10.143073333333334
vertex 84.00017333333334 2.9998933333333335 29.99998666666667
vertex 83.99385333333333 2.8118733333333337 29.99998666666667
endloop
endfacet
facet normal 0.9994206076429116 -0.03403599592598085 0
outer loop
vertex 83.99964666666668 2.981986666666667 10.143073333333334
vertex 83.99385333333333 2.8118733333333337 29.99998666666667
vertex 83.99385333333333 2.8118733333333337 0
endloop
endfacet
facet normal -0.9954954725939523 -0.0948090926279953 0
outer loop
vertex 0.023700000000000002 2.6238533333333334 29.99998666666667
vertex 0.0057933333333333335 2.8118733333333337 29.99998666666667
vertex 0.0057933333333333335 2.8118733333333337 0
endloop
endfacet
facet normal -0.9954954725939523 -0.0948090926279953 0
outer loop
vertex 0.023700000000000002 2.6238533333333334 29.99998666666667
vertex 0.0057933333333333335 2.8118733333333337 0
vertex 0.023700000000000002 2.6238533333333334 0
endloop
endfacet
facet normal -0.09480909262800499 0.9954954725939513 0
outer loop
vertex 2.6238533333333334 43.97614 29.99998666666667
vertex 2.8118733333333337 43.99404666666667 29.99998666666667
vertex 2.8118733333333337 43.99404666666667 0
endloop
endfacet
facet normal -0.09480909262800499 0.9954954725939513 0
outer loop
vertex 2.6238533333333334 43.97614 29.99998666666667
vertex 2.8118733333333337 43.99404666666667 0
vertex 2.6238533333333334 43.97614 0
endloop
endfacet
facet normal -0.15668090510240829 0.9876492768064432 0
outer loop
vertex 2.6238533333333334 43.97614 29.99998666666667
vertex 2.6238533333333334 43.97614 0
vertex 2.43794 43.94664666666667 0
endloop
endfacet
facet normal -0.15668090510240829 0.9876492768064432 0
outer loop
vertex 2.6238533333333334 43.97614 29.99998666666667
vertex 2.43794 43.94664666666667 0
vertex 2.43794 43.94664666666667 29.99998666666667
endloop
endfacet
facet normal -0.860926528214316 0.50872931212664 0
outer loop
vertex 0.3713 42.44512 29.99998666666667
vertex 0.46715333333333336 42.60733333333334 29.99998666666667
vertex 0.46715333333333336 42.60733333333334 0
endloop
endfacet
facet normal -0.860926528214316 0.50872931212664 0
outer loop
vertex 0.3713 42.44512 29.99998666666667
vertex 0.46715333333333336 42.60733333333334 0
vertex 0.3713 42.44512 0
endloop
endfacet
facet normal -0.8272902162579625 0.5617747752292315 0
outer loop
vertex 0.5730133333333334 42.76322666666667 0
vertex 0.46715333333333336 42.60733333333334 0
vertex 0.46715333333333336 42.60733333333334 29.99998666666667
endloop
endfacet
facet normal -0.8272902162579625 0.5617747752292315 0
outer loop
vertex 0.5730133333333334 42.76322666666667 0
vertex 0.46715333333333336 42.60733333333334 29.99998666666667
vertex 0.5730133333333334 42.76322666666667 29.99998666666667
endloop
endfacet
facet normal -0.7908545983332302 0.6120040884628019 0
outer loop
vertex 0.6883533333333334 42.91227333333334 29.99998666666667
vertex 0.6883533333333334 42.91227333333334 0
vertex 0.5730133333333334 42.76322666666667 0
endloop
endfacet
facet normal -0.7908545983332302 0.6120040884628019 0
outer loop
vertex 0.6883533333333334 42.91227333333334 29.99998666666667
vertex 0.5730133333333334 42.76322666666667 0
vertex 0.5730133333333334 42.76322666666667 29.99998666666667
endloop
endfacet
facet normal -0.7491032560346333 0.6624532525381022 0
outer loop
vertex 0.8131733333333334 43.05342 0
vertex 0.6883533333333334 42.91227333333334 0
vertex 0.6883533333333334 42.91227333333334 29.99998666666667
endloop
endfacet
facet normal -0.7491032560346333 0.6624532525381022 0
outer loop
vertex 0.8131733333333334 43.05342 0
vertex 0.6883533333333334 42.91227333333334 29.99998666666667
vertex 0.8131733333333334 43.05342 29.99998666666667
endloop
endfacet
facet normal -0.27656544607052264 0.9609950853359308 0
outer loop
vertex 2.07296 43.85342666666667 29.99998666666667
vertex 2.2541333333333333 43.90556666666667 29.99998666666667
vertex 2.2541333333333333 43.90556666666667 0
endloop
endfacet
facet normal -0.27656544607052264 0.9609950853359308 0
outer loop
vertex 2.07296 43.85342666666667 29.99998666666667
vertex 2.2541333333333333 43.90556666666667 0
vertex 2.07296 43.85342666666667 0
endloop
endfacet
facet normal -0.34039855268624636 0.9402812479939759 0
outer loop
vertex 2.07296 43.85342666666667 29.99998666666667
vertex 2.07296 43.85342666666667 0
vertex 1.8954733333333336 43.78917333333334 0
endloop
endfacet
facet normal -0.34039855268624636 0.9402812479939759 0
outer loop
vertex 2.07296 43.85342666666667 29.99998666666667
vertex 1.8954733333333336 43.78917333333334 0
vertex 1.8954733333333336 43.78917333333334 29.99998666666667
endloop
endfacet
facet normal 0.9994386927267725 0.03350073830370417 0.000003702262674434347
outer loop
vertex 83.99964666666668 41.017853333333335 10.143073333333334
vertex 83.99385333333333 41.188493333333334 29.99998666666667
vertex 84.00017333333334 40.99994666666667 29.99998666666667
endloop
endfacet
facet normal 0.9995677544643663 0.029399051601449823 0
outer loop
vertex 83.99964666666668 41.017853333333335 10.143073333333334
vertex 84.00017333333334 40.99994666666667 29.99998666666667
vertex 84.00017333333334 40.99994666666667 13.000240000000002
endloop
endfacet
facet normal 0.9995677544643662 0.02939905160144982 0
outer loop
vertex 83.99964666666668 41.017853333333335 10.143073333333334
vertex 84.00017333333334 40.99994666666667 13.000240000000002
vertex 84.00017333333334 40.99994666666667 12.923346666666667
endloop
endfacet
facet normal 0.9995677544643661 0.02939905160144987 0
outer loop
vertex 83.99964666666668 41.017853333333335 10.143073333333334
vertex 84.00017333333334 40.99994666666667 12.923346666666667
vertex 84.00017333333334 40.99994666666667 12.695300000000001
endloop
endfacet
facet normal 0.9995677544643661 0.029399051601449823 0
outer loop
vertex 83.99964666666668 41.017853333333335 10.143073333333334
vertex 84.00017333333334 40.99994666666667 12.695300000000001
vertex 84.00017333333334 40.99994666666667 12.326106666666668
endloop
endfacet
facet normal 0.9995677544643661 0.029399051601449816 0
outer loop
vertex 83.99964666666668 41.017853333333335 10.143073333333334
vertex 84.00017333333334 40.99994666666667 12.326106666666668
vertex 84.00017333333334 40.99994666666667 11.828406666666668
endloop
endfacet
facet normal 0.9995677544643661 0.02939905160144983 0
outer loop
vertex 83.99964666666668 41.017853333333335 10.143073333333334
vertex 84.00017333333334 40.99994666666667 11.828406666666668
vertex 84.00017333333334 40.99994666666667 11.222213333333334
endloop
endfacet
facet normal 0.999567754464366 0.02939905160144982 0
outer loop
vertex 83.99964666666668 41.017853333333335 10.143073333333334
vertex 84.00017333333334 40.99994666666667 11.222213333333334
vertex 84.00017333333334 40.99994666666667 10.530700000000001
endloop
endfacet
facet normal 0.9995677544643661 0.029399051601449823 0
outer loop
vertex 83.99964666666668 41.017853333333335 10.143073333333334
vertex 84.00017333333334 40.99994666666667 10.530700000000001
vertex 84.00017333333334 40.99994666666667 9.7802
endloop
endfacet
facet normal 0.999567754464366 0.029399051601449823 0
outer loop
vertex 83.99964666666668 41.017853333333335 10.143073333333334
vertex 84.00017333333334 40.99994666666667 9.7802
vertex 84.00017333333334 40.99994666666667 9.000206666666667
endloop
endfacet
facet normal 0.9995677544643662 0.029399051601449823 0
outer loop
vertex 83.99964666666668 41.017853333333335 10.143073333333334
vertex 84.00017333333334 40.99994666666667 9.000206666666667
vertex 84.00017333333334 40.99994666666667 8.219686666666668
endloop
endfacet
facet normal 0.9995677544643661 0.02939905160144983 0
outer loop
vertex 83.99964666666668 41.017853333333335 10.143073333333334
vertex 84.00017333333334 40.99994666666667 8.219686666666668
vertex 84.00017333333334 40.99994666666667 7.469186666666667
endloop
endfacet
facet normal 0.9995677544643661 0.02939905160144984 0
outer loop
vertex 83.99964666666668 41.017853333333335 10.143073333333334
vertex 84.00017333333334 40.99994666666667 7.469186666666667
vertex 84.00017333333334 40.99994666666667 6.777673333333334
endloop
endfacet
facet normal 0.9995677544643662 0.029399051601449802 0
outer loop
vertex 83.99964666666668 41.017853333333335 10.143073333333334
vertex 84.00017333333334 40.99994666666667 6.777673333333334
vertex 84.00017333333334 40.99994666666667 6.171480000000001
endloop
endfacet
facet normal 0.9995677544643659 0.029399051601449865 0
outer loop
vertex 83.99964666666668 41.017853333333335 10.143073333333334
vertex 84.00017333333334 40.99994666666667 6.171480000000001
vertex 84.00017333333334 40.99994666666667 5.674306666666667
endloop
endfacet
facet normal 0.9995677544643661 0.02939905160144983 0
outer loop
vertex 83.99964666666668 41.017853333333335 10.143073333333334
vertex 84.00017333333334 40.99994666666667 5.674306666666667
vertex 84.00017333333334 40.99994666666667 5.304586666666667
endloop
endfacet
facet normal 0.9995677544643661 0.029399051601449764 0
outer loop
vertex 83.99964666666668 41.017853333333335 10.143073333333334
vertex 84.00017333333334 40.99994666666667 5.304586666666667
vertex 84.00017333333334 40.99994666666667 5.077066666666667
endloop
endfacet
facet normal 0.9995677544643661 0.029399051601449948 0
outer loop
vertex 83.99964666666668 41.017853333333335 10.143073333333334
vertex 84.00017333333334 40.99994666666667 5.077066666666667
vertex 84.00017333333334 40.99994666666667 5.000173333333334
endloop
endfacet
facet normal 0.9995677544643662 0.02939905160144982 0
outer loop
vertex 83.99964666666668 41.017853333333335 10.143073333333334
vertex 84.00017333333334 40.99994666666667 5.000173333333334
vertex 84.00017333333334 40.99994666666667 0
endloop
endfacet
facet normal 0.9994386927073711 0.03350073830305384 -0.000007247853450931434
outer loop
vertex 83.99964666666668 41.017853333333335 10.143073333333334
vertex 84.00017333333334 40.99994666666667 0
vertex 83.99385333333333 41.188493333333334 0
endloop
endfacet
facet normal 0.9994241755358693 0.033931067688007445 0
outer loop
vertex 83.99964666666668 41.017853333333335 10.143073333333334
vertex 83.99385333333333 41.188493333333334 0
vertex 83.99385333333333 41.188493333333334 29.99998666666667
endloop
endfacet
facet normal 0.15624912418397857 0.9877176778775096 0
outer loop
vertex 81.56223333333334 43.94664666666667 29.99998666666667
vertex 81.56223333333334 43.94664666666667 0
vertex 81.37579333333333 43.97614 0
endloop
endfacet
facet normal 0.15624912418397857 0.9877176778775096 0
outer loop
vertex 81.56223333333334 43.94664666666667 29.99998666666667
vertex 81.37579333333333 43.97614 0
vertex 81.37579333333333 43.97614 29.99998666666667
endloop
endfacet
facet normal 0.3412937920567632 0.9399566732054808 0
outer loop
vertex 81.92721333333334 43.85342666666667 0
vertex 81.92721333333334 43.85342666666667 29.99998666666667
vertex 82.10417333333334 43.78917333333334 29.99998666666667
endloop
endfacet
facet normal 0.3412937920567632 0.9399566732054808 0
outer loop
vertex 81.92721333333334 43.85342666666667 0
vertex 82.10417333333334 43.78917333333334 29.99998666666667
vertex 82.10417333333334 43.78917333333334 0
endloop
endfacet
facet normal 0.6610679349323911 0.7503260527292277 0
outer loop
vertex 83.05375333333335 43.18666666666667 29.99998666666667
vertex 83.05375333333335 43.18666666666667 0
vertex 82.91208 43.31148666666667 0
endloop
endfacet
facet normal 0.6610679349323911 0.7503260527292277 0
outer loop
vertex 83.05375333333335 43.18666666666667 29.99998666666667
vertex 82.91208 43.31148666666667 0
vertex 82.91208 43.31148666666667 29.99998666666667
endloop
endfacet
facet normal 0.1562491241840082 -0.9877176778775048 0
outer loop
vertex 81.37579333333333 0.023700000000000002 29.99998666666667
vertex 81.37579333333333 0.023700000000000002 0
vertex 81.56223333333334 0.053193333333333336 0
endloop
endfacet
facet normal 0.1562491241840082 -0.9877176778775048 0
outer loop
vertex 81.37579333333333 0.023700000000000002 29.99998666666667
vertex 81.56223333333334 0.053193333333333336 0
vertex 81.56223333333334 0.053193333333333336 29.99998666666667
endloop
endfacet
facet normal 0.6133587577924581 -0.7898044278422937 0
outer loop
vertex 82.91208 0.6883533333333334 0
vertex 82.91208 0.6883533333333334 29.99998666666667
vertex 82.76356000000001 0.5730133333333334 29.99998666666667
endloop
endfacet
facet normal 0.6133587577924581 -0.7898044278422937 0
outer loop
vertex 82.91208 0.6883533333333334 0
vertex 82.76356000000001 0.5730133333333334 29.99998666666667
vertex 82.76356000000001 0.5730133333333334 0
endloop
endfacet
facet normal -0.7071067811865475 -0.7071067811865475 0
outer loop
vertex 0.8131733333333334 0.94642 0
vertex 0.94642 0.8131733333333334 0
vertex 0.94642 0.8131733333333334 29.99998666666667
endloop
endfacet
facet normal -0.7071067811865475 -0.7071067811865475 0
outer loop
vertex 0.8131733333333334 0.94642 0
vertex 0.94642 0.8131733333333334 29.99998666666667
vertex 0.8131733333333334 0.94642 29.99998666666667
endloop
endfacet
facet normal -0.030797708735701947 -0.9995256380586898 0
outer loop
vertex 2.8118733333333337 0.0057933333333333335 29.99998666666667
vertex 2.8118733333333337 0.0057933333333333335 0
vertex 2.9998933333333335 0 0
endloop
endfacet
facet normal -0.030797708735701947 -0.9995256380586898 0
outer loop
vertex 2.8118733333333337 0.0057933333333333335 29.99998666666667
vertex 2.9998933333333335 0 0
vertex 2.9998933333333335 0 29.99998666666667
endloop
endfacet
facet normal -0.8904849541660941 0.45501268817892243 0
outer loop
vertex 0.28545333333333334 42.27711333333334 29.99998666666667
vertex 0.3713 42.44512 29.99998666666667
vertex 0.3713 42.44512 0
endloop
endfacet
facet normal -0.8904849541660941 0.45501268817892243 0
outer loop
vertex 0.28545333333333334 42.27711333333334 29.99998666666667
vertex 0.3713 42.44512 0
vertex 0.28545333333333334 42.27711333333334 0
endloop
endfacet
facet normal -0.9176916685682983 0.3972933443191977 0
outer loop
vertex 0.28545333333333334 42.27711333333334 29.99998666666667
vertex 0.28545333333333334 42.27711333333334 0
vertex 0.2106666666666667 42.10436666666667 0
endloop
endfacet
facet normal -0.9176916685682983 0.3972933443191977 0
outer loop
vertex 0.28545333333333334 42.27711333333334 29.99998666666667
vertex 0.2106666666666667 42.10436666666667 0
vertex 0.2106666666666667 42.10436666666667 29.99998666666667
endloop
endfacet
facet normal -0.6120040884628232 0.7908545983332137 0
outer loop
vertex 1.2366133333333333 43.42682666666667 0
vertex 1.0875666666666668 43.31148666666667 0
vertex 1.0875666666666668 43.31148666666667 29.99998666666667
endloop
endfacet
facet normal -0.6120040884628232 0.7908545983332137 0
outer loop
vertex 1.2366133333333333 43.42682666666667 0
vertex 1.0875666666666668 43.31148666666667 29.99998666666667
vertex 1.2366133333333333 43.42682666666667 29.99998666666667
endloop
endfacet
facet normal -0.45279492187923404 0.8916146918486586 0
outer loop
vertex 1.7227266666666667 43.71438666666667 29.99998666666667
vertex 1.7227266666666667 43.71438666666667 0
vertex 1.55472 43.629066666666674 0
endloop
endfacet
facet normal -0.45279492187923404 0.8916146918486586 0
outer loop
vertex 1.7227266666666667 43.71438666666667 29.99998666666667
vertex 1.55472 43.629066666666674 0
vertex 1.55472 43.629066666666674 29.99998666666667
endloop
endfacet
facet normal -0.39729334431920776 0.917691668568294 0
outer loop
vertex 1.7227266666666667 43.71438666666667 29.99998666666667
vertex 1.8954733333333336 43.78917333333334 29.99998666666667
vertex 1.8954733333333336 43.78917333333334 0
endloop
endfacet
facet normal -0.39729334431920776 0.917691668568294 0
outer loop
vertex 1.7227266666666667 43.71438666666667 29.99998666666667
vertex 1.8954733333333336 43.78917333333334 0
vertex 1.7227266666666667 43.71438666666667 0
endloop
endfacet
facet normal -0.5087293121266585 0.8609265282143052 0
outer loop
vertex 1.3925066666666668 43.533213333333336 29.99998666666667
vertex 1.55472 43.629066666666674 29.99998666666667
vertex 1.55472 43.629066666666674 0
endloop
endfacet
facet normal -0.5087293121266585 0.8609265282143052 0
outer loop
vertex 1.3925066666666668 43.533213333333336 29.99998666666667
vertex 1.55472 43.629066666666674 0
vertex 1.3925066666666668 43.533213333333336 0
endloop
endfacet
facet normal -0.5636831290619699 0.825991119813589 0
outer loop
vertex 1.3925066666666668 43.533213333333336 29.99998666666667
vertex 1.3925066666666668 43.533213333333336 0
vertex 1.2366133333333333 43.42682666666667 0
endloop
endfacet
facet normal -0.5636831290619699 0.825991119813589 0
outer loop
vertex 1.3925066666666668 43.533213333333336 29.99998666666667
vertex 1.2366133333333333 43.42682666666667 0
vertex 1.2366133333333333 43.42682666666667 29.99998666666667
endloop
endfacet
facet normal -0.6624532525380942 0.7491032560346403 0
outer loop
vertex 0.94642 43.18666666666667 29.99998666666667
vertex 1.0875666666666668 43.31148666666667 29.99998666666667
vertex 1.0875666666666668 43.31148666666667 0
endloop
endfacet
facet normal -0.6624532525380942 0.7491032560346403 0
outer loop
vertex 0.94642 43.18666666666667 29.99998666666667
vertex 1.0875666666666668 43.31148666666667 0
vertex 0.94642 43.18666666666667 0
endloop
endfacet
facet normal -0.7071067811865425 0.7071067811865525 0
outer loop
vertex 0.94642 43.18666666666667 29.99998666666667
vertex 0.94642 43.18666666666667 0
vertex 0.8131733333333334 43.05342 0
endloop
endfacet
facet normal -0.7071067811865425 0.7071067811865525 0
outer loop
vertex 0.94642 43.18666666666667 29.99998666666667
vertex 0.8131733333333334 43.05342 0
vertex 0.8131733333333334 43.05342 29.99998666666667
endloop
endfacet
facet normal 0.7504912652871367 0.6608803679393968 0
outer loop
vertex 83.18700000000001 43.05342 0
vertex 83.18700000000001 43.05342 29.99998666666667
vertex 83.31129333333334 42.91227333333334 29.99998666666667
endloop
endfacet
facet normal 0.7504912652871367 0.6608803679393968 0
outer loop
vertex 83.18700000000001 43.05342 0
vertex 83.31129333333334 42.91227333333334 29.99998666666667
vertex 83.31129333333334 42.91227333333334 0
endloop
endfacet
facet normal 0.7071067811865476 0.7071067811865476 0
outer loop
vertex 83.18700000000001 43.05342 0
vertex 83.05375333333335 43.18666666666667 0
vertex 83.05375333333335 43.18666666666667 29.99998666666667
endloop
endfacet
facet normal 0.7071067811865476 0.7071067811865476 0
outer loop
vertex 83.18700000000001 43.05342 0
vertex 83.05375333333335 43.18666666666667 29.99998666666667
vertex 83.18700000000001 43.05342 29.99998666666667
endloop
endfacet
facet normal 0.9760556471800514 0.21752097280016638 0
outer loop
vertex 83.94698000000001 41.5619 0
vertex 83.9059 41.746233333333336 0
vertex 83.9059 41.746233333333336 29.99998666666667
endloop
endfacet
facet normal 0.9760556471800514 0.21752097280016638 0
outer loop
vertex 83.94698000000001 41.5619 0
vertex 83.9059 41.746233333333336 29.99998666666667
vertex 83.94698000000001 41.5619 29.99998666666667
endloop
endfacet
facet normal 0.39627564067991616 0.9181315900260278 0
outer loop
vertex 82.27744666666668 43.71438666666667 0
vertex 82.10417333333334 43.78917333333334 0
vertex 82.10417333333334 43.78917333333334 29.99998666666667
endloop
endfacet
facet normal 0.39627564067991616 0.9181315900260278 0
outer loop
vertex 82.27744666666668 43.71438666666667 0
vertex 82.10417333333334 43.78917333333334 29.99998666666667
vertex 82.27744666666668 43.71438666666667 29.99998666666667
endloop
endfacet
facet normal 0.6133587577924692 0.7898044278422851 0
outer loop
vertex 82.76356000000001 43.42682666666667 0
vertex 82.76356000000001 43.42682666666667 29.99998666666667
vertex 82.91208 43.31148666666667 29.99998666666667
endloop
endfacet
facet normal 0.6133587577924692 0.7898044278422851 0
outer loop
vertex 82.76356000000001 43.42682666666667 0
vertex 82.91208 43.31148666666667 29.99998666666667
vertex 82.91208 43.31148666666667 0
endloop
endfacet
facet normal 0.5636831290619573 0.8259911198135976 0
outer loop
vertex 82.76356000000001 43.42682666666667 0
vertex 82.60766666666667 43.533213333333336 0
vertex 82.60766666666667 43.533213333333336 29.99998666666667
endloop
endfacet
facet normal 0.5636831290619573 0.8259911198135976 0
outer loop
vertex 82.76356000000001 43.42682666666667 0
vertex 82.60766666666667 43.533213333333336 29.99998666666667
vertex 82.76356000000001 43.42682666666667 29.99998666666667
endloop
endfacet
facet normal 0.7895024116573471 -0.6137474578254748 0
outer loop
vertex 83.42716 1.2366133333333333 29.99998666666667
vertex 83.31129333333334 1.0875666666666668 29.99998666666667
vertex 83.31129333333334 1.0875666666666668 0
endloop
endfacet
facet normal 0.7895024116573471 -0.6137474578254748 0
outer loop
vertex 83.42716 1.2366133333333333 29.99998666666667
vertex 83.31129333333334 1.0875666666666668 0
vertex 83.42716 1.2366133333333333 0
endloop
endfacet
facet normal 0.827290216257949 -0.5617747752292518 0
outer loop
vertex 83.42716 1.2366133333333333 29.99998666666667
vertex 83.42716 1.2366133333333333 0
vertex 83.53302000000001 1.3925066666666668 0
endloop
endfacet
facet normal 0.827290216257949 -0.5617747752292518 0
outer loop
vertex 83.42716 1.2366133333333333 29.99998666666667
vertex 83.53302000000001 1.3925066666666668 0
vertex 83.53302000000001 1.3925066666666668 29.99998666666667
endloop
endfacet
facet normal 0.8609265282143052 -0.5087293121266585 0
outer loop
vertex 83.62887333333335 1.55472 29.99998666666667
vertex 83.53302000000001 1.3925066666666668 29.99998666666667
vertex 83.53302000000001 1.3925066666666668 0
endloop
endfacet
facet normal 0.8609265282143052 -0.5087293121266585 0
outer loop
vertex 83.62887333333335 1.55472 29.99998666666667
vertex 83.53302000000001 1.3925066666666668 0
vertex 83.62887333333335 1.55472 0
endloop
endfacet
facet normal 0.8904849541660936 -0.4550126881789235 0
outer loop
vertex 83.71472000000001 1.7227266666666667 0
vertex 83.71472000000001 1.7227266666666667 29.99998666666667
vertex 83.62887333333335 1.55472 29.99998666666667
endloop
endfacet
facet normal 0.8904849541660936 -0.4550126881789235 0
outer loop
vertex 83.71472000000001 1.7227266666666667 0
vertex 83.62887333333335 1.55472 29.99998666666667
vertex 83.62887333333335 1.55472 0
endloop
endfacet
facet normal 0.9176916685683214 -0.3972933443191441 0
outer loop
vertex 83.71472000000001 1.7227266666666667 0
vertex 83.78950666666667 1.8954733333333336 0
vertex 83.78950666666667 1.8954733333333336 29.99998666666667
endloop
endfacet
facet normal 0.9176916685683214 -0.3972933443191441 0
outer loop
vertex 83.71472000000001 1.7227266666666667 0
vertex 83.78950666666667 1.8954733333333336 29.99998666666667
vertex 83.71472000000001 1.7227266666666667 29.99998666666667
endloop
endfacet
facet normal 0.975923156678492 -0.21811463100555042 0
outer loop
vertex 83.9059 2.2541333333333333 0
vertex 83.94698000000001 2.43794 0
vertex 83.94698000000001 2.43794 29.99998666666667
endloop
endfacet
facet normal 0.975923156678492 -0.21811463100555042 0
outer loop
vertex 83.9059 2.2541333333333333 0
vertex 83.94698000000001 2.43794 29.99998666666667
vertex 83.9059 2.2541333333333333 29.99998666666667
endloop
endfacet
facet normal 0.9602497285624908 -0.2791423629542149 0
outer loop
vertex 83.85323333333334 2.07296 29.99998666666667
vertex 83.85323333333334 2.07296 0
vertex 83.9059 2.2541333333333333 0
endloop
endfacet
facet normal 0.9602497285624908 -0.2791423629542149 0
outer loop
vertex 83.85323333333334 2.07296 29.99998666666667
vertex 83.9059 2.2541333333333333 0
vertex 83.9059 2.2541333333333333 29.99998666666667
endloop
endfacet
facet normal 0.9411718968538629 -0.3379281884846266 0
outer loop
vertex 83.85323333333334 2.07296 29.99998666666667
vertex 83.78950666666667 1.8954733333333336 29.99998666666667
vertex 83.78950666666667 1.8954733333333336 0
endloop
endfacet
facet normal 0.9411718968538629 -0.3379281884846266 0
outer loop
vertex 83.85323333333334 2.07296 29.99998666666667
vertex 83.78950666666667 1.8954733333333336 0
vertex 83.85323333333334 2.07296 0
endloop
endfacet
facet normal 0.9876492768064373 -0.1566809051024451 0
outer loop
vertex 83.97647333333335 2.6238533333333334 29.99998666666667
vertex 83.94698000000001 2.43794 29.99998666666667
vertex 83.94698000000001 2.43794 0
endloop
endfacet
facet normal 0.9876492768064373 -0.1566809051024451 0
outer loop
vertex 83.97647333333335 2.6238533333333334 29.99998666666667
vertex 83.94698000000001 2.43794 0
vertex 83.97647333333335 2.6238533333333334 0
endloop
endfacet
facet normal 0.9957548881262346 -0.09204456949059997 0
outer loop
vertex 83.97647333333335 2.6238533333333334 29.99998666666667
vertex 83.97647333333335 2.6238533333333334 0
vertex 83.99385333333333 2.8118733333333337 0
endloop
endfacet
facet normal 0.9957548881262346 -0.09204456949059997 0
outer loop
vertex 83.97647333333335 2.6238533333333334 29.99998666666667
vertex 83.99385333333333 2.8118733333333337 0
vertex 83.99385333333333 2.8118733333333337 29.99998666666667
endloop
endfacet
facet normal 0.09507300643238298 -0.9954703026448897 0
outer loop
vertex 81.18830000000001 0.0057933333333333335 29.99998666666667
vertex 81.18830000000001 0.0057933333333333335 0
vertex 81.37579333333333 0.023700000000000002 0
endloop
endfacet
facet normal 0.09507300643238298 -0.9954703026448897 0
outer loop
vertex 81.18830000000001 0.0057933333333333335 29.99998666666667
vertex 81.37579333333333 0.023700000000000002 0
vertex 81.37579333333333 0.023700000000000002 29.99998666666667
endloop
endfacet
facet normal 0.030711762871708792 -0.9995282825519805 0
outer loop
vertex 81.18830000000001 0.0057933333333333335 29.99998666666667
vertex 80.99975333333335 0 29.99998666666667
vertex 80.99975333333335 0 0
endloop
endfacet
facet normal 0.030711762871708792 -0.9995282825519805 0
outer loop
vertex 81.18830000000001 0.0057933333333333335 29.99998666666667
vertex 80.99975333333335 0 0
vertex 81.18830000000001 0.0057933333333333335 0
endloop
endfacet
facet normal 0.5617747752292139 -0.8272902162579744 0
outer loop
vertex 82.60766666666667 0.46715333333333336 0
vertex 82.76356000000001 0.5730133333333334 0
vertex 82.76356000000001 0.5730133333333334 29.99998666666667
endloop
endfacet
facet normal 0.5617747752292139 -0.8272902162579744 0
outer loop
vertex 82.60766666666667 0.46715333333333336 0
vertex 82.76356000000001 0.5730133333333334 29.99998666666667
vertex 82.60766666666667 0.46715333333333336 29.99998666666667
endloop
endfacet
facet normal 0.21811463100550751 -0.9759231566785016 0
outer loop
vertex 81.74604000000001 0.09427333333333335 29.99998666666667
vertex 81.56223333333334 0.053193333333333336 29.99998666666667
vertex 81.56223333333334 0.053193333333333336 0
endloop
endfacet
facet normal 0.21811463100550751 -0.9759231566785016 0
outer loop
vertex 81.74604000000001 0.09427333333333335 29.99998666666667
vertex 81.56223333333334 0.053193333333333336 0
vertex 81.74604000000001 0.09427333333333335 0
endloop
endfacet
facet normal 0.27914236295421224 -0.9602497285624916 0
outer loop
vertex 81.74604000000001 0.09427333333333335 29.99998666666667
vertex 81.74604000000001 0.09427333333333335 0
vertex 81.92721333333334 0.14694000000000002 0
endloop
endfacet
facet normal 0.27914236295421224 -0.9602497285624916 0
outer loop
vertex 81.74604000000001 0.09427333333333335 29.99998666666667
vertex 81.92721333333334 0.14694000000000002 0
vertex 81.92721333333334 0.14694000000000002 29.99998666666667
endloop
endfacet
facet normal 0.6610679349323921 -0.7503260527292269 0
outer loop
vertex 83.05375333333335 0.8131733333333334 0
vertex 83.05375333333335 0.8131733333333334 29.99998666666667
vertex 82.91208 0.6883533333333334 29.99998666666667
endloop
endfacet
facet normal 0.6610679349323921 -0.7503260527292269 0
outer loop
vertex 83.05375333333335 0.8131733333333334 0
vertex 82.91208 0.6883533333333334 29.99998666666667
vertex 82.91208 0.6883533333333334 0
endloop
endfacet
facet normal 0.7071067811865525 -0.7071067811865425 0
outer loop
vertex 83.05375333333335 0.8131733333333334 0
vertex 83.18700000000001 0.94642 0
vertex 83.18700000000001 0.94642 29.99998666666667
endloop
endfacet
facet normal 0.7071067811865525 -0.7071067811865425 0
outer loop
vertex 83.05375333333335 0.8131733333333334 0
vertex 83.18700000000001 0.94642 29.99998666666667
vertex 83.05375333333335 0.8131733333333334 29.99998666666667
endloop
endfacet
facet normal -0.9759231566785012 -0.21811463100551004 0
outer loop
vertex 0.053193333333333336 2.43794 0
vertex 0.09427333333333335 2.2541333333333333 0
vertex 0.09427333333333335 2.2541333333333333 29.99998666666667
endloop
endfacet
facet normal -0.9759231566785012 -0.21811463100551004 0
outer loop
vertex 0.053193333333333336 2.43794 0
vertex 0.09427333333333335 2.2541333333333333 29.99998666666667
vertex 0.053193333333333336 2.43794 29.99998666666667
endloop
endfacet
facet normal -0.9876492768064385 -0.15668090510243798 0
outer loop
vertex 0.053193333333333336 2.43794 0
vertex 0.053193333333333336 2.43794 29.99998666666667
vertex 0.023700000000000002 2.6238533333333334 29.99998666666667
endloop
endfacet
facet normal -0.9876492768064385 -0.15668090510243798 0
outer loop
vertex 0.053193333333333336 2.43794 0
vertex 0.023700000000000002 2.6238533333333334 29.99998666666667
vertex 0.023700000000000002 2.6238533333333334 0
endloop
endfacet
facet normal -0.9602497285624915 -0.2791423629542129 0
outer loop
vertex 0.14694000000000002 2.07296 0
vertex 0.14694000000000002 2.07296 29.99998666666667
vertex 0.09427333333333335 2.2541333333333333 29.99998666666667
endloop
endfacet
facet normal -0.9602497285624915 -0.2791423629542129 0
outer loop
vertex 0.14694000000000002 2.07296 0
vertex 0.09427333333333335 2.2541333333333333 29.99998666666667
vertex 0.09427333333333335 2.2541333333333333 0
endloop
endfacet
facet normal -0.15668090510243798 -0.9876492768064385 0
outer loop
vertex 2.6238533333333334 0.023700000000000002 0
vertex 2.6238533333333334 0.023700000000000002 29.99998666666667
vertex 2.43794 0.053193333333333336 29.99998666666667
endloop
endfacet
facet normal -0.15668090510243798 -0.9876492768064385 0
outer loop
vertex 2.6238533333333334 0.023700000000000002 0
vertex 2.43794 0.053193333333333336 29.99998666666667
vertex 2.43794 0.053193333333333336 0
endloop
endfacet
facet normal -0.0948090926279953 -0.9954954725939523 0
outer loop
vertex 2.6238533333333334 0.023700000000000002 0
vertex 2.8118733333333337 0.0057933333333333335 0
vertex 2.8118733333333337 0.0057933333333333335 29.99998666666667
endloop
endfacet
facet normal -0.0948090926279953 -0.9954954725939523 0
outer loop
vertex 2.6238533333333334 0.023700000000000002 0
vertex 2.8118733333333337 0.0057933333333333335 29.99998666666667
vertex 2.6238533333333334 0.023700000000000002 29.99998666666667
endloop
endfacet
facet normal -0.33792818848462225 -0.9411718968538646 0
outer loop
vertex 2.07296 0.14694000000000002 29.99998666666667
vertex 1.8954733333333336 0.2106666666666667 29.99998666666667
vertex 1.8954733333333336 0.2106666666666667 0
endloop
endfacet
facet normal -0.33792818848462225 -0.9411718968538646 0
outer loop
vertex 2.07296 0.14694000000000002 29.99998666666667
vertex 1.8954733333333336 0.2106666666666667 0
vertex 2.07296 0.14694000000000002 0
endloop
endfacet
facet normal -0.21811463100551004 -0.9759231566785012 0
outer loop
vertex 2.2541333333333333 0.09427333333333335 0
vertex 2.43794 0.053193333333333336 0
vertex 2.43794 0.053193333333333336 29.99998666666667
endloop
endfacet
facet normal -0.21811463100551004 -0.9759231566785012 0
outer loop
vertex 2.2541333333333333 0.09427333333333335 0
vertex 2.43794 0.053193333333333336 29.99998666666667
vertex 2.2541333333333333 0.09427333333333335 29.99998666666667
endloop
endfacet
facet normal -0.2791423629542129 -0.9602497285624915 0
outer loop
vertex 2.2541333333333333 0.09427333333333335 0
vertex 2.2541333333333333 0.09427333333333335 29.99998666666667
vertex 2.07296 0.14694000000000002 29.99998666666667
endloop
endfacet
facet normal -0.2791423629542129 -0.9602497285624915 0
outer loop
vertex 2.2541333333333333 0.09427333333333335 0
vertex 2.07296 0.14694000000000002 29.99998666666667
vertex 2.07296 0.14694000000000002 0
endloop
endfacet
facet normal -0.6624532525380952 -0.7491032560346396 0
outer loop
vertex 1.0875666666666668 0.6883533333333334 29.99998666666667
vertex 0.94642 0.8131733333333334 29.99998666666667
vertex 0.94642 0.8131733333333334 0
endloop
endfacet
facet normal -0.6624532525380952 -0.7491032560346396 0
outer loop
vertex 1.0875666666666668 0.6883533333333334 29.99998666666667
vertex 0.94642 0.8131733333333334 0
vertex 1.0875666666666668 0.6883533333333334 0
endloop
endfacet
facet normal -0.5617747752292266 -0.827290216257966 0
outer loop
vertex 1.2366133333333333 0.5730133333333334 0
vertex 1.3925066666666668 0.46715333333333336 0
vertex 1.3925066666666668 0.46715333333333336 29.99998666666667
endloop
endfacet
facet normal -0.5617747752292266 -0.827290216257966 0
outer loop
vertex 1.2366133333333333 0.5730133333333334 0
vertex 1.3925066666666668 0.46715333333333336 29.99998666666667
vertex 1.2366133333333333 0.5730133333333334 29.99998666666667
endloop
endfacet
facet normal -0.6120040884628122 -0.7908545983332224 0
outer loop
vertex 1.2366133333333333 0.5730133333333334 0
vertex 1.2366133333333333 0.5730133333333334 29.99998666666667
vertex 1.0875666666666668 0.6883533333333334 29.99998666666667
endloop
endfacet
facet normal -0.6120040884628122 -0.7908545983332224 0
outer loop
vertex 1.2366133333333333 0.5730133333333334 0
vertex 1.0875666666666668 0.6883533333333334 29.99998666666667
vertex 1.0875666666666668 0.6883533333333334 0
endloop
endfacet
facet normal 0.9176916685683231 0.3972933443191407 0
outer loop
vertex 83.71472000000001 42.27711333333334 29.99998666666667
vertex 83.78950666666667 42.10436666666667 29.99998666666667
vertex 83.78950666666667 42.10436666666667 0
endloop
endfacet
facet normal 0.9176916685683231 0.3972933443191407 0
outer loop
vertex 83.71472000000001 42.27711333333334 29.99998666666667
vertex 83.78950666666667 42.10436666666667 0
vertex 83.71472000000001 42.27711333333334 0
endloop
endfacet
facet normal 0.789502411657355 0.6137474578254645 0
outer loop
vertex 83.42716 42.76322666666667 29.99998666666667
vertex 83.42716 42.76322666666667 0
vertex 83.31129333333334 42.91227333333334 0
endloop
endfacet
facet normal 0.789502411657355 0.6137474578254645 0
outer loop
vertex 83.42716 42.76322666666667 29.99998666666667
vertex 83.31129333333334 42.91227333333334 0
vertex 83.31129333333334 42.91227333333334 29.99998666666667
endloop
endfacet
facet normal 0.8272902162579455 0.5617747752292567 0
outer loop
vertex 83.42716 42.76322666666667 29.99998666666667
vertex 83.53302000000001 42.60733333333334 29.99998666666667
vertex 83.53302000000001 42.60733333333334 0
endloop
endfacet
facet normal 0.8272902162579455 0.5617747752292567 0
outer loop
vertex 83.42716 42.76322666666667 29.99998666666667
vertex 83.53302000000001 42.60733333333334 0
vertex 83.42716 42.76322666666667 0
endloop
endfacet
facet normal 0.9876492768064372 0.1566809051024462 0
outer loop
vertex 83.97647333333335 41.37598666666667 0
vertex 83.94698000000001 41.5619 0
vertex 83.94698000000001 41.5619 29.99998666666667
endloop
endfacet
facet normal 0.9876492768064372 0.1566809051024462 0
outer loop
vertex 83.97647333333335 41.37598666666667 0
vertex 83.94698000000001 41.5619 29.99998666666667
vertex 83.97647333333335 41.37598666666667 29.99998666666667
endloop
endfacet
facet normal 0.9957311583959396 0.09230092198607878 0
outer loop
vertex 83.97647333333335 41.37598666666667 0
vertex 83.97647333333335 41.37598666666667 29.99998666666667
vertex 83.99385333333333 41.188493333333334 29.99998666666667
endloop
endfacet
facet normal 0.9957311583959396 0.09230092198607878 0
outer loop
vertex 83.97647333333335 41.37598666666667 0
vertex 83.99385333333333 41.188493333333334 29.99998666666667
vertex 83.99385333333333 41.188493333333334 0
endloop
endfacet
facet normal 0.9411718968538632 0.3379281884846262 0
outer loop
vertex 83.85323333333334 41.926880000000004 0
vertex 83.78950666666667 42.10436666666667 0
vertex 83.78950666666667 42.10436666666667 29.99998666666667
endloop
endfacet
facet normal 0.9411718968538632 0.3379281884846262 0
outer loop
vertex 83.85323333333334 41.926880000000004 0
vertex 83.78950666666667 42.10436666666667 29.99998666666667
vertex 83.85323333333334 41.926880000000004 29.99998666666667
endloop
endfacet
facet normal 0.9600313419456875 0.27989251951769334 0
outer loop
vertex 83.85323333333334 41.926880000000004 0
vertex 83.85323333333334 41.926880000000004 29.99998666666667
vertex 83.9059 41.746233333333336 29.99998666666667
endloop
endfacet
facet normal 0.9600313419456875 0.27989251951769334 0
outer loop
vertex 83.85323333333334 41.926880000000004 0
vertex 83.9059 41.746233333333336 29.99998666666667
vertex 83.9059 41.746233333333336 0
endloop
endfacet
facet normal 0.276565446070522 0.960995085335931 0
outer loop
vertex 81.74604000000001 43.90556666666667 29.99998666666667
vertex 81.92721333333334 43.85342666666667 29.99998666666667
vertex 81.92721333333334 43.85342666666667 0
endloop
endfacet
facet normal 0.276565446070522 0.960995085335931 0
outer loop
vertex 81.74604000000001 43.90556666666667 29.99998666666667
vertex 81.92721333333334 43.85342666666667 0
vertex 81.74604000000001 43.90556666666667 0
endloop
endfacet
facet normal 0.21811463100551198 0.9759231566785007 0
outer loop
vertex 81.74604000000001 43.90556666666667 29.99998666666667
vertex 81.74604000000001 43.90556666666667 0
vertex 81.56223333333334 43.94664666666667 0
endloop
endfacet
facet normal 0.21811463100551198 0.9759231566785007 0
outer loop
vertex 81.74604000000001 43.90556666666667 29.99998666666667
vertex 81.56223333333334 43.94664666666667 0
vertex 81.56223333333334 43.94664666666667 29.99998666666667
endloop
endfacet
facet normal 0.508729312126674 0.8609265282142962 0
outer loop
vertex 82.44545333333335 43.629066666666674 29.99998666666667
vertex 82.60766666666667 43.533213333333336 29.99998666666667
vertex 82.60766666666667 43.533213333333336 0
endloop
endfacet
facet normal 0.508729312126674 0.8609265282142962 0
outer loop
vertex 82.44545333333335 43.629066666666674 29.99998666666667
vertex 82.60766666666667 43.533213333333336 0
vertex 82.44545333333335 43.629066666666674 0
endloop
endfacet
facet normal 0.45279492187922593 0.8916146918486626 0
outer loop
vertex 82.44545333333335 43.629066666666674 29.99998666666667
vertex 82.44545333333335 43.629066666666674 0
vertex 82.27744666666668 43.71438666666667 0
endloop
endfacet
facet normal 0.45279492187922593 0.8916146918486626 0
outer loop
vertex 82.44545333333335 43.629066666666674 29.99998666666667
vertex 82.27744666666668 43.71438666666667 0
vertex 82.27744666666668 43.71438666666667 29.99998666666667
endloop
endfacet
facet normal 0.5087293121266565 -0.8609265282143064 0
outer loop
vertex 82.44545333333335 0.3713 0
vertex 82.60766666666667 0.46715333333333336 0
vertex 82.60766666666667 0.46715333333333336 29.99998666666667
endloop
endfacet
facet normal 0.5087293121266565 -0.8609265282143064 0
outer loop
vertex 82.44545333333335 0.3713 0
vertex 82.60766666666667 0.46715333333333336 29.99998666666667
vertex 82.44545333333335 0.3713 29.99998666666667
endloop
endfacet
facet normal 0.4550126881789071 -0.8904849541661017 0
outer loop
vertex 82.44545333333335 0.3713 0
vertex 82.44545333333335 0.3713 29.99998666666667
vertex 82.27744666666668 0.28545333333333334 29.99998666666667
endloop
endfacet
facet normal 0.4550126881789071 -0.8904849541661017 0
outer loop
vertex 82.44545333333335 0.3713 0
vertex 82.27744666666668 0.28545333333333334 29.99998666666667
vertex 82.27744666666668 0.28545333333333334 0
endloop
endfacet
facet normal 0.39627564067990956 -0.9181315900260306 0
outer loop
vertex 82.10417333333334 0.2106666666666667 0
vertex 82.27744666666668 0.28545333333333334 0
vertex 82.27744666666668 0.28545333333333334 29.99998666666667
endloop
endfacet
facet normal 0.39627564067990956 -0.9181315900260306 0
outer loop
vertex 82.10417333333334 0.2106666666666667 0
vertex 82.27744666666668 0.28545333333333334 29.99998666666667
vertex 82.10417333333334 0.2106666666666667 29.99998666666667
endloop
endfacet
facet normal 0.33881862198322055 -0.9408517106310598 0
outer loop
vertex 82.10417333333334 0.2106666666666667 0
vertex 82.10417333333334 0.2106666666666667 29.99998666666667
vertex 81.92721333333334 0.14694000000000002 29.99998666666667
endloop
endfacet
facet normal 0.33881862198322055 -0.9408517106310598 0
outer loop
vertex 82.10417333333334 0.2106666666666667 0
vertex 81.92721333333334 0.14694000000000002 29.99998666666667
vertex 81.92721333333334 0.14694000000000002 0
endloop
endfacet
facet normal -0.9411718968538646 -0.33792818848462225 0
outer loop
vertex 0.2106666666666667 1.8954733333333336 0
vertex 0.2106666666666667 1.8954733333333336 29.99998666666667
vertex 0.14694000000000002 2.07296 29.99998666666667
endloop
endfacet
facet normal -0.9411718968538646 -0.33792818848462225 0
outer loop
vertex 0.2106666666666667 1.8954733333333336 0
vertex 0.14694000000000002 2.07296 29.99998666666667
vertex 0.14694000000000002 2.07296 0
endloop
endfacet
facet normal -0.9176916685682969 -0.3972933443192012 0
outer loop
vertex 0.2106666666666667 1.8954733333333336 0
vertex 0.28545333333333334 1.7227266666666667 0
vertex 0.28545333333333334 1.7227266666666667 29.99998666666667
endloop
endfacet
facet normal -0.9176916685682969 -0.3972933443192012 0
outer loop
vertex 0.2106666666666667 1.8954733333333336 0
vertex 0.28545333333333334 1.7227266666666667 29.99998666666667
vertex 0.2106666666666667 1.8954733333333336 29.99998666666667
endloop
endfacet
facet normal -0.827290216257966 -0.5617747752292266 0
outer loop
vertex 0.46715333333333336 1.3925066666666668 0
vertex 0.5730133333333334 1.2366133333333333 0
vertex 0.5730133333333334 1.2366133333333333 29.99998666666667
endloop
endfacet
facet normal -0.827290216257966 -0.5617747752292266 0
outer loop
vertex 0.46715333333333336 1.3925066666666668 0
vertex 0.5730133333333334 1.2366133333333333 29.99998666666667
vertex 0.46715333333333336 1.3925066666666668 29.99998666666667
endloop
endfacet
facet normal -0.8609265282143155 -0.508729312126641 0
outer loop
vertex 0.3713 1.55472 29.99998666666667
vertex 0.3713 1.55472 0
vertex 0.46715333333333336 1.3925066666666668 0
endloop
endfacet
facet normal -0.8609265282143155 -0.508729312126641 0
outer loop
vertex 0.3713 1.55472 29.99998666666667
vertex 0.46715333333333336 1.3925066666666668 0
vertex 0.46715333333333336 1.3925066666666668 29.99998666666667
endloop
endfacet
facet normal -0.8904849541660976 -0.4550126881789152 0
outer loop
vertex 0.3713 1.55472 29.99998666666667
vertex 0.28545333333333334 1.7227266666666667 29.99998666666667
vertex 0.28545333333333334 1.7227266666666667 0
endloop
endfacet
facet normal -0.8904849541660976 -0.4550126881789152 0
outer loop
vertex 0.3713 1.55472 29.99998666666667
vertex 0.28545333333333334 1.7227266666666667 0
vertex 0.3713 1.55472 0
endloop
endfacet
facet normal -0.7908545983332224 -0.6120040884628122 0
outer loop
vertex 0.6883533333333334 1.0875666666666668 29.99998666666667
vertex 0.5730133333333334 1.2366133333333333 29.99998666666667
vertex 0.5730133333333334 1.2366133333333333 0
endloop
endfacet
facet normal -0.7908545983332224 -0.6120040884628122 0
outer loop
vertex 0.6883533333333334 1.0875666666666668 29.99998666666667
vertex 0.5730133333333334 1.2366133333333333 0
vertex 0.6883533333333334 1.0875666666666668 0
endloop
endfacet
facet normal -0.7491032560346396 -0.6624532525380952 0
outer loop
vertex 0.6883533333333334 1.0875666666666668 29.99998666666667
vertex 0.6883533333333334 1.0875666666666668 0
vertex 0.8131733333333334 0.94642 0
endloop
endfacet
facet normal -0.7491032560346396 -0.6624532525380952 0
outer loop
vertex 0.6883533333333334 1.0875666666666668 29.99998666666667
vertex 0.8131733333333334 0.94642 0
vertex 0.8131733333333334 0.94642 29.99998666666667
endloop
endfacet
facet normal -0.508729312126641 -0.8609265282143155 0
outer loop
vertex 1.55472 0.3713 29.99998666666667
vertex 1.3925066666666668 0.46715333333333336 29.99998666666667
vertex 1.3925066666666668 0.46715333333333336 0
endloop
endfacet
facet normal -0.508729312126641 -0.8609265282143155 0
outer loop
vertex 1.55472 0.3713 29.99998666666667
vertex 1.3925066666666668 0.46715333333333336 0
vertex 1.55472 0.3713 0
endloop
endfacet
facet normal 0 0 -1
outer loop
vertex 42.00008666666667 21.999920000000003 0
vertex 83.62887333333335 42.44512 0
vertex 83.71472000000001 42.27711333333334 0
endloop
endfacet
facet normal 0 0 -1
outer loop
vertex 42.00008666666667 21.999920000000003 0
vertex 83.71472000000001 42.27711333333334 0
vertex 83.78950666666667 42.10436666666667 0
endloop
endfacet
facet normal 0 0 -1
outer loop
vertex 42.00008666666667 21.999920000000003 0
vertex 83.78950666666667 42.10436666666667 0
vertex 83.85323333333334 41.926880000000004 0
endloop
endfacet
facet normal 0 0 -1
outer loop
vertex 42.00008666666667 21.999920000000003 0
vertex 83.85323333333334 41.926880000000004 0
vertex 83.9059 41.746233333333336 0
endloop
endfacet
facet normal 0 0 -1
outer loop
vertex 42.00008666666667 21.999920000000003 0
vertex 83.9059 41.746233333333336 0
vertex 83.94698000000001 41.5619 0
endloop
endfacet
facet normal 0 0 -1
outer loop
vertex 42.00008666666667 21.999920000000003 0
vertex 83.94698000000001 41.5619 0
vertex 83.97647333333335 41.37598666666667 0
endloop
endfacet
facet normal 0 0 -1
outer loop
vertex 42.00008666666667 21.999920000000003 0
vertex 83.97647333333335 41.37598666666667 0
vertex 83.99385333333333 41.188493333333334 0
endloop
endfacet
facet normal 0 0 -1
outer loop
vertex 42.00008666666667 21.999920000000003 0
vertex 83.99385333333333 41.188493333333334 0
vertex 84.00017333333334 40.99994666666667 0
endloop
endfacet
facet normal 0 0 -1
outer loop
vertex 42.00008666666667 21.999920000000003 0
vertex 84.00017333333334 40.99994666666667 0
vertex 84.00017333333334 2.9998933333333335 0
endloop
endfacet
facet normal 0 0 -1
outer loop
vertex 42.00008666666667 21.999920000000003 0
vertex 84.00017333333334 2.9998933333333335 0
vertex 83.99385333333333 2.8118733333333337 0
endloop
endfacet
facet normal 0 0 -1
outer loop
vertex 42.00008666666667 21.999920000000003 0
vertex 83.99385333333333 2.8118733333333337 0
vertex 83.97647333333335 2.6238533333333334 0
endloop
endfacet
facet normal 0 0 -1
outer loop
vertex 42.00008666666667 21.999920000000003 0
vertex 83.97647333333335 2.6238533333333334 0
vertex 83.94698000000001 2.43794 0
endloop
endfacet
facet normal 0 0 -1
outer loop
vertex 42.00008666666667 21.999920000000003 0
vertex 83.94698000000001 2.43794 0
vertex 83.9059 2.2541333333333333 0
endloop
endfacet
facet normal 0 0 -1
outer loop
vertex 42.00008666666667 21.999920000000003 0
vertex 83.9059 2.2541333333333333 0
vertex 83.85323333333334 2.07296 0
endloop
endfacet
facet normal 0 0 -1
outer loop
vertex 42.00008666666667 21.999920000000003 0
vertex 83.85323333333334 2.07296 0
vertex 83.78950666666667 1.8954733333333336 0
endloop
endfacet
facet normal 0 0 -1
outer loop
vertex 42.00008666666667 21.999920000000003 0
vertex 83.78950666666667 1.8954733333333336 0
vertex 83.71472000000001 1.7227266666666667 0
endloop
endfacet
facet normal 0 0 -1
outer loop
vertex 42.00008666666667 21.999920000000003 0
vertex 83.71472000000001 1.7227266666666667 0
vertex 83.62887333333335 1.55472 0
endloop
endfacet
facet normal 0 0 -1
outer loop
vertex 42.00008666666667 21.999920000000003 0
vertex 83.62887333333335 1.55472 0
vertex 83.53302000000001 1.3925066666666668 0
endloop
endfacet
facet normal 0 0 -1
outer loop
vertex 42.00008666666667 21.999920000000003 0
vertex 83.53302000000001 1.3925066666666668 0
vertex 83.42716 1.2366133333333333 0
endloop
endfacet
facet normal 0 0 -1
outer loop
vertex 42.00008666666667 21.999920000000003 0
vertex 83.42716 1.2366133333333333 0
vertex 83.31129333333334 1.0875666666666668 0
endloop
endfacet
facet normal 0 0 -1
outer loop
vertex 42.00008666666667 21.999920000000003 0
vertex 83.31129333333334 1.0875666666666668 0
vertex 83.18700000000001 0.94642 0
endloop
endfacet
facet normal 0 0 -1
outer loop
vertex 42.00008666666667 21.999920000000003 0
vertex 83.18700000000001 0.94642 0
vertex 83.05375333333335 0.8131733333333334 0
endloop
endfacet
facet normal 0 0 -1
outer loop
vertex 42.00008666666667 21.999920000000003 0
vertex 83.05375333333335 0.8131733333333334 0
vertex 82.91208 0.6883533333333334 0
endloop
endfacet
facet normal 0 0 -1
outer loop
vertex 42.00008666666667 21.999920000000003 0
vertex 82.91208 0.6883533333333334 0
vertex 82.76356000000001 0.5730133333333334 0
endloop
endfacet
facet normal 0 0 -1
outer loop
vertex 42.00008666666667 21.999920000000003 0
vertex 82.76356000000001 0.5730133333333334 0
vertex 82.60766666666667 0.46715333333333336 0
endloop
endfacet
facet normal 0 0 -0.9999999999999999
outer loop
vertex 42.00008666666667 21.999920000000003 0
vertex 82.60766666666667 0.46715333333333336 0
vertex 82.44545333333335 0.3713 0
endloop
endfacet
facet normal 0 0 -1
outer loop
vertex 42.00008666666667 21.999920000000003 0
vertex 82.44545333333335 0.3713 0
vertex 82.27744666666668 0.28545333333333334 0
endloop
endfacet
facet normal 0 0 -1
outer loop
vertex 42.00008666666667 21.999920000000003 0
vertex 82.27744666666668 0.28545333333333334 0
vertex 82.10417333333334 0.2106666666666667 0
endloop
endfacet
facet normal 0 0 -1
outer loop
vertex 42.00008666666667 21.999920000000003 0
vertex 82.10417333333334 0.2106666666666667 0
vertex 81.92721333333334 0.14694000000000002 0
endloop
endfacet
facet normal 0 0 -1
outer loop
vertex 42.00008666666667 21.999920000000003 0
vertex 81.92721333333334 0.14694000000000002 0
vertex 81.74604000000001 0.09427333333333335 0
endloop
endfacet
facet normal 0 0 -1
outer loop
vertex 42.00008666666667 21.999920000000003 0
vertex 81.74604000000001 0.09427333333333335 0
vertex 81.56223333333334 0.053193333333333336 0
endloop
endfacet
facet normal 0 0 -1
outer loop
vertex 42.00008666666667 21.999920000000003 0
vertex 81.56223333333334 0.053193333333333336 0
vertex 81.37579333333333 0.023700000000000002 0
endloop
endfacet
facet normal 0 0 -1
outer loop
vertex 42.00008666666667 21.999920000000003 0
vertex 81.37579333333333 0.023700000000000002 0
vertex 81.18830000000001 0.0057933333333333335 0
endloop
endfacet
facet normal 0 0 -1
outer loop
vertex 42.00008666666667 21.999920000000003 0
vertex 81.18830000000001 0.0057933333333333335 0
vertex 80.99975333333335 0 0
endloop
endfacet
facet normal 0 0 -1
outer loop
vertex 42.00008666666667 21.999920000000003 0
vertex 80.99975333333335 0 0
vertex 2.9998933333333335 0 0
endloop
endfacet
facet normal 0 0 -1
outer loop
vertex 42.00008666666667 21.999920000000003 0
vertex 2.9998933333333335 0 0
vertex 2.8118733333333337 0.0057933333333333335 0
endloop
endfacet
facet normal 0 0 -1
outer loop
vertex 42.00008666666667 21.999920000000003 0
vertex 2.8118733333333337 0.0057933333333333335 0
vertex 2.6238533333333334 0.023700000000000002 0
endloop
endfacet
facet normal 0 0 -1
outer loop
vertex 42.00008666666667 21.999920000000003 0
vertex 2.6238533333333334 0.023700000000000002 0
vertex 2.43794 0.053193333333333336 0
endloop
endfacet
facet normal 0 0 -1
outer loop
vertex 42.00008666666667 21.999920000000003 0
vertex 2.43794 0.053193333333333336 0
vertex 2.2541333333333333 0.09427333333333335 0
endloop
endfacet
facet normal 0 0 -0.9999999999999999
outer loop
vertex 42.00008666666667 21.999920000000003 0
vertex 2.2541333333333333 0.09427333333333335 0
vertex 2.07296 0.14694000000000002 0
endloop
endfacet
facet normal 0 0 -1
outer loop
vertex 42.00008666666667 21.999920000000003 0
vertex 2.07296 0.14694000000000002 0
vertex 1.8954733333333336 0.2106666666666667 0
endloop
endfacet
facet normal 0 0 -1
outer loop
vertex 42.00008666666667 21.999920000000003 0
vertex 1.8954733333333336 0.2106666666666667 0
vertex 1.7227266666666667 0.28545333333333334 0
endloop
endfacet
facet normal 0 0 -0.9999999999999999
outer loop
vertex 42.00008666666667 21.999920000000003 0
vertex 1.7227266666666667 0.28545333333333334 0
vertex 1.55472 0.3713 0
endloop
endfacet
facet normal 0 0 -1
outer loop
vertex 42.00008666666667 21.999920000000003 0
vertex 1.55472 0.3713 0
vertex 1.3925066666666668 0.46715333333333336 0
endloop
endfacet
facet normal 0 0 -1
outer loop
vertex 42.00008666666667 21.999920000000003 0
vertex 1.3925066666666668 0.46715333333333336 0
vertex 1.2366133333333333 0.5730133333333334 0
endloop
endfacet
facet normal 0 0 -1
outer loop
vertex 42.00008666666667 21.999920000000003 0
vertex 1.2366133333333333 0.5730133333333334 0
vertex 1.0875666666666668 0.6883533333333334 0
endloop
endfacet
facet normal 0 0 -1
outer loop
vertex 42.00008666666667 21.999920000000003 0
vertex 1.0875666666666668 0.6883533333333334 0
vertex 0.94642 0.8131733333333334 0
endloop
endfacet
facet normal 0 0 -1
outer loop
vertex 42.00008666666667 21.999920000000003 0
vertex 0.94642 0.8131733333333334 0
vertex 0.8131733333333334 0.94642 0
endloop
endfacet
facet normal 0 0 -1
outer loop
vertex 42.00008666666667 21.999920000000003 0
vertex 0.8131733333333334 0.94642 0
vertex 0.6883533333333334 1.0875666666666668 0
endloop
endfacet
facet normal 0 0 -1
outer loop
vertex 42.00008666666667 21.999920000000003 0
vertex 0.6883533333333334 1.0875666666666668 0
vertex 0.5730133333333334 1.2366133333333333 0
endloop
endfacet
facet normal 0 0 -1
outer loop
vertex 42.00008666666667 21.999920000000003 0
vertex 0.5730133333333334 1.2366133333333333 0
vertex 0.46715333333333336 1.3925066666666668 0
endloop
endfacet
facet normal 0 0 -1
outer loop
vertex 42.00008666666667 21.999920000000003 0
vertex 0.46715333333333336 1.3925066666666668 0
vertex 0.3713 1.55472 0
endloop
endfacet
facet normal 0 0 -1
outer loop
vertex 42.00008666666667 21.999920000000003 0
vertex 0.3713 1.55472 0
vertex 0.28545333333333334 1.7227266666666667 0
endloop
endfacet
facet normal 0 0 -1
outer loop
vertex 42.00008666666667 21.999920000000003 0
vertex 0.28545333333333334 1.7227266666666667 0
vertex 0.2106666666666667 1.8954733333333336 0
endloop
endfacet
facet normal 0 0 -1
outer loop
vertex 42.00008666666667 21.999920000000003 0
vertex 0.2106666666666667 1.8954733333333336 0
vertex 0.14694000000000002 2.07296 0
endloop
endfacet
facet normal 0 0 -1
outer loop
vertex 42.00008666666667 21.999920000000003 0
vertex 0.14694000000000002 2.07296 0
vertex 0.09427333333333335 2.2541333333333333 0
endloop
endfacet
facet normal 0 0 -1
outer loop
vertex 42.00008666666667 21.999920000000003 0
vertex 0.09427333333333335 2.2541333333333333 0
vertex 0.053193333333333336 2.43794 0
endloop
endfacet
facet normal 0 0 -1
outer loop
vertex 42.00008666666667 21.999920000000003 0
vertex 0.053193333333333336 2.43794 0
vertex 0.023700000000000002 2.6238533333333334 0
endloop
endfacet
facet normal 0 0 -1
outer loop
vertex 42.00008666666667 21.999920000000003 0
vertex 0.023700000000000002 2.6238533333333334 0
vertex 0.0057933333333333335 2.8118733333333337 0
endloop
endfacet
facet normal 0 0 -1
outer loop
vertex 42.00008666666667 21.999920000000003 0
vertex 0.0057933333333333335 2.8118733333333337 0
vertex 0 2.9998933333333335 0
endloop
endfacet
facet normal 0 0 -1
outer loop
vertex 42.00008666666667 21.999920000000003 0
vertex 0 2.9998933333333335 0
vertex 0 40.99994666666667 0
endloop
endfacet
facet normal 0 0 -1
outer loop
vertex 42.00008666666667 21.999920000000003 0
vertex 0 40.99994666666667 0
vertex 0.0057933333333333335 41.188493333333334 0
endloop
endfacet
facet normal 0 0 -1
outer loop
vertex 42.00008666666667 21.999920000000003 0
vertex 0.0057933333333333335 41.188493333333334 0
vertex 0.023700000000000002 41.37598666666667 0
endloop
endfacet
facet normal 0 0 -1
outer loop
vertex 42.00008666666667 21.999920000000003 0
vertex 0.023700000000000002 41.37598666666667 0
vertex 0.053193333333333336 41.5619 0
endloop
endfacet
facet normal 0 0 -1
outer loop
vertex 42.00008666666667 21.999920000000003 0
vertex 0.053193333333333336 41.5619 0
vertex 0.09427333333333335 41.746233333333336 0
endloop
endfacet
facet normal 0 0 -1
outer loop
vertex 42.00008666666667 21.999920000000003 0
vertex 0.09427333333333335 41.746233333333336 0
vertex 0.14694000000000002 41.926880000000004 0
endloop
endfacet
facet normal 0 0 -1
outer loop
vertex 42.00008666666667 21.999920000000003 0
vertex 0.14694000000000002 41.926880000000004 0
vertex 0.2106666666666667 42.10436666666667 0
endloop
endfacet
facet normal 0 0 -1
outer loop
vertex 42.00008666666667 21.999920000000003 0
vertex 0.2106666666666667 42.10436666666667 0
vertex 0.28545333333333334 42.27711333333334 0
endloop
endfacet
facet normal 0 0 -1
outer loop
vertex 42.00008666666667 21.999920000000003 0
vertex 0.28545333333333334 42.27711333333334 0
vertex 0.3713 42.44512 0
endloop
endfacet
facet normal 0 0 -1
outer loop
vertex 42.00008666666667 21.999920000000003 0
vertex 0.3713 42.44512 0
vertex 0.46715333333333336 42.60733333333334 0
endloop
endfacet
facet normal 0 0 -1
outer loop
vertex 42.00008666666667 21.999920000000003 0
vertex 0.46715333333333336 42.60733333333334 0
vertex 0.5730133333333334 42.76322666666667 0
endloop
endfacet
facet normal 0 0 -1
outer loop
vertex 42.00008666666667 21.999920000000003 0
vertex 0.5730133333333334 42.76322666666667 0
vertex 0.6883533333333334 42.91227333333334 0
endloop
endfacet
facet normal 0 0 -1
outer loop
vertex 42.00008666666667 21.999920000000003 0
vertex 0.6883533333333334 42.91227333333334 0
vertex 0.8131733333333334 43.05342 0
endloop
endfacet
facet normal 0 0 -1
outer loop
vertex 42.00008666666667 21.999920000000003 0
vertex 0.8131733333333334 43.05342 0
vertex 0.94642 43.18666666666667 0
endloop
endfacet
facet normal 0 0 -1
outer loop
vertex 42.00008666666667 21.999920000000003 0
vertex 0.94642 43.18666666666667 0
vertex 1.0875666666666668 43.31148666666667 0
endloop
endfacet
facet normal 0 0 -1
outer loop
vertex 42.00008666666667 21.999920000000003 0
vertex 1.0875666666666668 43.31148666666667 0
vertex 1.2366133333333333 43.42682666666667 0
endloop
endfacet
facet normal 0 0 -1
outer loop
vertex 42.00008666666667 21.999920000000003 0
vertex 1.2366133333333333 43.42682666666667 0
vertex 1.3925066666666668 43.533213333333336 0
endloop
endfacet
facet normal 0 0 -1
outer loop
vertex 42.00008666666667 21.999920000000003 0
vertex 1.3925066666666668 43.533213333333336 0
vertex 1.55472 43.629066666666674 0
endloop
endfacet
facet normal 0 0 -1
outer loop
vertex 42.00008666666667 21.999920000000003 0
vertex 1.55472 43.629066666666674 0
vertex 1.7227266666666667 43.71438666666667 0
endloop
endfacet
facet normal 0 0 -1
outer loop
vertex 42.00008666666667 21.999920000000003 0
vertex 1.7227266666666667 43.71438666666667 0
vertex 1.8954733333333336 43.78917333333334 0
endloop
endfacet
facet normal 0 0 -1
outer loop
vertex 42.00008666666667 21.999920000000003 0
vertex 1.8954733333333336 43.78917333333334 0
vertex 2.07296 43.85342666666667 0
endloop
endfacet
facet normal 0 0 -1
outer loop
vertex 42.00008666666667 21.999920000000003 0
vertex 2.07296 43.85342666666667 0
vertex 2.2541333333333333 43.90556666666667 0
endloop
endfacet
facet normal 0 0 -1
outer loop
vertex 42.00008666666667 21.999920000000003 0
vertex 2.2541333333333333 43.90556666666667 0
vertex 2.43794 43.94664666666667 0
endloop
endfacet
facet normal 0 0 -0.9999999999999999
outer loop
vertex 42.00008666666667 21.999920000000003 0
vertex 2.43794 43.94664666666667 0
vertex 2.6238533333333334 43.97614 0
endloop
endfacet
facet normal 0 0 -1
outer loop
vertex 42.00008666666667 21.999920000000003 0
vertex 2.6238533333333334 43.97614 0
vertex 2.8118733333333337 43.99404666666667 0
endloop
endfacet
facet normal 0 0 -1
outer loop
vertex 42.00008666666667 21.999920000000003 0
vertex 2.8118733333333337 43.99404666666667 0
vertex 2.9998933333333335 43.999840000000006 0
endloop
endfacet
facet normal 0 0 -1
outer loop
vertex 42.00008666666667 21.999920000000003 0
vertex 2.9998933333333335 43.999840000000006 0
vertex 80.99975333333335 43.999840000000006 0
endloop
endfacet
facet normal 0 0 -1
outer loop
vertex 42.00008666666667 21.999920000000003 0
vertex 80.99975333333335 43.999840000000006 0
vertex 81.18830000000001 43.99404666666667 0
endloop
endfacet
facet normal 0 0 -1
outer loop
vertex 42.00008666666667 21.999920000000003 0
vertex 81.18830000000001 43.99404666666667 0
vertex 81.37579333333333 43.97614 0
endloop
endfacet
facet normal 0 0 -1
outer loop
vertex 42.00008666666667 21.999920000000003 0
vertex 81.37579333333333 43.97614 0
vertex 81.56223333333334 43.94664666666667 0
endloop
endfacet
facet normal 0 0 -1
outer loop
vertex 42.00008666666667 21.999920000000003 0
vertex 81.56223333333334 43.94664666666667 0
vertex 81.74604000000001 43.90556666666667 0
endloop
endfacet
facet normal 0 0 -1
outer loop
vertex 42.00008666666667 21.999920000000003 0
vertex 81.74604000000001 43.90556666666667 0
vertex 81.92721333333334 43.85342666666667 0
endloop
endfacet
facet normal 0 0 -0.9999999999999999
outer loop
vertex 42.00008666666667 21.999920000000003 0
vertex 81.92721333333334 43.85342666666667 0
vertex 82.10417333333334 43.78917333333334 0
endloop
endfacet
facet normal 0 0 -1
outer loop
vertex 42.00008666666667 21.999920000000003 0
vertex 82.10417333333334 43.78917333333334 0
vertex 82.27744666666668 43.71438666666667 0
endloop
endfacet
facet normal 0 0 -1
outer loop
vertex 42.00008666666667 21.999920000000003 0
vertex 82.27744666666668 43.71438666666667 0
vertex 82.44545333333335 43.629066666666674 0
endloop
endfacet
facet normal 0 0 -1
outer loop
vertex 42.00008666666667 21.999920000000003 0
vertex 82.44545333333335 43.629066666666674 0
vertex 82.60766666666667 43.533213333333336 0
endloop
endfacet
facet normal 0 0 -1
outer loop
vertex 42.00008666666667 21.999920000000003 0
vertex 82.60766666666667 43.533213333333336 0
vertex 82.76356000000001 43.42682666666667 0
endloop
endfacet
facet normal 0 0 -1
outer loop
vertex 42.00008666666667 21.999920000000003 0
vertex 82.76356000000001 43.42682666666667 0
vertex 82.91208 43.31148666666667 0
endloop
endfacet
facet normal 0 0 -1
outer loop
vertex 42.00008666666667 21.999920000000003 0
vertex 82.91208 43.31148666666667 0
vertex 83.05375333333335 43.18666666666667 0
endloop
endfacet
facet normal 0 0 -1
outer loop
vertex 42.00008666666667 21.999920000000003 0
vertex 83.05375333333335 43.18666666666667 0
vertex 83.18700000000001 43.05342 0
endloop
endfacet
facet normal 0 0 -1
outer loop
vertex 42.00008666666667 21.999920000000003 0
vertex 83.18700000000001 43.05342 0
vertex 83.31129333333334 42.91227333333334 0
endloop
endfacet
facet normal 0 0 -1
outer loop
vertex 42.00008666666667 21.999920000000003 0
vertex 83.31129333333334 42.91227333333334 0
vertex 83.42716 42.76322666666667 0
endloop
endfacet
facet normal 0 0 -1
outer loop
vertex 42.00008666666667 21.999920000000003 0
vertex 83.42716 42.76322666666667 0
vertex 83.53302000000001 42.60733333333334 0
endloop
endfacet
facet normal 0 0 -1
outer loop
vertex 42.00008666666667 21.999920000000003 0
vertex 83.53302000000001 42.60733333333334 0
vertex 83.62887333333335 42.44512 0
endloop
endfacet
facet normal 0.8609265282143058 0.5087293121266575 0
outer loop
vertex 83.62887333333335 42.44512 0
vertex 83.53302000000001 42.60733333333334 0
vertex 83.53302000000001 42.60733333333334 29.99998666666667
endloop
endfacet
facet normal 0.8609265282143058 0.5087293121266575 0
outer loop
vertex 83.62887333333335 42.44512 0
vertex 83.53302000000001 42.60733333333334 29.99998666666667
vertex 83.62887333333335 42.44512 29.99998666666667
endloop
endfacet
facet normal 0.8904849541660899 0.45501268817893065 0
outer loop
vertex 83.62887333333335 42.44512 0
vertex 83.62887333333335 42.44512 29.99998666666667
vertex 83.71472000000001 42.27711333333334 29.99998666666667
endloop
endfacet
facet normal 0.8904849541660899 0.45501268817893065 0
outer loop
vertex 83.62887333333335 42.44512 0
vertex 83.71472000000001 42.27711333333334 29.99998666666667
vertex 83.71472000000001 42.27711333333334 0
endloop
endfacet
facet normal -0.4550126881789152 -0.8904849541660976 0
outer loop
vertex 1.7227266666666667 0.28545333333333334 29.99998666666667
vertex 1.55472 0.3713 29.99998666666667
vertex 1.55472 0.3713 0
endloop
endfacet
facet normal -0.4550126881789152 -0.8904849541660976 0
outer loop
vertex 1.7227266666666667 0.28545333333333334 29.99998666666667
vertex 1.55472 0.3713 0
vertex 1.7227266666666667 0.28545333333333334 0
endloop
endfacet
facet normal -0.3972933443192012 -0.9176916685682969 0
outer loop
vertex 1.7227266666666667 0.28545333333333334 29.99998666666667
vertex 1.7227266666666667 0.28545333333333334 0
vertex 1.8954733333333336 0.2106666666666667 0
endloop
endfacet
facet normal -0.3972933443192012 -0.9176916685682969 0
outer loop
vertex 1.7227266666666667 0.28545333333333334 29.99998666666667
vertex 1.8954733333333336 0.2106666666666667 0
vertex 1.8954733333333336 0.2106666666666667 29.99998666666667
endloop
endfacet
facet normal 0 0 1
outer loop
vertex 42.00008666666667 21.999920000000003 1.9997533333333335
vertex 80.60738666666667 2.466906666666667 1.9997533333333335
vertex 80.76328000000001 2.572766666666667 1.9997533333333335
endloop
endfacet
facet normal 0 0 1
outer loop
vertex 42.00008666666667 21.999920000000003 1.9997533333333335
vertex 80.76328000000001 2.572766666666667 1.9997533333333335
vertex 80.91232666666667 2.6886333333333337 1.9997533333333335
endloop
endfacet
facet normal 0 0 1
outer loop
vertex 42.00008666666667 21.999920000000003 1.9997533333333335
vertex 80.91232666666667 2.6886333333333337 1.9997533333333335
vertex 81.05347333333334 2.812926666666667 1.9997533333333335
endloop
endfacet
facet normal 0 0 1
outer loop
vertex 42.00008666666667 21.999920000000003 1.9997533333333335
vertex 81.05347333333334 2.812926666666667 1.9997533333333335
vertex 81.18672000000001 2.9461733333333338 1.9997533333333335
endloop
endfacet
facet normal 0 0 0.9999999999999999
outer loop
vertex 42.00008666666667 21.999920000000003 1.9997533333333335
vertex 81.18672000000001 2.9461733333333338 1.9997533333333335
vertex 81.31154000000001 3.087846666666667 1.9997533333333335
endloop
endfacet
facet normal 0 0 1
outer loop
vertex 42.00008666666667 21.999920000000003 1.9997533333333335
vertex 81.31154000000001 3.087846666666667 1.9997533333333335
vertex 81.42688000000001 3.2368933333333336 1.9997533333333335
endloop
endfacet
facet normal 0 0 1
outer loop
vertex 42.00008666666667 21.999920000000003 1.9997533333333335
vertex 81.42688000000001 3.2368933333333336 1.9997533333333335
vertex 81.53274 3.3922600000000003 1.9997533333333335
endloop
endfacet
facet normal 0 0 1
outer loop
vertex 42.00008666666667 21.999920000000003 1.9997533333333335
vertex 81.53274 3.3922600000000003 1.9997533333333335
vertex 81.62912 3.555 1.9997533333333335
endloop
endfacet
facet normal 0 0 1
outer loop
vertex 42.00008666666667 21.999920000000003 1.9997533333333335
vertex 81.62912 3.555 1.9997533333333335
vertex 81.71444000000001 3.7224800000000005 1.9997533333333335
endloop
endfacet
facet normal 0 0 1
outer loop
vertex 42.00008666666667 21.999920000000003 1.9997533333333335
vertex 81.71444000000001 3.7224800000000005 1.9997533333333335
vertex 81.78922666666668 3.895753333333334 1.9997533333333335
endloop
endfacet
facet normal 0 0 1
outer loop
vertex 42.00008666666667 21.999920000000003 1.9997533333333335
vertex 81.78922666666668 3.895753333333334 1.9997533333333335
vertex 81.85295333333335 4.072713333333334 1.9997533333333335
endloop
endfacet
facet normal 0 0 1
outer loop
vertex 42.00008666666667 21.999920000000003 1.9997533333333335
vertex 81.85295333333335 4.072713333333334 1.9997533333333335
vertex 81.90562000000001 4.253886666666667 1.9997533333333335
endloop
endfacet
facet normal 0 0 1
outer loop
vertex 42.00008666666667 21.999920000000003 1.9997533333333335
vertex 81.90562000000001 4.253886666666667 1.9997533333333335
vertex 81.9467 4.437693333333334 1.9997533333333335
endloop
endfacet
facet normal 0 0 1
outer loop
vertex 42.00008666666667 21.999920000000003 1.9997533333333335
vertex 81.9467 4.437693333333334 1.9997533333333335
vertex 81.97619333333334 4.624133333333334 1.9997533333333335
endloop
endfacet
facet normal 0 0 0.9999999999999999
outer loop
vertex 42.00008666666667 21.999920000000003 1.9997533333333335
vertex 81.97619333333334 4.624133333333334 1.9997533333333335
vertex 81.9941 4.811626666666667 1.9997533333333335
endloop
endfacet
facet normal 0 0 0.9999999999999999
outer loop
vertex 42.00008666666667 21.999920000000003 1.9997533333333335
vertex 81.9941 4.811626666666667 1.9997533333333335
vertex 81.99989333333335 5.000173333333334 1.9997533333333335
endloop
endfacet
facet normal 0 0 0.9999999999999999
outer loop
vertex 42.00008666666667 21.999920000000003 1.9997533333333335
vertex 81.99989333333335 5.000173333333334 1.9997533333333335
vertex 81.99989333333335 39.000193333333335 1.9997533333333335
endloop
endfacet
facet normal 0 0 1
outer loop
vertex 42.00008666666667 21.999920000000003 1.9997533333333335
vertex 81.99989333333335 39.000193333333335 1.9997533333333335
vertex 81.9941 39.18821333333334 1.9997533333333335
endloop
endfacet
facet normal 0 0 1
outer loop
vertex 42.00008666666667 21.999920000000003 1.9997533333333335
vertex 81.9941 39.18821333333334 1.9997533333333335
vertex 81.97619333333334 39.37623333333334 1.9997533333333335
endloop
endfacet
facet normal 0 0 0.9999999999999999
outer loop
vertex 42.00008666666667 21.999920000000003 1.9997533333333335
vertex 81.97619333333334 39.37623333333334 1.9997533333333335
vertex 81.9467 39.56214666666667 1.9997533333333335
endloop
endfacet
facet normal 0 0 1
outer loop
vertex 42.00008666666667 21.999920000000003 1.9997533333333335
vertex 81.9467 39.56214666666667 1.9997533333333335
vertex 81.90562000000001 39.74595333333334 1.9997533333333335
endloop
endfacet
facet normal 0 0 1
outer loop
vertex 42.00008666666667 21.999920000000003 1.9997533333333335
vertex 81.90562000000001 39.74595333333334 1.9997533333333335
vertex 81.85295333333335 39.92712666666667 1.9997533333333335
endloop
endfacet
facet normal 0 0 1
outer loop
vertex 42.00008666666667 21.999920000000003 1.9997533333333335
vertex 81.85295333333335 39.92712666666667 1.9997533333333335
vertex 81.78922666666668 40.10461333333334 1.9997533333333335
endloop
endfacet
facet normal 0 0 1
outer loop
vertex 42.00008666666667 21.999920000000003 1.9997533333333335
vertex 81.78922666666668 40.10461333333334 1.9997533333333335
vertex 81.71444000000001 40.27736 1.9997533333333335
endloop
endfacet
facet normal 0 0 0.9999999999999999
outer loop
vertex 42.00008666666667 21.999920000000003 1.9997533333333335
vertex 81.71444000000001 40.27736 1.9997533333333335
vertex 81.62912 40.44536666666667 1.9997533333333335
endloop
endfacet
facet normal 0 0 1
outer loop
vertex 42.00008666666667 21.999920000000003 1.9997533333333335
vertex 81.62912 40.44536666666667 1.9997533333333335
vertex 81.53274 40.607580000000006 1.9997533333333335
endloop
endfacet
facet normal 0 0 1
outer loop
vertex 42.00008666666667 21.999920000000003 1.9997533333333335
vertex 81.53274 40.607580000000006 1.9997533333333335
vertex 81.42688000000001 40.76347333333334 1.9997533333333335
endloop
endfacet
facet normal 0 0 1
outer loop
vertex 42.00008666666667 21.999920000000003 1.9997533333333335
vertex 81.42688000000001 40.76347333333334 1.9997533333333335
vertex 81.31154000000001 40.91252 1.9997533333333335
endloop
endfacet
facet normal 0 0 1
outer loop
vertex 42.00008666666667 21.999920000000003 1.9997533333333335
vertex 81.31154000000001 40.91252 1.9997533333333335
vertex 81.18672000000001 41.05366666666667 1.9997533333333335
endloop
endfacet
facet normal 0 0 1
outer loop
vertex 42.00008666666667 21.999920000000003 1.9997533333333335
vertex 81.18672000000001 41.05366666666667 1.9997533333333335
vertex 81.05347333333334 41.18691333333334 1.9997533333333335
endloop
endfacet
facet normal 0 0 1
outer loop
vertex 42.00008666666667 21.999920000000003 1.9997533333333335
vertex 81.05347333333334 41.18691333333334 1.9997533333333335
vertex 80.91232666666667 41.311733333333336 1.9997533333333335
endloop
endfacet
facet normal 0 0 0.9999999999999999
outer loop
vertex 42.00008666666667 21.999920000000003 1.9997533333333335
vertex 80.91232666666667 41.311733333333336 1.9997533333333335
vertex 80.76328000000001 41.42707333333334 1.9997533333333335
endloop
endfacet
facet normal 0 0 1
outer loop
vertex 42.00008666666667 21.999920000000003 1.9997533333333335
vertex 80.76328000000001 41.42707333333334 1.9997533333333335
vertex 80.60738666666667 41.53293333333334 1.9997533333333335
endloop
endfacet
facet normal 0 0 1
outer loop
vertex 42.00008666666667 21.999920000000003 1.9997533333333335
vertex 80.60738666666667 41.53293333333334 1.9997533333333335
vertex 80.44517333333334 41.62878666666667 1.9997533333333335
endloop
endfacet
facet normal 0 0 1
outer loop
vertex 42.00008666666667 21.999920000000003 1.9997533333333335
vertex 80.44517333333334 41.62878666666667 1.9997533333333335
vertex 80.27716666666667 41.71463333333334 1.9997533333333335
endloop
endfacet
facet normal 0 0 1
outer loop
vertex 42.00008666666667 21.999920000000003 1.9997533333333335
vertex 80.27716666666667 41.71463333333334 1.9997533333333335
vertex 80.10442 41.78942000000001 1.9997533333333335
endloop
endfacet
facet normal 0 0 1
outer loop
vertex 42.00008666666667 21.999920000000003 1.9997533333333335
vertex 80.10442 41.78942000000001 1.9997533333333335
vertex 79.92693333333334 41.85314666666667 1.9997533333333335
endloop
endfacet
facet normal 0 0 1
outer loop
vertex 42.00008666666667 21.999920000000003 1.9997533333333335
vertex 79.92693333333334 41.85314666666667 1.9997533333333335
vertex 79.74628666666668 41.905813333333334 1.9997533333333335
endloop
endfacet
facet normal 0 0 1
outer loop
vertex 42.00008666666667 21.999920000000003 1.9997533333333335
vertex 79.74628666666668 41.905813333333334 1.9997533333333335
vertex 79.56195333333334 41.946893333333335 1.9997533333333335
endloop
endfacet
facet normal 0 0 1
outer loop
vertex 42.00008666666667 21.999920000000003 1.9997533333333335
vertex 79.56195333333334 41.946893333333335 1.9997533333333335
vertex 79.37604 41.97638666666667 1.9997533333333335
endloop
endfacet
facet normal 0 0 1
outer loop
vertex 42.00008666666667 21.999920000000003 1.9997533333333335
vertex 79.37604 41.97638666666667 1.9997533333333335
vertex 79.18854666666667 41.99429333333334 1.9997533333333335
endloop
endfacet
facet normal 0 0 1
outer loop
vertex 42.00008666666667 21.999920000000003 1.9997533333333335
vertex 79.18854666666667 41.99429333333334 1.9997533333333335
vertex 79 42.00008666666667 1.9997533333333335
endloop
endfacet
facet normal 0 0 1
outer loop
vertex 42.00008666666667 21.999920000000003 1.9997533333333335
vertex 79 42.00008666666667 1.9997533333333335
vertex 5.000173333333334 42.00008666666667 1.9997533333333335
endloop
endfacet
facet normal 0 0 1
outer loop
vertex 42.00008666666667 21.999920000000003 1.9997533333333335
vertex 5.000173333333334 42.00008666666667 1.9997533333333335
vertex 4.811626666666667 41.99429333333334 1.9997533333333335
endloop
endfacet
facet normal 0 0 1
outer loop
vertex 42.00008666666667 21.999920000000003 1.9997533333333335
vertex 4.811626666666667 41.99429333333334 1.9997533333333335
vertex 4.624133333333334 41.97638666666667 1.9997533333333335
endloop
endfacet
facet normal 0 0 0.9999999999999999
outer loop
vertex 42.00008666666667 21.999920000000003 1.9997533333333335
vertex 4.624133333333334 41.97638666666667 1.9997533333333335
vertex 4.437693333333334 41.946893333333335 1.9997533333333335
endloop
endfacet
facet normal 0 0 0.9999999999999999
outer loop
vertex 42.00008666666667 21.999920000000003 1.9997533333333335
vertex 4.437693333333334 41.946893333333335 1.9997533333333335
vertex 4.253886666666667 41.905813333333334 1.9997533333333335
endloop
endfacet
facet normal 0 0 1
outer loop
vertex 42.00008666666667 21.999920000000003 1.9997533333333335
vertex 4.253886666666667 41.905813333333334 1.9997533333333335
vertex 4.072713333333334 41.85314666666667 1.9997533333333335
endloop
endfacet
facet normal 0 0 1
outer loop
vertex 42.00008666666667 21.999920000000003 1.9997533333333335
vertex 4.072713333333334 41.85314666666667 1.9997533333333335
vertex 3.895753333333334 41.78942000000001 1.9997533333333335
endloop
endfacet
facet normal 0 0 0.9999999999999999
outer loop
vertex 42.00008666666667 21.999920000000003 1.9997533333333335
vertex 3.895753333333334 41.78942000000001 1.9997533333333335
vertex 3.7224800000000005 41.71463333333334 1.9997533333333335
endloop
endfacet
facet normal 0 0 1
outer loop
vertex 42.00008666666667 21.999920000000003 1.9997533333333335
vertex 3.7224800000000005 41.71463333333334 1.9997533333333335
vertex 3.555 41.62878666666667 1.9997533333333335
endloop
endfacet
facet normal 0 0 1
outer loop
vertex 42.00008666666667 21.999920000000003 1.9997533333333335
vertex 3.555 41.62878666666667 1.9997533333333335
vertex 3.3922600000000003 41.53293333333334 1.9997533333333335
endloop
endfacet
facet normal 0 0 1
outer loop
vertex 42.00008666666667 21.999920000000003 1.9997533333333335
vertex 3.3922600000000003 41.53293333333334 1.9997533333333335
vertex 3.2368933333333336 41.42707333333334 1.9997533333333335
endloop
endfacet
facet normal 0 0 1
outer loop
vertex 42.00008666666667 21.999920000000003 1.9997533333333335
vertex 3.2368933333333336 41.42707333333334 1.9997533333333335
vertex 3.087846666666667 41.311733333333336 1.9997533333333335
endloop
endfacet
facet normal 0 0 1
outer loop
vertex 42.00008666666667 21.999920000000003 1.9997533333333335
vertex 3.087846666666667 41.311733333333336 1.9997533333333335
vertex 2.9461733333333338 41.18691333333334 1.9997533333333335
endloop
endfacet
facet normal 0 0 1
outer loop
vertex 42.00008666666667 21.999920000000003 1.9997533333333335
vertex 2.9461733333333338 41.18691333333334 1.9997533333333335
vertex 2.812926666666667 41.05366666666667 1.9997533333333335
endloop
endfacet
facet normal 0 0 1
outer loop
vertex 42.00008666666667 21.999920000000003 1.9997533333333335
vertex 2.812926666666667 41.05366666666667 1.9997533333333335
vertex 2.6886333333333337 40.91252 1.9997533333333335
endloop
endfacet
facet normal 0 0 1
outer loop
vertex 42.00008666666667 21.999920000000003 1.9997533333333335
vertex 2.6886333333333337 40.91252 1.9997533333333335
vertex 2.572766666666667 40.76347333333334 1.9997533333333335
endloop
endfacet
facet normal 0 0 1
outer loop
vertex 42.00008666666667 21.999920000000003 1.9997533333333335
vertex 2.572766666666667 40.76347333333334 1.9997533333333335
vertex 2.466906666666667 40.607580000000006 1.9997533333333335
endloop
endfacet
facet normal 0 0 1
outer loop
vertex 42.00008666666667 21.999920000000003 1.9997533333333335
vertex 2.466906666666667 40.607580000000006 1.9997533333333335
vertex 2.3710533333333337 40.44536666666667 1.9997533333333335
endloop
endfacet
facet normal 0 0 1
outer loop
vertex 42.00008666666667 21.999920000000003 1.9997533333333335
vertex 2.3710533333333337 40.44536666666667 1.9997533333333335
vertex 2.2857333333333334 40.27736 1.9997533333333335
endloop
endfacet
facet normal 0 0 1
outer loop
vertex 42.00008666666667 21.999920000000003 1.9997533333333335
vertex 2.2857333333333334 40.27736 1.9997533333333335
vertex 2.21042 40.10461333333334 1.9997533333333335
endloop
endfacet
facet normal 0 0 1
outer loop
vertex 42.00008666666667 21.999920000000003 1.9997533333333335
vertex 2.21042 40.10461333333334 1.9997533333333335
vertex 2.1466933333333333 39.92712666666667 1.9997533333333335
endloop
endfacet
facet normal 0 0 1
outer loop
vertex 42.00008666666667 21.999920000000003 1.9997533333333335
vertex 2.1466933333333333 39.92712666666667 1.9997533333333335
vertex 2.0940266666666667 39.74595333333334 1.9997533333333335
endloop
endfacet
facet normal 0 0 1
outer loop
vertex 42.00008666666667 21.999920000000003 1.9997533333333335
vertex 2.0940266666666667 39.74595333333334 1.9997533333333335
vertex 2.0529466666666667 39.56214666666667 1.9997533333333335
endloop
endfacet
facet normal 0 0 0.9999999999999999
outer loop
vertex 42.00008666666667 21.999920000000003 1.9997533333333335
vertex 2.0529466666666667 39.56214666666667 1.9997533333333335
vertex 2.0234533333333333 39.37623333333334 1.9997533333333335
endloop
endfacet
facet normal 0 0 1
outer loop
vertex 42.00008666666667 21.999920000000003 1.9997533333333335
vertex 2.0234533333333333 39.37623333333334 1.9997533333333335
vertex 2.0060733333333336 39.18821333333334 1.9997533333333335
endloop
endfacet
facet normal 0 0 1
outer loop
vertex 42.00008666666667 21.999920000000003 1.9997533333333335
vertex 2.0060733333333336 39.18821333333334 1.9997533333333335
vertex 1.9997533333333335 39.000193333333335 1.9997533333333335
endloop
endfacet
facet normal 0 0 1
outer loop
vertex 42.00008666666667 21.999920000000003 1.9997533333333335
vertex 1.9997533333333335 39.000193333333335 1.9997533333333335
vertex 1.9997533333333335 5.000173333333334 1.9997533333333335
endloop
endfacet
facet normal 0 0 1
outer loop
vertex 42.00008666666667 21.999920000000003 1.9997533333333335
vertex 1.9997533333333335 5.000173333333334 1.9997533333333335
vertex 2.0060733333333336 4.811626666666667 1.9997533333333335
endloop
endfacet
facet normal 0 0 1
outer loop
vertex 42.00008666666667 21.999920000000003 1.9997533333333335
vertex 2.0060733333333336 4.811626666666667 1.9997533333333335
vertex 2.0234533333333333 4.624133333333334 1.9997533333333335
endloop
endfacet
facet normal 0 0 1
outer loop
vertex 42.00008666666667 21.999920000000003 1.9997533333333335
vertex 2.0234533333333333 4.624133333333334 1.9997533333333335
vertex 2.0529466666666667 4.437693333333334 1.9997533333333335
endloop
endfacet
facet normal 0 0 1
outer loop
vertex 42.00008666666667 21.999920000000003 1.9997533333333335
vertex 2.0529466666666667 4.437693333333334 1.9997533333333335
vertex 2.0940266666666667 4.253886666666667 1.9997533333333335
endloop
endfacet
facet normal 0 0 1
outer loop
vertex 42.00008666666667 21.999920000000003 1.9997533333333335
vertex 2.0940266666666667 4.253886666666667 1.9997533333333335
vertex 2.1466933333333333 4.072713333333334 1.9997533333333335
endloop
endfacet
facet normal 0 0 1
outer loop
vertex 42.00008666666667 21.999920000000003 1.9997533333333335
vertex 2.1466933333333333 4.072713333333334 1.9997533333333335
vertex 2.21042 3.895753333333334 1.9997533333333335
endloop
endfacet
facet normal 0 0 1
outer loop
vertex 42.00008666666667 21.999920000000003 1.9997533333333335
vertex 2.21042 3.895753333333334 1.9997533333333335
vertex 2.2857333333333334 3.7224800000000005 1.9997533333333335
endloop
endfacet
facet normal 0 0 1
outer loop
vertex 42.00008666666667 21.999920000000003 1.9997533333333335
vertex 2.2857333333333334 3.7224800000000005 1.9997533333333335
vertex 2.3710533333333337 3.555 1.9997533333333335
endloop
endfacet
facet normal 0 0 1
outer loop
vertex 42.00008666666667 21.999920000000003 1.9997533333333335
vertex 2.3710533333333337 3.555 1.9997533333333335
vertex 2.466906666666667 3.3922600000000003 1.9997533333333335
endloop
endfacet
facet normal 0 0 1
outer loop
vertex 42.00008666666667 21.999920000000003 1.9997533333333335
vertex 2.466906666666667 3.3922600000000003 1.9997533333333335
vertex 2.572766666666667 3.2368933333333336 1.9997533333333335
endloop
endfacet
facet normal 0 0 1
outer loop
vertex 42.00008666666667 21.999920000000003 1.9997533333333335
vertex 2.572766666666667 3.2368933333333336 1.9997533333333335
vertex 2.6886333333333337 3.087846666666667 1.9997533333333335
endloop
endfacet
facet normal 0 0 0.9999999999999999
outer loop
vertex 42.00008666666667 21.999920000000003 1.9997533333333335
vertex 2.6886333333333337 3.087846666666667 1.9997533333333335
vertex 2.812926666666667 2.9461733333333338 1.9997533333333335
endloop
endfacet
facet normal 0 0 1
outer loop
vertex 42.00008666666667 21.999920000000003 1.9997533333333335
vertex 2.812926666666667 2.9461733333333338 1.9997533333333335
vertex 2.9461733333333338 2.812926666666667 1.9997533333333335
endloop
endfacet
facet normal 0 0 1
outer loop
vertex 42.00008666666667 21.999920000000003 1.9997533333333335
vertex 2.9461733333333338 2.812926666666667 1.9997533333333335
vertex 3.087846666666667 2.6886333333333337 1.9997533333333335
endloop
endfacet
facet normal 0 0 1
outer loop
vertex 42.00008666666667 21.999920000000003 1.9997533333333335
vertex 3.087846666666667 2.6886333333333337 1.9997533333333335
vertex 3.2368933333333336 2.572766666666667 1.9997533333333335
endloop
endfacet
facet normal 0 0 1
outer loop
vertex 42.00008666666667 21.999920000000003 1.9997533333333335
vertex 3.2368933333333336 2.572766666666667 1.9997533333333335
vertex 3.3922600000000003 2.466906666666667 1.9997533333333335
endloop
endfacet
facet normal 0 0 0.9999999999999999
outer loop
vertex 42.00008666666667 21.999920000000003 1.9997533333333335
vertex 3.3922600000000003 2.466906666666667 1.9997533333333335
vertex 3.555 2.3710533333333337 1.9997533333333335
endloop
endfacet
facet normal 0 0 1
outer loop
vertex 42.00008666666667 21.999920000000003 1.9997533333333335
vertex 3.555 2.3710533333333337 1.9997533333333335
vertex 3.7224800000000005 2.2857333333333334 1.9997533333333335
endloop
endfacet
facet normal 0 0 1
outer loop
vertex 42.00008666666667 21.999920000000003 1.9997533333333335
vertex 3.7224800000000005 2.2857333333333334 1.9997533333333335
vertex 3.895753333333334 2.21042 1.9997533333333335
endloop
endfacet
facet normal 0 0 1
outer loop
vertex 42.00008666666667 21.999920000000003 1.9997533333333335
vertex 3.895753333333334 2.21042 1.9997533333333335
vertex 4.072713333333334 2.1466933333333333 1.9997533333333335
endloop
endfacet
facet normal 0 0 1
outer loop
vertex 42.00008666666667 21.999920000000003 1.9997533333333335
vertex 4.072713333333334 2.1466933333333333 1.9997533333333335
vertex 4.253886666666667 2.0940266666666667 1.9997533333333335
endloop
endfacet
facet normal 0 0 0.9999999999999999
outer loop
vertex 42.00008666666667 21.999920000000003 1.9997533333333335
vertex 4.253886666666667 2.0940266666666667 1.9997533333333335
vertex 4.437693333333334 2.0529466666666667 1.9997533333333335
endloop
endfacet
facet normal 0 0 0.9999999999999999
outer loop
vertex 42.00008666666667 21.999920000000003 1.9997533333333335
vertex 4.437693333333334 2.0529466666666667 1.9997533333333335
vertex 4.624133333333334 2.0234533333333333 1.9997533333333335
endloop
endfacet
facet normal 0 0 1
outer loop
vertex 42.00008666666667 21.999920000000003 1.9997533333333335
vertex 4.624133333333334 2.0234533333333333 1.9997533333333335
vertex 4.811626666666667 2.0060733333333336 1.9997533333333335
endloop
endfacet
facet normal 0 0 1
outer loop
vertex 42.00008666666667 21.999920000000003 1.9997533333333335
vertex 4.811626666666667 2.0060733333333336 1.9997533333333335
vertex 5.000173333333334 1.9997533333333335 1.9997533333333335
endloop
endfacet
facet normal 0 0 1
outer loop
vertex 42.00008666666667 21.999920000000003 1.9997533333333335
vertex 5.000173333333334 1.9997533333333335 1.9997533333333335
vertex 79 1.9997533333333335 1.9997533333333335
endloop
endfacet
facet normal 0 0 1
outer loop
vertex 42.00008666666667 21.999920000000003 1.9997533333333335
vertex 79 1.9997533333333335 1.9997533333333335
vertex 79.18854666666667 2.0060733333333336 1.9997533333333335
endloop
endfacet
facet normal 0 0 1
outer loop
vertex 42.00008666666667 21.999920000000003 1.9997533333333335
vertex 79.18854666666667 2.0060733333333336 1.9997533333333335
vertex 79.37604 2.0234533333333333 1.9997533333333335
endloop
endfacet
facet normal 0 0 1
outer loop
vertex 42.00008666666667 21.999920000000003 1.9997533333333335
vertex 79.37604 2.0234533333333333 1.9997533333333335
vertex 79.56195333333334 2.0529466666666667 1.9997533333333335
endloop
endfacet
facet normal 0 0 1
outer loop
vertex 42.00008666666667 21.999920000000003 1.9997533333333335
vertex 79.56195333333334 2.0529466666666667 1.9997533333333335
vertex 79.74628666666668 2.0940266666666667 1.9997533333333335
endloop
endfacet
facet normal 0 0 1
outer loop
vertex 42.00008666666667 21.999920000000003 1.9997533333333335
vertex 79.74628666666668 2.0940266666666667 1.9997533333333335
vertex 79.92693333333334 2.1466933333333333 1.9997533333333335
endloop
endfacet
facet normal 0 0 0.9999999999999999
outer loop
vertex 42.00008666666667 21.999920000000003 1.9997533333333335
vertex 79.92693333333334 2.1466933333333333 1.9997533333333335
vertex 80.10442 2.21042 1.9997533333333335
endloop
endfacet
facet normal 0 0 1
outer loop
vertex 42.00008666666667 21.999920000000003 1.9997533333333335
vertex 80.10442 2.21042 1.9997533333333335
vertex 80.27716666666667 2.2857333333333334 1.9997533333333335
endloop
endfacet
facet normal 0 0 1
outer loop
vertex 42.00008666666667 21.999920000000003 1.9997533333333335
vertex 80.27716666666667 2.2857333333333334 1.9997533333333335
vertex 80.44517333333334 2.3710533333333337 1.9997533333333335
endloop
endfacet
facet normal 0 0 0.9999999999999999
outer loop
vertex 42.00008666666667 21.999920000000003 1.9997533333333335
vertex 80.44517333333334 2.3710533333333337 1.9997533333333335
vertex 80.60738666666667 2.466906666666667 1.9997533333333335
endloop
endfacet
facet normal 0 -1 0
outer loop
vertex 5.000173333333334 42.00008666666667 29.99998666666667
vertex 5.000173333333334 42.00008666666667 1.9997533333333335
vertex 79 42.00008666666667 1.9997533333333335
endloop
endfacet
facet normal 0 -1 0
outer loop
vertex 5.000173333333334 42.00008666666667 29.99998666666667
vertex 79 42.00008666666667 1.9997533333333335
vertex 79 42.00008666666667 29.99998666666667
endloop
endfacet
facet normal 0 1 0
outer loop
vertex 5.000173333333334 1.9997533333333335 29.99998666666667
vertex 79 1.9997533333333335 29.99998666666667
vertex 79 1.9997533333333335 1.9997533333333335
endloop
endfacet
facet normal 0 1 0
outer loop
vertex 5.000173333333334 1.9997533333333335 29.99998666666667
vertex 79 1.9997533333333335 1.9997533333333335
vertex 5.000173333333334 1.9997533333333335 1.9997533333333335
endloop
endfacet
facet normal 0.9994355464166094 0.03359447214845788 0
outer loop
vertex 2.00186 4.9375 13.666473333333334
vertex 1.9997533333333335 5.000173333333334 1.9997533333333335
vertex 1.9997533333333335 5.000173333333334 4.0000333333333336
endloop
endfacet
facet normal 0.9994355464166091 0.03359447214845787 0
outer loop
vertex 2.00186 4.9375 13.666473333333334
vertex 1.9997533333333335 5.000173333333334 4.0000333333333336
vertex 1.9997533333333335 5.000173333333334 13.999853333333334
endloop
endfacet
facet normal 0.9994355464166095 0.03359447214845788 0
outer loop
vertex 2.00186 4.9375 13.666473333333334
vertex 1.9997533333333335 5.000173333333334 13.999853333333334
vertex 1.9997533333333335 5.000173333333334 29.99998666666667
endloop
endfacet
facet normal 0.9994386927335577 0.03350073830391873 3.60071994581355e-7
outer loop
vertex 2.00186 4.9375 13.666473333333334
vertex 1.9997533333333335 5.000173333333334 29.99998666666667
vertex 2.0060733333333336 4.811626666666667 29.99998666666667
endloop
endfacet
facet normal 0.9994402560389861 0.03345406714774917 0
outer loop
vertex 2.00186 4.9375 13.666473333333334
vertex 2.0060733333333336 4.811626666666667 29.99998666666667
vertex 2.0060733333333336 4.811626666666667 1.9997533333333335
endloop
endfacet
facet normal 0.9994386927334954 0.033500738303916644 -5.041040433347267e-7
outer loop
vertex 2.00186 4.9375 13.666473333333334
vertex 2.0060733333333336 4.811626666666667 1.9997533333333335
vertex 1.9997533333333335 5.000173333333334 1.9997533333333335
endloop
endfacet
facet normal 0.9994355464166094 -0.03359447214845645 0
outer loop
vertex 2.00186 39.06286666666667 13.666473333333334
vertex 1.9997533333333335 39.000193333333335 29.99998666666667
vertex 1.9997533333333335 39.000193333333335 13.999853333333334
endloop
endfacet
facet normal 0.9994355464166094 -0.03359447214845645 0
outer loop
vertex 2.00186 39.06286666666667 13.666473333333334
vertex 1.9997533333333335 39.000193333333335 13.999853333333334
vertex 1.9997533333333335 39.000193333333335 4.0000333333333336
endloop
endfacet
facet normal 0.9994355464166094 -0.03359447214845645 0
outer loop
vertex 2.00186 39.06286666666667 13.666473333333334
vertex 1.9997533333333335 39.000193333333335 4.0000333333333336
vertex 1.9997533333333335 39.000193333333335 1.9997533333333335
endloop
endfacet
facet normal 0.9994355464166094 -0.03359447214845771 6.816969139768772e-18
outer loop
vertex 2.00186 39.06286666666667 13.666473333333334
vertex 1.9997533333333335 39.000193333333335 1.9997533333333335
vertex 2.0060733333333336 39.18821333333334 1.9997533333333335
endloop
endfacet
facet normal 0.9994355464166093 -0.03359447214845835 0
outer loop
vertex 2.00186 39.06286666666667 13.666473333333334
vertex 2.0060733333333336 39.18821333333334 1.9997533333333335
vertex 2.0060733333333336 39.18821333333334 29.99998666666667
endloop
endfacet
facet normal 0.9994355464166094 -0.03359447214845772 -4.869232269827422e-18
outer loop
vertex 2.00186 39.06286666666667 13.666473333333334
vertex 2.0060733333333336 39.18821333333334 29.99998666666667
vertex 1.9997533333333335 39.000193333333335 29.99998666666667
endloop
endfacet
facet normal -0.030711762871688714 -0.9995282825519812 0
outer loop
vertex 79.18854666666667 41.99429333333334 29.99998666666667
vertex 79 42.00008666666667 29.99998666666667
vertex 79 42.00008666666667 1.9997533333333335
endloop
endfacet
facet normal -0.030711762871688714 -0.9995282825519812 0
outer loop
vertex 79.18854666666667 41.99429333333334 29.99998666666667
vertex 79 42.00008666666667 1.9997533333333335
vertex 79.18854666666667 41.99429333333334 1.9997533333333335
endloop
endfacet
facet normal 0.218114631005515 -0.9759231566784999 0
outer loop
vertex 4.253886666666667 41.905813333333334 29.99998666666667
vertex 4.253886666666667 41.905813333333334 1.9997533333333335
vertex 4.437693333333334 41.946893333333335 1.9997533333333335
endloop
endfacet
facet normal 0.218114631005515 -0.9759231566784999 0
outer loop
vertex 4.253886666666667 41.905813333333334 29.99998666666667
vertex 4.437693333333334 41.946893333333335 1.9997533333333335
vertex 4.437693333333334 41.946893333333335 29.99998666666667
endloop
endfacet
facet normal 0.030711762871688857 -0.9995282825519811 0
outer loop
vertex 4.811626666666667 41.99429333333334 29.99998666666667
vertex 4.811626666666667 41.99429333333334 1.9997533333333335
vertex 5.000173333333334 42.00008666666667 1.9997533333333335
endloop
endfacet
facet normal 0.030711762871688857 -0.9995282825519811 0
outer loop
vertex 4.811626666666667 41.99429333333334 29.99998666666667
vertex 5.000173333333334 42.00008666666667 1.9997533333333335
vertex 5.000173333333334 42.00008666666667 29.99998666666667
endloop
endfacet
facet normal 0.9411718968538646 -0.33792818848462197 0
outer loop
vertex 2.1466933333333333 39.92712666666667 29.99998666666667
vertex 2.1466933333333333 39.92712666666667 1.9997533333333335
vertex 2.21042 40.10461333333334 1.9997533333333335
endloop
endfacet
facet normal 0.9411718968538646 -0.33792818848462197 0
outer loop
vertex 2.1466933333333333 39.92712666666667 29.99998666666667
vertex 2.21042 40.10461333333334 1.9997533333333335
vertex 2.21042 40.10461333333334 29.99998666666667
endloop
endfacet
facet normal 0.9759231566785017 -0.21811463100550751 0
outer loop
vertex 2.0940266666666667 39.74595333333334 29.99998666666667
vertex 2.0529466666666667 39.56214666666667 29.99998666666667
vertex 2.0529466666666667 39.56214666666667 1.9997533333333335
endloop
endfacet
facet normal 0.9759231566785017 -0.21811463100550751 0
outer loop
vertex 2.0940266666666667 39.74595333333334 29.99998666666667
vertex 2.0529466666666667 39.56214666666667 1.9997533333333335
vertex 2.0940266666666667 39.74595333333334 1.9997533333333335
endloop
endfacet
facet normal 0.9602497285624917 -0.27914236295421213 0
outer loop
vertex 2.1466933333333333 39.92712666666667 1.9997533333333335
vertex 2.1466933333333333 39.92712666666667 29.99998666666667
vertex 2.0940266666666667 39.74595333333334 29.99998666666667
endloop
endfacet
facet normal 0.9602497285624917 -0.27914236295421213 0
outer loop
vertex 2.1466933333333333 39.92712666666667 1.9997533333333335
vertex 2.0940266666666667 39.74595333333334 29.99998666666667
vertex 2.0940266666666667 39.74595333333334 1.9997533333333335
endloop
endfacet
facet normal -0.999521091118466 -0.030944925421649665 0
outer loop
vertex 81.99936666666667 39.018100000000004 10.333200000000001
vertex 81.9941 39.18821333333334 29.99998666666667
vertex 81.9941 39.18821333333334 1.9997533333333335
endloop
endfacet
facet normal -0.9995256380541659 -0.030797708735617657 0.000003008055295793311
outer loop
vertex 81.99936666666667 39.018100000000004 10.333200000000001
vertex 81.9941 39.18821333333334 1.9997533333333335
vertex 81.99989333333335 39.000193333333335 1.9997533333333335
endloop
endfacet
facet normal -0.9995677544643433 -0.02939905160223075 0
outer loop
vertex 81.99936666666667 39.018100000000004 10.333200000000001
vertex 81.99989333333335 39.000193333333335 1.9997533333333335
vertex 81.99989333333335 39.000193333333335 5.000173333333334
endloop
endfacet
facet normal -0.9995677544643433 -0.029399051602230487 0
outer loop
vertex 81.99936666666667 39.018100000000004 10.333200000000001
vertex 81.99989333333335 39.000193333333335 5.000173333333334
vertex 81.99989333333335 39.000193333333335 5.077066666666667
endloop
endfacet
facet normal -0.9995677544643431 -0.0293990516022309 0
outer loop
vertex 81.99936666666667 39.018100000000004 10.333200000000001
vertex 81.99989333333335 39.000193333333335 5.077066666666667
vertex 81.99989333333335 39.000193333333335 5.304586666666667
endloop
endfacet
facet normal -0.999567754464343 -0.02939905160223071 0
outer loop
vertex 81.99936666666667 39.018100000000004 10.333200000000001
vertex 81.99989333333335 39.000193333333335 5.304586666666667
vertex 81.99989333333335 39.000193333333335 5.674306666666667
endloop
endfacet
facet normal -0.9995677544643432 -0.029399051602230754 0
outer loop
vertex 81.99936666666667 39.018100000000004 10.333200000000001
vertex 81.99989333333335 39.000193333333335 5.674306666666667
vertex 81.99989333333335 39.000193333333335 6.171480000000001
endloop
endfacet
facet normal -0.9995677544643432 -0.029399051602230747 0
outer loop
vertex 81.99936666666667 39.018100000000004 10.333200000000001
vertex 81.99989333333335 39.000193333333335 6.171480000000001
vertex 81.99989333333335 39.000193333333335 6.777673333333334
endloop
endfacet
facet normal -0.9995677544643432 -0.02939905160223075 0
outer loop
vertex 81.99936666666667 39.018100000000004 10.333200000000001
vertex 81.99989333333335 39.000193333333335 6.777673333333334
vertex 81.99989333333335 39.000193333333335 7.469186666666667
endloop
endfacet
facet normal -0.9995677544643432 -0.02939905160223075 0
outer loop
vertex 81.99936666666667 39.018100000000004 10.333200000000001
vertex 81.99989333333335 39.000193333333335 7.469186666666667
vertex 81.99989333333335 39.000193333333335 8.219686666666668
endloop
endfacet
facet normal -0.999567754464343 -0.02939905160223074 0
outer loop
vertex 81.99936666666667 39.018100000000004 10.333200000000001
vertex 81.99989333333335 39.000193333333335 8.219686666666668
vertex 81.99989333333335 39.000193333333335 9.000206666666667
endloop
endfacet
facet normal -0.999567754464343 -0.029399051602230743 0
outer loop
vertex 81.99936666666667 39.018100000000004 10.333200000000001
vertex 81.99989333333335 39.000193333333335 9.000206666666667
vertex 81.99989333333335 39.000193333333335 9.7802
endloop
endfacet
facet normal -0.9995677544643432 -0.029399051602230747 0
outer loop
vertex 81.99936666666667 39.018100000000004 10.333200000000001
vertex 81.99989333333335 39.000193333333335 9.7802
vertex 81.99989333333335 39.000193333333335 10.530700000000001
endloop
endfacet
facet normal -0.9995677544643432 -0.02939905160223075 0
outer loop
vertex 81.99936666666667 39.018100000000004 10.333200000000001
vertex 81.99989333333335 39.000193333333335 10.530700000000001
vertex 81.99989333333335 39.000193333333335 11.222213333333334
endloop
endfacet
facet normal -0.9995677544643432 -0.029399051602230754 0
outer loop
vertex 81.99936666666667 39.018100000000004 10.333200000000001
vertex 81.99989333333335 39.000193333333335 11.222213333333334
vertex 81.99989333333335 39.000193333333335 11.828406666666668
endloop
endfacet
facet normal -0.9995677544643432 -0.02939905160223075 0
outer loop
vertex 81.99936666666667 39.018100000000004 10.333200000000001
vertex 81.99989333333335 39.000193333333335 11.828406666666668
vertex 81.99989333333335 39.000193333333335 12.326106666666668
endloop
endfacet
facet normal -0.9995677544643431 -0.02939905160223073 0
outer loop
vertex 81.99936666666667 39.018100000000004 10.333200000000001
vertex 81.99989333333335 39.000193333333335 12.326106666666668
vertex 81.99989333333335 39.000193333333335 12.695300000000001
endloop
endfacet
facet normal -0.9995677544643431 -0.029399051602230806 0
outer loop
vertex 81.99936666666667 39.018100000000004 10.333200000000001
vertex 81.99989333333335 39.000193333333335 12.695300000000001
vertex 81.99989333333335 39.000193333333335 12.923346666666667
endloop
endfacet
facet normal -0.9995677544643432 -0.02939905160223066 0
outer loop
vertex 81.99936666666667 39.018100000000004 10.333200000000001
vertex 81.99989333333335 39.000193333333335 12.923346666666667
vertex 81.99989333333335 39.000193333333335 13.000240000000002
endloop
endfacet
facet normal -0.999567754464343 -0.029399051602230743 0
outer loop
vertex 81.99936666666667 39.018100000000004 10.333200000000001
vertex 81.99989333333335 39.000193333333335 13.000240000000002
vertex 81.99989333333335 39.000193333333335 29.99998666666667
endloop
endfacet
facet normal -0.9995256380578761 -0.03079770873573198 -0.0000012746092588911745
outer loop
vertex 81.99936666666667 39.018100000000004 10.333200000000001
vertex 81.99989333333335 39.000193333333335 29.99998666666667
vertex 81.9941 39.18821333333334 29.99998666666667
endloop
endfacet
facet normal -0.09507300643238553 -0.9954703026448892 0
outer loop
vertex 79.37604 41.97638666666667 29.99998666666667
vertex 79.18854666666667 41.99429333333334 29.99998666666667
vertex 79.18854666666667 41.99429333333334 1.9997533333333335
endloop
endfacet
facet normal -0.09507300643238553 -0.9954703026448892 0
outer loop
vertex 79.37604 41.97638666666667 29.99998666666667
vertex 79.18854666666667 41.99429333333334 1.9997533333333335
vertex 79.37604 41.97638666666667 1.9997533333333335
endloop
endfacet
facet normal -0.7503260527292032 0.6610679349324191 0
outer loop
vertex 81.18672000000001 2.9461733333333338 1.9997533333333335
vertex 81.18672000000001 2.9461733333333338 29.99998666666667
vertex 81.31154000000001 3.087846666666667 29.99998666666667
endloop
endfacet
facet normal -0.7503260527292032 0.6610679349324191 0
outer loop
vertex 81.18672000000001 2.9461733333333338 1.9997533333333335
vertex 81.31154000000001 3.087846666666667 29.99998666666667
vertex 81.31154000000001 3.087846666666667 1.9997533333333335
endloop
endfacet
facet normal -0.9995282825512636 0.030711762871742147 -0.0000011962844806482956
outer loop
vertex 81.99936666666667 4.982266666666667 10.333200000000001
vertex 81.9941 4.811626666666667 29.99998666666667
vertex 81.99989333333335 5.000173333333334 29.99998666666667
endloop
endfacet
facet normal -0.9995677544643431 0.029399051602233665 0
outer loop
vertex 81.99936666666667 4.982266666666667 10.333200000000001
vertex 81.99989333333335 5.000173333333334 29.99998666666667
vertex 81.99989333333335 5.000173333333334 13.000240000000002
endloop
endfacet
facet normal -0.9995677544643431 0.02939905160223362 0
outer loop
vertex 81.99936666666667 4.982266666666667 10.333200000000001
vertex 81.99989333333335 5.000173333333334 13.000240000000002
vertex 81.99989333333335 5.000173333333334 12.923346666666667
endloop
endfacet
facet normal -0.9995677544643431 0.029399051602233703 0
outer loop
vertex 81.99936666666667 4.982266666666667 10.333200000000001
vertex 81.99989333333335 5.000173333333334 12.923346666666667
vertex 81.99989333333335 5.000173333333334 12.695300000000001
endloop
endfacet
facet normal -0.9995677544643432 0.029399051602233665 0
outer loop
vertex 81.99936666666667 4.982266666666667 10.333200000000001
vertex 81.99989333333335 5.000173333333334 12.695300000000001
vertex 81.99989333333335 5.000173333333334 12.326106666666668
endloop
endfacet
facet normal -0.9995677544643431 0.029399051602233654 0
outer loop
vertex 81.99936666666667 4.982266666666667 10.333200000000001
vertex 81.99989333333335 5.000173333333334 12.326106666666668
vertex 81.99989333333335 5.000173333333334 11.828406666666668
endloop
endfacet
facet normal -0.9995677544643431 0.029399051602233675 0
outer loop
vertex 81.99936666666667 4.982266666666667 10.333200000000001
vertex 81.99989333333335 5.000173333333334 11.828406666666668
vertex 81.99989333333335 5.000173333333334 11.222213333333334
endloop
endfacet
facet normal -0.9995677544643431 0.02939905160223366 0
outer loop
vertex 81.99936666666667 4.982266666666667 10.333200000000001
vertex 81.99989333333335 5.000173333333334 11.222213333333334
vertex 81.99989333333335 5.000173333333334 10.530700000000001
endloop
endfacet
facet normal -0.9995677544643431 0.02939905160223366 0
outer loop
vertex 81.99936666666667 4.982266666666667 10.333200000000001
vertex 81.99989333333335 5.000173333333334 10.530700000000001
vertex 81.99989333333335 5.000173333333334 9.7802
endloop
endfacet
facet normal -0.9995677544643431 0.029399051602233668 0
outer loop
vertex 81.99936666666667 4.982266666666667 10.333200000000001
vertex 81.99989333333335 5.000173333333334 9.7802
vertex 81.99989333333335 5.000173333333334 9.000206666666667
endloop
endfacet
facet normal -0.9995677544643431 0.029399051602233654 0
outer loop
vertex 81.99936666666667 4.982266666666667 10.333200000000001
vertex 81.99989333333335 5.000173333333334 9.000206666666667
vertex 81.99989333333335 5.000173333333334 8.219686666666668
endloop
endfacet
facet normal -0.999567754464343 0.02939905160223366 0
outer loop
vertex 81.99936666666667 4.982266666666667 10.333200000000001
vertex 81.99989333333335 5.000173333333334 8.219686666666668
vertex 81.99989333333335 5.000173333333334 7.469186666666667
endloop
endfacet
facet normal -0.9995677544643431 0.029399051602233665 0
outer loop
vertex 81.99936666666667 4.982266666666667 10.333200000000001
vertex 81.99989333333335 5.000173333333334 7.469186666666667
vertex 81.99989333333335 5.000173333333334 6.777673333333334
endloop
endfacet
facet normal -0.9995677544643431 0.02939905160223368 0
outer loop
vertex 81.99936666666667 4.982266666666667 10.333200000000001
vertex 81.99989333333335 5.000173333333334 6.777673333333334
vertex 81.99989333333335 5.000173333333334 6.171480000000001
endloop
endfacet
facet normal -0.9995677544643431 0.029399051602233637 0
outer loop
vertex 81.99936666666667 4.982266666666667 10.333200000000001
vertex 81.99989333333335 5.000173333333334 6.171480000000001
vertex 81.99989333333335 5.000173333333334 5.674306666666667
endloop
endfacet
facet normal -0.999567754464343 0.029399051602233665 0
outer loop
vertex 81.99936666666667 4.982266666666667 10.333200000000001
vertex 81.99989333333335 5.000173333333334 5.674306666666667
vertex 81.99989333333335 5.000173333333334 5.304586666666667
endloop
endfacet
facet normal -0.9995677544643431 0.029399051602233703 0
outer loop
vertex 81.99936666666667 4.982266666666667 10.333200000000001
vertex 81.99989333333335 5.000173333333334 5.304586666666667
vertex 81.99989333333335 5.000173333333334 5.077066666666667
endloop
endfacet
facet normal -0.999567754464343 0.029399051602233443 0
outer loop
vertex 81.99936666666667 4.982266666666667 10.333200000000001
vertex 81.99989333333335 5.000173333333334 5.077066666666667
vertex 81.99989333333335 5.000173333333334 5.000173333333334
endloop
endfacet
facet normal -0.999567754464343 0.029399051602233658 0
outer loop
vertex 81.99936666666667 4.982266666666667 10.333200000000001
vertex 81.99989333333335 5.000173333333334 5.000173333333334
vertex 81.99989333333335 5.000173333333334 1.9997533333333335
endloop
endfacet
facet normal -0.9995282825479955 0.03071176287164173 0.000002823210205158478
outer loop
vertex 81.99936666666667 4.982266666666667 10.333200000000001
vertex 81.99989333333335 5.000173333333334 1.9997533333333335
vertex 81.9941 4.811626666666667 1.9997533333333335
endloop
endfacet
facet normal -0.9995240406770761 0.03084950742833009 0
outer loop
vertex 81.99936666666667 4.982266666666667 10.333200000000001
vertex 81.9941 4.811626666666667 1.9997533333333335
vertex 81.9941 4.811626666666667 29.99998666666667
endloop
endfacet
facet normal 0.995731158395934 0.09230092198613853 0
outer loop
vertex 2.0234533333333333 4.624133333333334 29.99998666666667
vertex 2.0234533333333333 4.624133333333334 1.9997533333333335
vertex 2.0060733333333336 4.811626666666667 1.9997533333333335
endloop
endfacet
facet normal 0.995731158395934 0.09230092198613853 0
outer loop
vertex 2.0234533333333333 4.624133333333334 29.99998666666667
vertex 2.0060733333333336 4.811626666666667 1.9997533333333335
vertex 2.0060733333333336 4.811626666666667 29.99998666666667
endloop
endfacet
facet normal 0.27914236295421424 -0.960249728562491 0
outer loop
vertex 4.072713333333334 41.85314666666667 29.99998666666667
vertex 4.072713333333334 41.85314666666667 1.9997533333333335
vertex 4.253886666666667 41.905813333333334 1.9997533333333335
endloop
endfacet
facet normal 0.27914236295421424 -0.960249728562491 0
outer loop
vertex 4.072713333333334 41.85314666666667 29.99998666666667
vertex 4.253886666666667 41.905813333333334 1.9997533333333335
vertex 4.253886666666667 41.905813333333334 29.99998666666667
endloop
endfacet
facet normal 0.33881862198318163 -0.9408517106310738 0
outer loop
vertex 3.895753333333334 41.78942000000001 29.99998666666667
vertex 3.895753333333334 41.78942000000001 1.9997533333333335
vertex 4.072713333333334 41.85314666666667 1.9997533333333335
endloop
endfacet
facet normal 0.33881862198318163 -0.9408517106310738 0
outer loop
vertex 3.895753333333334 41.78942000000001 29.99998666666667
vertex 4.072713333333334 41.85314666666667 1.9997533333333335
vertex 4.072713333333334 41.85314666666667 29.99998666666667
endloop
endfacet
facet normal 0.09507300643238688 -0.9954703026448892 0
outer loop
vertex 4.624133333333334 41.97638666666667 29.99998666666667
vertex 4.624133333333334 41.97638666666667 1.9997533333333335
vertex 4.811626666666667 41.99429333333334 1.9997533333333335
endloop
endfacet
facet normal 0.09507300643238688 -0.9954703026448892 0
outer loop
vertex 4.624133333333334 41.97638666666667 29.99998666666667
vertex 4.811626666666667 41.99429333333334 1.9997533333333335
vertex 4.811626666666667 41.99429333333334 29.99998666666667
endloop
endfacet
facet normal 0.1562491241840189 -0.9877176778775032 0
outer loop
vertex 4.437693333333334 41.946893333333335 29.99998666666667
vertex 4.437693333333334 41.946893333333335 1.9997533333333335
vertex 4.624133333333334 41.97638666666667 1.9997533333333335
endloop
endfacet
facet normal 0.1562491241840189 -0.9877176778775032 0
outer loop
vertex 4.437693333333334 41.946893333333335 29.99998666666667
vertex 4.624133333333334 41.97638666666667 1.9997533333333335
vertex 4.624133333333334 41.97638666666667 29.99998666666667
endloop
endfacet
facet normal 0.8609265282143161 -0.5087293121266401 0
outer loop
vertex 2.3710533333333337 40.44536666666667 29.99998666666667
vertex 2.3710533333333337 40.44536666666667 1.9997533333333335
vertex 2.466906666666667 40.607580000000006 1.9997533333333335
endloop
endfacet
facet normal 0.8609265282143161 -0.5087293121266401 0
outer loop
vertex 2.3710533333333337 40.44536666666667 29.99998666666667
vertex 2.466906666666667 40.607580000000006 1.9997533333333335
vertex 2.466906666666667 40.607580000000006 29.99998666666667
endloop
endfacet
facet normal 0.9876492768064381 -0.15668090510243923 0
outer loop
vertex 2.0234533333333333 39.37623333333334 29.99998666666667
vertex 2.0234533333333333 39.37623333333334 1.9997533333333335
vertex 2.0529466666666667 39.56214666666667 1.9997533333333335
endloop
endfacet
facet normal 0.9876492768064381 -0.15668090510243923 0
outer loop
vertex 2.0234533333333333 39.37623333333334 29.99998666666667
vertex 2.0529466666666667 39.56214666666667 1.9997533333333335
vertex 2.0529466666666667 39.56214666666667 29.99998666666667
endloop
endfacet
facet normal 0.9957548881262293 -0.09204456949065762 0
outer loop
vertex 2.0060733333333336 39.18821333333334 29.99998666666667
vertex 2.0060733333333336 39.18821333333334 1.9997533333333335
vertex 2.0234533333333333 39.37623333333334 1.9997533333333335
endloop
endfacet
facet normal 0.9957548881262293 -0.09204456949065762 0
outer loop
vertex 2.0060733333333336 39.18821333333334 29.99998666666667
vertex 2.0234533333333333 39.37623333333334 1.9997533333333335
vertex 2.0234533333333333 39.37623333333334 29.99998666666667
endloop
endfacet
facet normal 0.827290216257963 -0.5617747752292308 0
outer loop
vertex 2.572766666666667 40.76347333333334 29.99998666666667
vertex 2.466906666666667 40.607580000000006 29.99998666666667
vertex 2.466906666666667 40.607580000000006 1.9997533333333335
endloop
endfacet
facet normal 0.827290216257963 -0.5617747752292308 0
outer loop
vertex 2.572766666666667 40.76347333333334 29.99998666666667
vertex 2.466906666666667 40.607580000000006 1.9997533333333335
vertex 2.572766666666667 40.76347333333334 1.9997533333333335
endloop
endfacet
facet normal 0.7895024116573283 -0.6137474578254989 0
outer loop
vertex 2.572766666666667 40.76347333333334 29.99998666666667
vertex 2.572766666666667 40.76347333333334 1.9997533333333335
vertex 2.6886333333333337 40.91252 1.9997533333333335
endloop
endfacet
facet normal 0.7895024116573283 -0.6137474578254989 0
outer loop
vertex 2.572766666666667 40.76347333333334 29.99998666666667
vertex 2.6886333333333337 40.91252 1.9997533333333335
vertex 2.6886333333333337 40.91252 29.99998666666667
endloop
endfacet
facet normal 0.7071067811865417 -0.7071067811865536 0
outer loop
vertex 2.9461733333333338 41.18691333333334 1.9997533333333335
vertex 2.9461733333333338 41.18691333333334 29.99998666666667
vertex 2.812926666666667 41.05366666666667 29.99998666666667
endloop
endfacet
facet normal 0.7071067811865417 -0.7071067811865536 0
outer loop
vertex 2.9461733333333338 41.18691333333334 1.9997533333333335
vertex 2.812926666666667 41.05366666666667 29.99998666666667
vertex 2.812926666666667 41.05366666666667 1.9997533333333335
endloop
endfacet
facet normal 0.7504912652871368 -0.6608803679393968 0
outer loop
vertex 2.812926666666667 41.05366666666667 29.99998666666667
vertex 2.6886333333333337 40.91252 29.99998666666667
vertex 2.6886333333333337 40.91252 1.9997533333333335
endloop
endfacet
facet normal 0.7504912652871368 -0.6608803679393968 0
outer loop
vertex 2.812926666666667 41.05366666666667 29.99998666666667
vertex 2.6886333333333337 40.91252 1.9997533333333335
vertex 2.812926666666667 41.05366666666667 1.9997533333333335
endloop
endfacet
facet normal -0.15668090510244617 -0.9876492768064371 0
outer loop
vertex 79.37604 41.97638666666667 29.99998666666667
vertex 79.37604 41.97638666666667 1.9997533333333335
vertex 79.56195333333334 41.946893333333335 1.9997533333333335
endloop
endfacet
facet normal -0.15668090510244617 -0.9876492768064371 0
outer loop
vertex 79.37604 41.97638666666667 29.99998666666667
vertex 79.56195333333334 41.946893333333335 1.9997533333333335
vertex 79.56195333333334 41.946893333333335 29.99998666666667
endloop
endfacet
facet normal -0.6624532525380825 -0.7491032560346507 0
outer loop
vertex 80.91232666666667 41.311733333333336 29.99998666666667
vertex 80.91232666666667 41.311733333333336 1.9997533333333335
vertex 81.05347333333334 41.18691333333334 1.9997533333333335
endloop
endfacet
facet normal -0.6624532525380825 -0.7491032560346507 0
outer loop
vertex 80.91232666666667 41.311733333333336 29.99998666666667
vertex 81.05347333333334 41.18691333333334 1.9997533333333335
vertex 81.05347333333334 41.18691333333334 29.99998666666667
endloop
endfacet
facet normal -0.15668090510243923 0.9876492768064381 0
outer loop
vertex 79.56195333333334 2.0529466666666667 29.99998666666667
vertex 79.56195333333334 2.0529466666666667 1.9997533333333335
vertex 79.37604 2.0234533333333333 1.9997533333333335
endloop
endfacet
facet normal -0.15668090510243923 0.9876492768064381 0
outer loop
vertex 79.56195333333334 2.0529466666666667 29.99998666666667
vertex 79.37604 2.0234533333333333 1.9997533333333335
vertex 79.37604 2.0234533333333333 29.99998666666667
endloop
endfacet
facet normal -0.6137474578254989 0.7895024116573283 0
outer loop
vertex 80.76328000000001 2.572766666666667 1.9997533333333335
vertex 80.76328000000001 2.572766666666667 29.99998666666667
vertex 80.91232666666667 2.6886333333333337 29.99998666666667
endloop
endfacet
facet normal -0.6137474578254989 0.7895024116573283 0
outer loop
vertex 80.76328000000001 2.572766666666667 1.9997533333333335
vertex 80.91232666666667 2.6886333333333337 29.99998666666667
vertex 80.91232666666667 2.6886333333333337 1.9997533333333335
endloop
endfacet
facet normal 0.7071067811865476 0.7071067811865476 0
outer loop
vertex 2.812926666666667 2.9461733333333338 29.99998666666667
vertex 2.9461733333333338 2.812926666666667 29.99998666666667
vertex 2.9461733333333338 2.812926666666667 1.9997533333333335
endloop
endfacet
facet normal 0.7071067811865476 0.7071067811865476 0
outer loop
vertex 2.812926666666667 2.9461733333333338 29.99998666666667
vertex 2.9461733333333338 2.812926666666667 1.9997533333333335
vertex 2.812926666666667 2.9461733333333338 1.9997533333333335
endloop
endfacet
facet normal 0.0335007383039209 0.9994386927336225 0
outer loop
vertex 5.000173333333334 1.9997533333333335 29.99998666666667
vertex 5.000173333333334 1.9997533333333335 1.9997533333333335
vertex 4.811626666666667 2.0060733333333336 1.9997533333333335
endloop
endfacet
facet normal 0.0335007383039209 0.9994386927336225 0
outer loop
vertex 5.000173333333334 1.9997533333333335 29.99998666666667
vertex 4.811626666666667 2.0060733333333336 1.9997533333333335
vertex 4.811626666666667 2.0060733333333336 29.99998666666667
endloop
endfacet
facet normal 0.8916146918486532 -0.45279492187924475 0
outer loop
vertex 2.2857333333333334 40.27736 29.99998666666667
vertex 2.2857333333333334 40.27736 1.9997533333333335
vertex 2.3710533333333337 40.44536666666667 1.9997533333333335
endloop
endfacet
facet normal 0.8916146918486532 -0.45279492187924475 0
outer loop
vertex 2.2857333333333334 40.27736 29.99998666666667
vertex 2.3710533333333337 40.44536666666667 1.9997533333333335
vertex 2.3710533333333337 40.44536666666667 29.99998666666667
endloop
endfacet
facet normal 0.9166697139346842 -0.3996456374776335 0
outer loop
vertex 2.21042 40.10461333333334 29.99998666666667
vertex 2.21042 40.10461333333334 1.9997533333333335
vertex 2.2857333333333334 40.27736 1.9997533333333335
endloop
endfacet
facet normal 0.9166697139346842 -0.3996456374776335 0
outer loop
vertex 2.21042 40.10461333333334 29.99998666666667
vertex 2.2857333333333334 40.27736 1.9997533333333335
vertex 2.2857333333333334 40.27736 29.99998666666667
endloop
endfacet
facet normal 0.4561461978805255 -0.8899048523067734 0
outer loop
vertex 3.555 41.62878666666667 29.99998666666667
vertex 3.555 41.62878666666667 1.9997533333333335
vertex 3.7224800000000005 41.71463333333334 1.9997533333333335
endloop
endfacet
facet normal 0.4561461978805255 -0.8899048523067734 0
outer loop
vertex 3.555 41.62878666666667 29.99998666666667
vertex 3.7224800000000005 41.71463333333334 1.9997533333333335
vertex 3.7224800000000005 41.71463333333334 29.99998666666667
endloop
endfacet
facet normal 0.39627564067993154 -0.9181315900260211 0
outer loop
vertex 3.7224800000000005 41.71463333333334 29.99998666666667
vertex 3.7224800000000005 41.71463333333334 1.9997533333333335
vertex 3.895753333333334 41.78942000000001 1.9997533333333335
endloop
endfacet
facet normal 0.39627564067993154 -0.9181315900260211 0
outer loop
vertex 3.7224800000000005 41.71463333333334 29.99998666666667
vertex 3.895753333333334 41.78942000000001 1.9997533333333335
vertex 3.895753333333334 41.78942000000001 29.99998666666667
endloop
endfacet
facet normal 0.6610679349324191 -0.7503260527292032 0
outer loop
vertex 2.9461733333333338 41.18691333333334 29.99998666666667
vertex 2.9461733333333338 41.18691333333334 1.9997533333333335
vertex 3.087846666666667 41.311733333333336 1.9997533333333335
endloop
endfacet
facet normal 0.6610679349324191 -0.7503260527292032 0
outer loop
vertex 2.9461733333333338 41.18691333333334 29.99998666666667
vertex 3.087846666666667 41.311733333333336 1.9997533333333335
vertex 3.087846666666667 41.311733333333336 29.99998666666667
endloop
endfacet
facet normal 0.6120040884628233 -0.7908545983332139 0
outer loop
vertex 3.087846666666667 41.311733333333336 29.99998666666667
vertex 3.087846666666667 41.311733333333336 1.9997533333333335
vertex 3.2368933333333336 41.42707333333334 1.9997533333333335
endloop
endfacet
facet normal 0.6120040884628233 -0.7908545983332139 0
outer loop
vertex 3.087846666666667 41.311733333333336 29.99998666666667
vertex 3.2368933333333336 41.42707333333334 1.9997533333333335
vertex 3.2368933333333336 41.42707333333334 29.99998666666667
endloop
endfacet
facet normal -0.7491032560346507 -0.6624532525380825 0
outer loop
vertex 81.31154000000001 40.91252 1.9997533333333335
vertex 81.31154000000001 40.91252 29.99998666666667
vertex 81.18672000000001 41.05366666666667 29.99998666666667
endloop
endfacet
facet normal -0.7491032560346507 -0.6624532525380825 0
outer loop
vertex 81.31154000000001 40.91252 1.9997533333333335
vertex 81.18672000000001 41.05366666666667 29.99998666666667
vertex 81.18672000000001 41.05366666666667 1.9997533333333335
endloop
endfacet
facet normal -0.7071067811865476 -0.7071067811865476 0
outer loop
vertex 81.18672000000001 41.05366666666667 29.99998666666667
vertex 81.05347333333334 41.18691333333334 29.99998666666667
vertex 81.05347333333334 41.18691333333334 1.9997533333333335
endloop
endfacet
facet normal -0.7071067811865476 -0.7071067811865476 0
outer loop
vertex 81.18672000000001 41.05366666666667 29.99998666666667
vertex 81.05347333333334 41.18691333333334 1.9997533333333335
vertex 81.18672000000001 41.05366666666667 1.9997533333333335
endloop
endfacet
facet normal -0.9759231566785087 -0.21811463100547607 0
outer loop
vertex 81.9467 39.56214666666667 29.99998666666667
vertex 81.90562000000001 39.74595333333334 29.99998666666667
vertex 81.90562000000001 39.74595333333334 1.9997533333333335
endloop
endfacet
facet normal -0.9759231566785087 -0.21811463100547607 0
outer loop
vertex 81.9467 39.56214666666667 29.99998666666667
vertex 81.90562000000001 39.74595333333334 1.9997533333333335
vertex 81.9467 39.56214666666667 1.9997533333333335
endloop
endfacet
facet normal -0.21752097280012256 -0.9760556471800612 0
outer loop
vertex 79.74628666666668 41.905813333333334 29.99998666666667
vertex 79.56195333333334 41.946893333333335 29.99998666666667
vertex 79.56195333333334 41.946893333333335 1.9997533333333335
endloop
endfacet
facet normal -0.21752097280012256 -0.9760556471800612 0
outer loop
vertex 79.74628666666668 41.905813333333334 29.99998666666667
vertex 79.56195333333334 41.946893333333335 1.9997533333333335
vertex 79.74628666666668 41.905813333333334 1.9997533333333335
endloop
endfacet
facet normal -0.39729334431920427 -0.9176916685682954 0
outer loop
vertex 80.27716666666667 41.71463333333334 29.99998666666667
vertex 80.10442 41.78942000000001 29.99998666666667
vertex 80.10442 41.78942000000001 1.9997533333333335
endloop
endfacet
facet normal -0.39729334431920427 -0.9176916685682954 0
outer loop
vertex 80.27716666666667 41.71463333333334 29.99998666666667
vertex 80.10442 41.78942000000001 1.9997533333333335
vertex 80.27716666666667 41.71463333333334 1.9997533333333335
endloop
endfacet
facet normal -0.6120040884628312 -0.7908545983332076 0
outer loop
vertex 80.91232666666667 41.311733333333336 1.9997533333333335
vertex 80.91232666666667 41.311733333333336 29.99998666666667
vertex 80.76328000000001 41.42707333333334 29.99998666666667
endloop
endfacet
facet normal -0.6120040884628312 -0.7908545983332076 0
outer loop
vertex 80.91232666666667 41.311733333333336 1.9997533333333335
vertex 80.76328000000001 41.42707333333334 29.99998666666667
vertex 80.76328000000001 41.42707333333334 1.9997533333333335
endloop
endfacet
facet normal -0.5617747752292133 -0.8272902162579748 0
outer loop
vertex 80.76328000000001 41.42707333333334 29.99998666666667
vertex 80.60738666666667 41.53293333333334 29.99998666666667
vertex 80.60738666666667 41.53293333333334 1.9997533333333335
endloop
endfacet
facet normal -0.5617747752292133 -0.8272902162579748 0
outer loop
vertex 80.76328000000001 41.42707333333334 29.99998666666667
vertex 80.60738666666667 41.53293333333334 1.9997533333333335
vertex 80.76328000000001 41.42707333333334 1.9997533333333335
endloop
endfacet
facet normal -0.7908545983332139 0.6120040884628233 0
outer loop
vertex 81.42688000000001 3.2368933333333336 29.99998666666667
vertex 81.42688000000001 3.2368933333333336 1.9997533333333335
vertex 81.31154000000001 3.087846666666667 1.9997533333333335
endloop
endfacet
facet normal -0.7908545983332139 0.6120040884628233 0
outer loop
vertex 81.42688000000001 3.2368933333333336 29.99998666666667
vertex 81.31154000000001 3.087846666666667 1.9997533333333335
vertex 81.31154000000001 3.087846666666667 29.99998666666667
endloop
endfacet
facet normal -0.8264051039043363 0.5630760199483398 0
outer loop
vertex 81.53274 3.3922600000000003 29.99998666666667
vertex 81.53274 3.3922600000000003 1.9997533333333335
vertex 81.42688000000001 3.2368933333333336 1.9997533333333335
endloop
endfacet
facet normal -0.8264051039043363 0.5630760199483398 0
outer loop
vertex 81.53274 3.3922600000000003 29.99998666666667
vertex 81.42688000000001 3.2368933333333336 1.9997533333333335
vertex 81.42688000000001 3.2368933333333336 29.99998666666667
endloop
endfacet
facet normal -0.9181315900260211 0.39627564067993154 0
outer loop
vertex 81.78922666666668 3.895753333333334 29.99998666666667
vertex 81.78922666666668 3.895753333333334 1.9997533333333335
vertex 81.71444000000001 3.7224800000000005 1.9997533333333335
endloop
endfacet
facet normal -0.9181315900260211 0.39627564067993154 0
outer loop
vertex 81.78922666666668 3.895753333333334 29.99998666666667
vertex 81.71444000000001 3.7224800000000005 1.9997533333333335
vertex 81.71444000000001 3.7224800000000005 29.99998666666667
endloop
endfacet
facet normal -0.8910394968592683 0.4539257814189252 0
outer loop
vertex 81.62912 3.555 29.99998666666667
vertex 81.71444000000001 3.7224800000000005 29.99998666666667
vertex 81.71444000000001 3.7224800000000005 1.9997533333333335
endloop
endfacet
facet normal -0.8910394968592683 0.4539257814189252 0
outer loop
vertex 81.62912 3.555 29.99998666666667
vertex 81.71444000000001 3.7224800000000005 1.9997533333333335
vertex 81.62912 3.555 1.9997533333333335
endloop
endfacet
facet normal -0.8604271971637085 0.5095733886114978 0
outer loop
vertex 81.53274 3.3922600000000003 1.9997533333333335
vertex 81.53274 3.3922600000000003 29.99998666666667
vertex 81.62912 3.555 29.99998666666667
endloop
endfacet
facet normal -0.8604271971637085 0.5095733886114978 0
outer loop
vertex 81.53274 3.3922600000000003 1.9997533333333335
vertex 81.62912 3.555 29.99998666666667
vertex 81.62912 3.555 1.9997533333333335
endloop
endfacet
facet normal -0.9759231566785079 0.21811463100547906 0
outer loop
vertex 81.90562000000001 4.253886666666667 29.99998666666667
vertex 81.9467 4.437693333333334 29.99998666666667
vertex 81.9467 4.437693333333334 1.9997533333333335
endloop
endfacet
facet normal -0.9759231566785079 0.21811463100547906 0
outer loop
vertex 81.90562000000001 4.253886666666667 29.99998666666667
vertex 81.9467 4.437693333333334 1.9997533333333335
vertex 81.90562000000001 4.253886666666667 1.9997533333333335
endloop
endfacet
facet normal -0.960249728562491 0.27914236295421424 0
outer loop
vertex 81.90562000000001 4.253886666666667 29.99998666666667
vertex 81.90562000000001 4.253886666666667 1.9997533333333335
vertex 81.85295333333335 4.072713333333334 1.9997533333333335
endloop
endfacet
facet normal -0.960249728562491 0.27914236295421424 0
outer loop
vertex 81.90562000000001 4.253886666666667 29.99998666666667
vertex 81.85295333333335 4.072713333333334 1.9997533333333335
vertex 81.85295333333335 4.072713333333334 29.99998666666667
endloop
endfacet
facet normal -0.9408517106310617 0.33881862198321505 0
outer loop
vertex 81.85295333333335 4.072713333333334 29.99998666666667
vertex 81.85295333333335 4.072713333333334 1.9997533333333335
vertex 81.78922666666668 3.895753333333334 1.9997533333333335
endloop
endfacet
facet normal -0.9408517106310617 0.33881862198321505 0
outer loop
vertex 81.85295333333335 4.072713333333334 29.99998666666667
vertex 81.78922666666668 3.895753333333334 1.9997533333333335
vertex 81.78922666666668 3.895753333333334 29.99998666666667
endloop
endfacet
facet normal -0.9877176778775032 0.1562491241840189 0
outer loop
vertex 81.97619333333334 4.624133333333334 29.99998666666667
vertex 81.97619333333334 4.624133333333334 1.9997533333333335
vertex 81.9467 4.437693333333334 1.9997533333333335
endloop
endfacet
facet normal -0.9877176778775032 0.1562491241840189 0
outer loop
vertex 81.97619333333334 4.624133333333334 29.99998666666667
vertex 81.9467 4.437693333333334 1.9997533333333335
vertex 81.9467 4.437693333333334 29.99998666666667
endloop
endfacet
facet normal -0.9954703026448929 0.0950730064323495 0
outer loop
vertex 81.9941 4.811626666666667 29.99998666666667
vertex 81.9941 4.811626666666667 1.9997533333333335
vertex 81.97619333333334 4.624133333333334 1.9997533333333335
endloop
endfacet
facet normal -0.9954703026448929 0.0950730064323495 0
outer loop
vertex 81.9941 4.811626666666667 29.99998666666667
vertex 81.97619333333334 4.624133333333334 1.9997533333333335
vertex 81.97619333333334 4.624133333333334 29.99998666666667
endloop
endfacet
facet normal -0.09230092198613724 0.9957311583959342 0
outer loop
vertex 79.37604 2.0234533333333333 29.99998666666667
vertex 79.37604 2.0234533333333333 1.9997533333333335
vertex 79.18854666666667 2.0060733333333336 1.9997533333333335
endloop
endfacet
facet normal -0.09230092198613724 0.9957311583959342 0
outer loop
vertex 79.37604 2.0234533333333333 29.99998666666667
vertex 79.18854666666667 2.0060733333333336 1.9997533333333335
vertex 79.18854666666667 2.0060733333333336 29.99998666666667
endloop
endfacet
facet normal -0.03350073830392074 0.9994386927336225 0
outer loop
vertex 79.18854666666667 2.0060733333333336 29.99998666666667
vertex 79.18854666666667 2.0060733333333336 1.9997533333333335
vertex 79 1.9997533333333335 1.9997533333333335
endloop
endfacet
facet normal -0.03350073830392074 0.9994386927336225 0
outer loop
vertex 79.18854666666667 2.0060733333333336 29.99998666666667
vertex 79 1.9997533333333335 1.9997533333333335
vertex 79 1.9997533333333335 29.99998666666667
endloop
endfacet
facet normal -0.33792818848462197 0.9411718968538646 0
outer loop
vertex 80.10442 2.21042 29.99998666666667
vertex 80.10442 2.21042 1.9997533333333335
vertex 79.92693333333334 2.1466933333333333 1.9997533333333335
endloop
endfacet
facet normal -0.33792818848462197 0.9411718968538646 0
outer loop
vertex 80.10442 2.21042 29.99998666666667
vertex 79.92693333333334 2.1466933333333333 1.9997533333333335
vertex 79.92693333333334 2.1466933333333333 29.99998666666667
endloop
endfacet
facet normal -0.3996456374776197 0.9166697139346903 0
outer loop
vertex 80.27716666666667 2.2857333333333334 29.99998666666667
vertex 80.27716666666667 2.2857333333333334 1.9997533333333335
vertex 80.10442 2.21042 1.9997533333333335
endloop
endfacet
facet normal -0.3996456374776197 0.9166697139346903 0
outer loop
vertex 80.27716666666667 2.2857333333333334 29.99998666666667
vertex 80.10442 2.21042 1.9997533333333335
vertex 80.10442 2.21042 29.99998666666667
endloop
endfacet
facet normal -0.2175209728001181 0.9760556471800622 0
outer loop
vertex 79.74628666666668 2.0940266666666667 29.99998666666667
vertex 79.74628666666668 2.0940266666666667 1.9997533333333335
vertex 79.56195333333334 2.0529466666666667 1.9997533333333335
endloop
endfacet
facet normal -0.2175209728001181 0.9760556471800622 0
outer loop
vertex 79.74628666666668 2.0940266666666667 29.99998666666667
vertex 79.56195333333334 2.0529466666666667 1.9997533333333335
vertex 79.56195333333334 2.0529466666666667 29.99998666666667
endloop
endfacet
facet normal -0.27989251951770133 0.9600313419456851 0
outer loop
vertex 79.92693333333334 2.1466933333333333 29.99998666666667
vertex 79.92693333333334 2.1466933333333333 1.9997533333333335
vertex 79.74628666666668 2.0940266666666667 1.9997533333333335
endloop
endfacet
facet normal -0.27989251951770133 0.9600313419456851 0
outer loop
vertex 79.92693333333334 2.1466933333333333 29.99998666666667
vertex 79.74628666666668 2.0940266666666667 1.9997533333333335
vertex 79.74628666666668 2.0940266666666667 29.99998666666667
endloop
endfacet
facet normal -0.6608803679393968 0.7504912652871368 0
outer loop
vertex 80.91232666666667 2.6886333333333337 1.9997533333333335
vertex 80.91232666666667 2.6886333333333337 29.99998666666667
vertex 81.05347333333334 2.812926666666667 29.99998666666667
endloop
endfacet
facet normal -0.6608803679393968 0.7504912652871368 0
outer loop
vertex 80.91232666666667 2.6886333333333337 1.9997533333333335
vertex 81.05347333333334 2.812926666666667 29.99998666666667
vertex 81.05347333333334 2.812926666666667 1.9997533333333335
endloop
endfacet
facet normal -0.7071067811865536 0.7071067811865417 0
outer loop
vertex 81.05347333333334 2.812926666666667 29.99998666666667
vertex 81.18672000000001 2.9461733333333338 29.99998666666667
vertex 81.18672000000001 2.9461733333333338 1.9997533333333335
endloop
endfacet
facet normal -0.7071067811865536 0.7071067811865417 0
outer loop
vertex 81.05347333333334 2.812926666666667 29.99998666666667
vertex 81.18672000000001 2.9461733333333338 1.9997533333333335
vertex 81.05347333333334 2.812926666666667 1.9997533333333335
endloop
endfacet
facet normal 0.9759231566785009 0.2181146310055105 0
outer loop
vertex 2.0529466666666667 4.437693333333334 29.99998666666667
vertex 2.0940266666666667 4.253886666666667 29.99998666666667
vertex 2.0940266666666667 4.253886666666667 1.9997533333333335
endloop
endfacet
facet normal 0.9759231566785009 0.2181146310055105 0
outer loop
vertex 2.0529466666666667 4.437693333333334 29.99998666666667
vertex 2.0940266666666667 4.253886666666667 1.9997533333333335
vertex 2.0529466666666667 4.437693333333334 1.9997533333333335
endloop
endfacet
facet normal 0.9877176778775042 0.15624912418401202 0
outer loop
vertex 2.0234533333333333 4.624133333333334 1.9997533333333335
vertex 2.0234533333333333 4.624133333333334 29.99998666666667
vertex 2.0529466666666667 4.437693333333334 29.99998666666667
endloop
endfacet
facet normal 0.9877176778775042 0.15624912418401202 0
outer loop
vertex 2.0234533333333333 4.624133333333334 1.9997533333333335
vertex 2.0529466666666667 4.437693333333334 29.99998666666667
vertex 2.0529466666666667 4.437693333333334 1.9997533333333335
endloop
endfacet
facet normal 0.9602497285624917 0.27914236295421213 0
outer loop
vertex 2.0940266666666667 4.253886666666667 1.9997533333333335
vertex 2.0940266666666667 4.253886666666667 29.99998666666667
vertex 2.1466933333333333 4.072713333333334 29.99998666666667
endloop
endfacet
facet normal 0.9602497285624917 0.27914236295421213 0
outer loop
vertex 2.0940266666666667 4.253886666666667 1.9997533333333335
vertex 2.1466933333333333 4.072713333333334 29.99998666666667
vertex 2.1466933333333333 4.072713333333334 1.9997533333333335
endloop
endfacet
facet normal 0.15624912418401202 0.9877176778775042 0
outer loop
vertex 4.437693333333334 2.0529466666666667 1.9997533333333335
vertex 4.437693333333334 2.0529466666666667 29.99998666666667
vertex 4.624133333333334 2.0234533333333333 29.99998666666667
endloop
endfacet
facet normal 0.15624912418401202 0.9877176778775042 0
outer loop
vertex 4.437693333333334 2.0529466666666667 1.9997533333333335
vertex 4.624133333333334 2.0234533333333333 29.99998666666667
vertex 4.624133333333334 2.0234533333333333 1.9997533333333335
endloop
endfacet
facet normal 0.09230092198613853 0.995731158395934 0
outer loop
vertex 4.624133333333334 2.0234533333333333 29.99998666666667
vertex 4.811626666666667 2.0060733333333336 29.99998666666667
vertex 4.811626666666667 2.0060733333333336 1.9997533333333335
endloop
endfacet
facet normal 0.09230092198613853 0.995731158395934 0
outer loop
vertex 4.624133333333334 2.0234533333333333 29.99998666666667
vertex 4.811626666666667 2.0060733333333336 1.9997533333333335
vertex 4.624133333333334 2.0234533333333333 1.9997533333333335
endloop
endfacet
facet normal 0.3388186219832109 0.9408517106310633 0
outer loop
vertex 4.072713333333334 2.1466933333333333 29.99998666666667
vertex 4.072713333333334 2.1466933333333333 1.9997533333333335
vertex 3.895753333333334 2.21042 1.9997533333333335
endloop
endfacet
facet normal 0.3388186219832109 0.9408517106310633 0
outer loop
vertex 4.072713333333334 2.1466933333333333 29.99998666666667
vertex 3.895753333333334 2.21042 1.9997533333333335
vertex 3.895753333333334 2.21042 29.99998666666667
endloop
endfacet
facet normal 0.2181146310055105 0.9759231566785009 0
outer loop
vertex 4.253886666666667 2.0940266666666667 29.99998666666667
vertex 4.437693333333334 2.0529466666666667 29.99998666666667
vertex 4.437693333333334 2.0529466666666667 1.9997533333333335
endloop
endfacet
facet normal 0.2181146310055105 0.9759231566785009 0
outer loop
vertex 4.253886666666667 2.0940266666666667 29.99998666666667
vertex 4.437693333333334 2.0529466666666667 1.9997533333333335
vertex 4.253886666666667 2.0940266666666667 1.9997533333333335
endloop
endfacet
facet normal 0.27914236295421213 0.9602497285624917 0
outer loop
vertex 4.072713333333334 2.1466933333333333 1.9997533333333335
vertex 4.072713333333334 2.1466933333333333 29.99998666666667
vertex 4.253886666666667 2.0940266666666667 29.99998666666667
endloop
endfacet
facet normal 0.27914236295421213 0.9602497285624917 0
outer loop
vertex 4.072713333333334 2.1466933333333333 1.9997533333333335
vertex 4.253886666666667 2.0940266666666667 29.99998666666667
vertex 4.253886666666667 2.0940266666666667 1.9997533333333335
endloop
endfacet
facet normal 0.6594932294168904 0.7517105030217955 0
outer loop
vertex 3.087846666666667 2.6886333333333337 29.99998666666667
vertex 3.087846666666667 2.6886333333333337 1.9997533333333335
vertex 2.9461733333333338 2.812926666666667 1.9997533333333335
endloop
endfacet
facet normal 0.6594932294168904 0.7517105030217955 0
outer loop
vertex 3.087846666666667 2.6886333333333337 29.99998666666667
vertex 2.9461733333333338 2.812926666666667 1.9997533333333335
vertex 2.9461733333333338 2.812926666666667 29.99998666666667
endloop
endfacet
facet normal 0.5630760199483655 0.8264051039043188 0
outer loop
vertex 3.2368933333333336 2.572766666666667 29.99998666666667
vertex 3.3922600000000003 2.466906666666667 29.99998666666667
vertex 3.3922600000000003 2.466906666666667 1.9997533333333335
endloop
endfacet
facet normal 0.5630760199483655 0.8264051039043188 0
outer loop
vertex 3.2368933333333336 2.572766666666667 29.99998666666667
vertex 3.3922600000000003 2.466906666666667 1.9997533333333335
vertex 3.2368933333333336 2.572766666666667 1.9997533333333335
endloop
endfacet
facet normal 0.6137474578254909 0.7895024116573346 0
outer loop
vertex 3.087846666666667 2.6886333333333337 1.9997533333333335
vertex 3.087846666666667 2.6886333333333337 29.99998666666667
vertex 3.2368933333333336 2.572766666666667 29.99998666666667
endloop
endfacet
facet normal 0.6137474578254909 0.7895024116573346 0
outer loop
vertex 3.087846666666667 2.6886333333333337 1.9997533333333335
vertex 3.2368933333333336 2.572766666666667 29.99998666666667
vertex 3.2368933333333336 2.572766666666667 1.9997533333333335
endloop
endfacet
facet normal 0.5630760199483655 -0.8264051039043188 0
outer loop
vertex 3.3922600000000003 41.53293333333334 29.99998666666667
vertex 3.2368933333333336 41.42707333333334 29.99998666666667
vertex 3.2368933333333336 41.42707333333334 1.9997533333333335
endloop
endfacet
facet normal 0.5630760199483655 -0.8264051039043188 0
outer loop
vertex 3.3922600000000003 41.53293333333334 29.99998666666667
vertex 3.2368933333333336 41.42707333333334 1.9997533333333335
vertex 3.3922600000000003 41.53293333333334 1.9997533333333335
endloop
endfacet
facet normal 0.5075074958322008 -0.8616473418250236 0
outer loop
vertex 3.555 41.62878666666667 1.9997533333333335
vertex 3.555 41.62878666666667 29.99998666666667
vertex 3.3922600000000003 41.53293333333334 29.99998666666667
endloop
endfacet
facet normal 0.5075074958322008 -0.8616473418250236 0
outer loop
vertex 3.555 41.62878666666667 1.9997533333333335
vertex 3.3922600000000003 41.53293333333334 29.99998666666667
vertex 3.3922600000000003 41.53293333333334 1.9997533333333335
endloop
endfacet
facet normal -0.9176916685682894 -0.3972933443192181 0
outer loop
vertex 81.71444000000001 40.27736 29.99998666666667
vertex 81.71444000000001 40.27736 1.9997533333333335
vertex 81.78922666666668 40.10461333333334 1.9997533333333335
endloop
endfacet
facet normal -0.9176916685682894 -0.3972933443192181 0
outer loop
vertex 81.71444000000001 40.27736 29.99998666666667
vertex 81.78922666666668 40.10461333333334 1.9997533333333335
vertex 81.78922666666668 40.10461333333334 29.99998666666667
endloop
endfacet
facet normal -0.7908545983332076 -0.6120040884628312 0
outer loop
vertex 81.31154000000001 40.91252 29.99998666666667
vertex 81.31154000000001 40.91252 1.9997533333333335
vertex 81.42688000000001 40.76347333333334 1.9997533333333335
endloop
endfacet
facet normal -0.7908545983332076 -0.6120040884628312 0
outer loop
vertex 81.31154000000001 40.91252 29.99998666666667
vertex 81.42688000000001 40.76347333333334 1.9997533333333335
vertex 81.42688000000001 40.76347333333334 29.99998666666667
endloop
endfacet
facet normal -0.8272902162579806 -0.561774775229205 0
outer loop
vertex 81.42688000000001 40.76347333333334 29.99998666666667
vertex 81.42688000000001 40.76347333333334 1.9997533333333335
vertex 81.53274 40.607580000000006 1.9997533333333335
endloop
endfacet
facet normal -0.8272902162579806 -0.561774775229205 0
outer loop
vertex 81.42688000000001 40.76347333333334 29.99998666666667
vertex 81.53274 40.607580000000006 1.9997533333333335
vertex 81.53274 40.607580000000006 29.99998666666667
endloop
endfacet
facet normal -0.9876492768064371 -0.15668090510244617 0
outer loop
vertex 81.97619333333334 39.37623333333334 29.99998666666667
vertex 81.9467 39.56214666666667 29.99998666666667
vertex 81.9467 39.56214666666667 1.9997533333333335
endloop
endfacet
facet normal -0.9876492768064371 -0.15668090510244617 0
outer loop
vertex 81.97619333333334 39.37623333333334 29.99998666666667
vertex 81.9467 39.56214666666667 1.9997533333333335
vertex 81.97619333333334 39.37623333333334 1.9997533333333335
endloop
endfacet
facet normal -0.9954954725939549 -0.09480909262796704 0
outer loop
vertex 81.9941 39.18821333333334 1.9997533333333335
vertex 81.9941 39.18821333333334 29.99998666666667
vertex 81.97619333333334 39.37623333333334 29.99998666666667
endloop
endfacet
facet normal -0.9954954725939549 -0.09480909262796704 0
outer loop
vertex 81.9941 39.18821333333334 1.9997533333333335
vertex 81.97619333333334 39.37623333333334 29.99998666666667
vertex 81.97619333333334 39.37623333333334 1.9997533333333335
endloop
endfacet
facet normal -0.9411718968538633 -0.3379281884846262 0
outer loop
vertex 81.85295333333335 39.92712666666667 29.99998666666667
vertex 81.78922666666668 40.10461333333334 29.99998666666667
vertex 81.78922666666668 40.10461333333334 1.9997533333333335
endloop
endfacet
facet normal -0.9411718968538633 -0.3379281884846262 0
outer loop
vertex 81.85295333333335 39.92712666666667 29.99998666666667
vertex 81.78922666666668 40.10461333333334 1.9997533333333335
vertex 81.85295333333335 39.92712666666667 1.9997533333333335
endloop
endfacet
facet normal -0.960249728562491 -0.27914236295421424 0
outer loop
vertex 81.90562000000001 39.74595333333334 1.9997533333333335
vertex 81.90562000000001 39.74595333333334 29.99998666666667
vertex 81.85295333333335 39.92712666666667 29.99998666666667
endloop
endfacet
facet normal -0.960249728562491 -0.27914236295421424 0
outer loop
vertex 81.90562000000001 39.74595333333334 1.9997533333333335
vertex 81.85295333333335 39.92712666666667 29.99998666666667
vertex 81.85295333333335 39.92712666666667 1.9997533333333335
endloop
endfacet
facet normal -0.27989251951770355 -0.9600313419456845 0
outer loop
vertex 79.92693333333334 41.85314666666667 29.99998666666667
vertex 79.74628666666668 41.905813333333334 29.99998666666667
vertex 79.74628666666668 41.905813333333334 1.9997533333333335
endloop
endfacet
facet normal -0.27989251951770355 -0.9600313419456845 0
outer loop
vertex 79.92693333333334 41.85314666666667 29.99998666666667
vertex 79.74628666666668 41.905813333333334 1.9997533333333335
vertex 79.92693333333334 41.85314666666667 1.9997533333333335
endloop
endfacet
facet normal -0.33792818848459283 -0.9411718968538753 0
outer loop
vertex 80.10442 41.78942000000001 1.9997533333333335
vertex 80.10442 41.78942000000001 29.99998666666667
vertex 79.92693333333334 41.85314666666667 29.99998666666667
endloop
endfacet
facet normal -0.33792818848459283 -0.9411718968538753 0
outer loop
vertex 80.10442 41.78942000000001 1.9997533333333335
vertex 79.92693333333334 41.85314666666667 29.99998666666667
vertex 79.92693333333334 41.85314666666667 1.9997533333333335
endloop
endfacet
facet normal -0.5087293121266461 -0.8609265282143126 0
outer loop
vertex 80.44517333333334 41.62878666666667 29.99998666666667
vertex 80.44517333333334 41.62878666666667 1.9997533333333335
vertex 80.60738666666667 41.53293333333334 1.9997533333333335
endloop
endfacet
facet normal -0.5087293121266461 -0.8609265282143126 0
outer loop
vertex 80.44517333333334 41.62878666666667 29.99998666666667
vertex 80.60738666666667 41.53293333333334 1.9997533333333335
vertex 80.60738666666667 41.53293333333334 29.99998666666667
endloop
endfacet
facet normal -0.4550126881789154 -0.8904849541660977 0
outer loop
vertex 80.27716666666667 41.71463333333334 29.99998666666667
vertex 80.27716666666667 41.71463333333334 1.9997533333333335
vertex 80.44517333333334 41.62878666666667 1.9997533333333335
endloop
endfacet
facet normal -0.4550126881789154 -0.8904849541660977 0
outer loop
vertex 80.27716666666667 41.71463333333334 29.99998666666667
vertex 80.44517333333334 41.62878666666667 1.9997533333333335
vertex 80.44517333333334 41.62878666666667 29.99998666666667
endloop
endfacet
facet normal -0.5617747752292133 0.8272902162579748 0
outer loop
vertex 80.60738666666667 2.466906666666667 29.99998666666667
vertex 80.76328000000001 2.572766666666667 29.99998666666667
vertex 80.76328000000001 2.572766666666667 1.9997533333333335
endloop
endfacet
facet normal -0.5617747752292133 0.8272902162579748 0
outer loop
vertex 80.60738666666667 2.466906666666667 29.99998666666667
vertex 80.76328000000001 2.572766666666667 1.9997533333333335
vertex 80.60738666666667 2.466906666666667 1.9997533333333335
endloop
endfacet
facet normal 0.9408517106310633 0.3388186219832109 0
outer loop
vertex 2.1466933333333333 4.072713333333334 1.9997533333333335
vertex 2.1466933333333333 4.072713333333334 29.99998666666667
vertex 2.21042 3.895753333333334 29.99998666666667
endloop
endfacet
facet normal 0.9408517106310633 0.3388186219832109 0
outer loop
vertex 2.1466933333333333 4.072713333333334 1.9997533333333335
vertex 2.21042 3.895753333333334 29.99998666666667
vertex 2.21042 3.895753333333334 1.9997533333333335
endloop
endfacet
facet normal 0.9171143682620855 0.3986241783023653 0
outer loop
vertex 2.21042 3.895753333333334 29.99998666666667
vertex 2.2857333333333334 3.7224800000000005 29.99998666666667
vertex 2.2857333333333334 3.7224800000000005 1.9997533333333335
endloop
endfacet
facet normal 0.9171143682620855 0.3986241783023653 0
outer loop
vertex 2.21042 3.895753333333334 29.99998666666667
vertex 2.2857333333333334 3.7224800000000005 1.9997533333333335
vertex 2.21042 3.895753333333334 1.9997533333333335
endloop
endfacet
facet normal 0.8264051039043188 0.5630760199483655 0
outer loop
vertex 2.466906666666667 3.3922600000000003 29.99998666666667
vertex 2.572766666666667 3.2368933333333336 29.99998666666667
vertex 2.572766666666667 3.2368933333333336 1.9997533333333335
endloop
endfacet
facet normal 0.8264051039043188 0.5630760199483655 0
outer loop
vertex 2.466906666666667 3.3922600000000003 29.99998666666667
vertex 2.572766666666667 3.2368933333333336 1.9997533333333335
vertex 2.466906666666667 3.3922600000000003 1.9997533333333335
endloop
endfacet
facet normal 0.8616473418250172 0.5075074958322111 0
outer loop
vertex 2.466906666666667 3.3922600000000003 29.99998666666667
vertex 2.466906666666667 3.3922600000000003 1.9997533333333335
vertex 2.3710533333333337 3.555 1.9997533333333335
endloop
endfacet
facet normal 0.8616473418250172 0.5075074958322111 0
outer loop
vertex 2.466906666666667 3.3922600000000003 29.99998666666667
vertex 2.3710533333333337 3.555 1.9997533333333335
vertex 2.3710533333333337 3.555 29.99998666666667
endloop
endfacet
facet normal 0.8910394968592894 0.45392578141888396 0
outer loop
vertex 2.3710533333333337 3.555 29.99998666666667
vertex 2.3710533333333337 3.555 1.9997533333333335
vertex 2.2857333333333334 3.7224800000000005 1.9997533333333335
endloop
endfacet
facet normal 0.8910394968592894 0.45392578141888396 0
outer loop
vertex 2.3710533333333337 3.555 29.99998666666667
vertex 2.2857333333333334 3.7224800000000005 1.9997533333333335
vertex 2.2857333333333334 3.7224800000000005 29.99998666666667
endloop
endfacet
facet normal 0.7895024116573346 0.6137474578254909 0
outer loop
vertex 2.6886333333333337 3.087846666666667 29.99998666666667
vertex 2.6886333333333337 3.087846666666667 1.9997533333333335
vertex 2.572766666666667 3.2368933333333336 1.9997533333333335
endloop
endfacet
facet normal 0.7895024116573346 0.6137474578254909 0
outer loop
vertex 2.6886333333333337 3.087846666666667 29.99998666666667
vertex 2.572766666666667 3.2368933333333336 1.9997533333333335
vertex 2.572766666666667 3.2368933333333336 29.99998666666667
endloop
endfacet
facet normal 0.7517105030217955 0.6594932294168904 0
outer loop
vertex 2.812926666666667 2.9461733333333338 29.99998666666667
vertex 2.812926666666667 2.9461733333333338 1.9997533333333335
vertex 2.6886333333333337 3.087846666666667 1.9997533333333335
endloop
endfacet
facet normal 0.7517105030217955 0.6594932294168904 0
outer loop
vertex 2.812926666666667 2.9461733333333338 29.99998666666667
vertex 2.6886333333333337 3.087846666666667 1.9997533333333335
vertex 2.6886333333333337 3.087846666666667 29.99998666666667
endloop
endfacet
facet normal 0.5075074958322111 0.8616473418250172 0
outer loop
vertex 3.555 2.3710533333333337 29.99998666666667
vertex 3.555 2.3710533333333337 1.9997533333333335
vertex 3.3922600000000003 2.466906666666667 1.9997533333333335
endloop
endfacet
facet normal 0.5075074958322111 0.8616473418250172 0
outer loop
vertex 3.555 2.3710533333333337 29.99998666666667
vertex 3.3922600000000003 2.466906666666667 1.9997533333333335
vertex 3.3922600000000003 2.466906666666667 29.99998666666667
endloop
endfacet
facet normal -0.8597015396968577 -0.5107966940406448 0
outer loop
vertex 81.62912 40.44536666666667 29.99998666666667
vertex 81.53274 40.607580000000006 29.99998666666667
vertex 81.53274 40.607580000000006 1.9997533333333335
endloop
endfacet
facet normal -0.8597015396968577 -0.5107966940406448 0
outer loop
vertex 81.62912 40.44536666666667 29.99998666666667
vertex 81.53274 40.607580000000006 1.9997533333333335
vertex 81.62912 40.44536666666667 1.9997533333333335
endloop
endfacet
facet normal -0.8916146918486323 -0.452794921879286 0
outer loop
vertex 81.71444000000001 40.27736 1.9997533333333335
vertex 81.71444000000001 40.27736 29.99998666666667
vertex 81.62912 40.44536666666667 29.99998666666667
endloop
endfacet
facet normal -0.8916146918486323 -0.452794921879286 0
outer loop
vertex 81.71444000000001 40.27736 1.9997533333333335
vertex 81.62912 40.44536666666667 29.99998666666667
vertex 81.62912 40.44536666666667 1.9997533333333335
endloop
endfacet
facet normal -0.5087293121266566 0.8609265282143064 0
outer loop
vertex 80.44517333333334 2.3710533333333337 29.99998666666667
vertex 80.60738666666667 2.466906666666667 29.99998666666667
vertex 80.60738666666667 2.466906666666667 1.9997533333333335
endloop
endfacet
facet normal -0.5087293121266566 0.8609265282143064 0
outer loop
vertex 80.44517333333334 2.3710533333333337 29.99998666666667
vertex 80.60738666666667 2.466906666666667 1.9997533333333335
vertex 80.44517333333334 2.3710533333333337 1.9997533333333335
endloop
endfacet
facet normal -0.45279492187924475 0.8916146918486532 0
outer loop
vertex 80.27716666666667 2.2857333333333334 1.9997533333333335
vertex 80.27716666666667 2.2857333333333334 29.99998666666667
vertex 80.44517333333334 2.3710533333333337 29.99998666666667
endloop
endfacet
facet normal -0.45279492187924475 0.8916146918486532 0
outer loop
vertex 80.27716666666667 2.2857333333333334 1.9997533333333335
vertex 80.44517333333334 2.3710533333333337 29.99998666666667
vertex 80.44517333333334 2.3710533333333337 1.9997533333333335
endloop
endfacet
facet normal 0.45392578141888396 0.8910394968592894 0
outer loop
vertex 3.7224800000000005 2.2857333333333334 29.99998666666667
vertex 3.7224800000000005 2.2857333333333334 1.9997533333333335
vertex 3.555 2.3710533333333337 1.9997533333333335
endloop
endfacet
facet normal 0.45392578141888396 0.8910394968592894 0
outer loop
vertex 3.7224800000000005 2.2857333333333334 29.99998666666667
vertex 3.555 2.3710533333333337 1.9997533333333335
vertex 3.555 2.3710533333333337 29.99998666666667
endloop
endfacet
facet normal 0.3986241783023653 0.9171143682620855 0
outer loop
vertex 3.895753333333334 2.21042 29.99998666666667
vertex 3.895753333333334 2.21042 1.9997533333333335
vertex 3.7224800000000005 2.2857333333333334 1.9997533333333335
endloop
endfacet
facet normal 0.3986241783023653 0.9171143682620855 0
outer loop
vertex 3.895753333333334 2.21042 29.99998666666667
vertex 3.7224800000000005 2.2857333333333334 1.9997533333333335
vertex 3.7224800000000005 2.2857333333333334 29.99998666666667
endloop
endfacet
facet normal 0 0 1
outer loop
vertex 42.00008666666667 43.201413333333335 29.99998666666667
vertex 2.9998933333333335 43.999840000000006 29.99998666666667
vertex 2.8118733333333337 43.99404666666667 29.99998666666667
endloop
endfacet
facet normal 0 0 0.9999999999999999
outer loop
vertex 42.00008666666667 43.201413333333335 29.99998666666667
vertex 2.8118733333333337 43.99404666666667 29.99998666666667
vertex 2.6238533333333334 43.97614 29.99998666666667
endloop
endfacet
facet normal 0 0 1
outer loop
vertex 42.00008666666667 43.201413333333335 29.99998666666667
vertex 2.6238533333333334 43.97614 29.99998666666667
vertex 2.43794 43.94664666666667 29.99998666666667
endloop
endfacet
facet normal 0 0 1
outer loop
vertex 42.00008666666667 43.201413333333335 29.99998666666667
vertex 2.43794 43.94664666666667 29.99998666666667
vertex 2.2541333333333333 43.90556666666667 29.99998666666667
endloop
endfacet
facet normal 0 0 1
outer loop
vertex 42.00008666666667 43.201413333333335 29.99998666666667
vertex 2.2541333333333333 43.90556666666667 29.99998666666667
vertex 2.07296 43.85342666666667 29.99998666666667
endloop
endfacet
facet normal 0 0 1
outer loop
vertex 42.00008666666667 43.201413333333335 29.99998666666667
vertex 2.07296 43.85342666666667 29.99998666666667
vertex 1.8954733333333336 43.78917333333334 29.99998666666667
endloop
endfacet
facet normal 0 0 1
outer loop
vertex 42.00008666666667 43.201413333333335 29.99998666666667
vertex 1.8954733333333336 43.78917333333334 29.99998666666667
vertex 1.7227266666666667 43.71438666666667 29.99998666666667
endloop
endfacet
facet normal 0 0 1
outer loop
vertex 42.00008666666667 43.201413333333335 29.99998666666667
vertex 1.7227266666666667 43.71438666666667 29.99998666666667
vertex 1.55472 43.629066666666674 29.99998666666667
endloop
endfacet
facet normal 0 0 0.9999999999999999
outer loop
vertex 42.00008666666667 43.201413333333335 29.99998666666667
vertex 1.55472 43.629066666666674 29.99998666666667
vertex 1.3925066666666668 43.533213333333336 29.99998666666667
endloop
endfacet
facet normal 0 0 1
outer loop
vertex 42.00008666666667 43.201413333333335 29.99998666666667
vertex 1.3925066666666668 43.533213333333336 29.99998666666667
vertex 1.2366133333333333 43.42682666666667 29.99998666666667
endloop
endfacet
facet normal 0 0 0.9999999999999999
outer loop
vertex 42.00008666666667 43.201413333333335 29.99998666666667
vertex 1.2366133333333333 43.42682666666667 29.99998666666667
vertex 1.0875666666666668 43.31148666666667 29.99998666666667
endloop
endfacet
facet normal 0 0 1
outer loop
vertex 42.00008666666667 43.201413333333335 29.99998666666667
vertex 1.0875666666666668 43.31148666666667 29.99998666666667
vertex 0.94642 43.18666666666667 29.99998666666667
endloop
endfacet
facet normal 0 0 1
outer loop
vertex 42.00008666666667 43.201413333333335 29.99998666666667
vertex 0.94642 43.18666666666667 29.99998666666667
vertex 0.8131733333333334 43.05342 29.99998666666667
endloop
endfacet
facet normal 0 0 0.9999999999999999
outer loop
vertex 42.00008666666667 43.201413333333335 29.99998666666667
vertex 0.8131733333333334 43.05342 29.99998666666667
vertex 0.6883533333333334 42.91227333333334 29.99998666666667
endloop
endfacet
facet normal 0 0 1
outer loop
vertex 42.00008666666667 43.201413333333335 29.99998666666667
vertex 0.6883533333333334 42.91227333333334 29.99998666666667
vertex 0.5730133333333334 42.76322666666667 29.99998666666667
endloop
endfacet
facet normal 0 0 1
outer loop
vertex 42.00008666666667 43.201413333333335 29.99998666666667
vertex 0.5730133333333334 42.76322666666667 29.99998666666667
vertex 0.46715333333333336 42.60733333333334 29.99998666666667
endloop
endfacet
facet normal 0 0 1
outer loop
vertex 42.00008666666667 43.201413333333335 29.99998666666667
vertex 0.46715333333333336 42.60733333333334 29.99998666666667
vertex 0.3713 42.44512 29.99998666666667
endloop
endfacet
facet normal 0 0 1
outer loop
vertex 42.00008666666667 43.201413333333335 29.99998666666667
vertex 0.3713 42.44512 29.99998666666667
vertex 0.28545333333333334 42.27711333333334 29.99998666666667
endloop
endfacet
facet normal 0 0 1
outer loop
vertex 42.00008666666667 43.201413333333335 29.99998666666667
vertex 0.28545333333333334 42.27711333333334 29.99998666666667
vertex 0.2106666666666667 42.10436666666667 29.99998666666667
endloop
endfacet
facet normal 0 0 1
outer loop
vertex 42.00008666666667 43.201413333333335 29.99998666666667
vertex 0.2106666666666667 42.10436666666667 29.99998666666667
vertex 0.17327333333333333 42.00008666666667 29.99998666666667
endloop
endfacet
facet normal 0 0 1
outer loop
vertex 42.00008666666667 43.201413333333335 29.99998666666667
vertex 0.17327333333333333 42.00008666666667 29.99998666666667
vertex 5.000173333333334 42.00008666666667 29.99998666666667
endloop
endfacet
facet normal 0 0 1
outer loop
vertex 42.00008666666667 43.201413333333335 29.99998666666667
vertex 5.000173333333334 42.00008666666667 29.99998666666667
vertex 79 42.00008666666667 29.99998666666667
endloop
endfacet
facet normal 0 0 1
outer loop
vertex 42.00008666666667 43.201413333333335 29.99998666666667
vertex 79 42.00008666666667 29.99998666666667
vertex 83.82690000000001 42.00008666666667 29.99998666666667
endloop
endfacet
facet normal 0 0 1
outer loop
vertex 42.00008666666667 43.201413333333335 29.99998666666667
vertex 83.82690000000001 42.00008666666667 29.99998666666667
vertex 83.78950666666667 42.10436666666667 29.99998666666667
endloop
endfacet
facet normal 0 0 1
outer loop
vertex 42.00008666666667 43.201413333333335 29.99998666666667
vertex 83.78950666666667 42.10436666666667 29.99998666666667
vertex 83.71472000000001 42.27711333333334 29.99998666666667
endloop
endfacet
facet normal 0 0 1
outer loop
vertex 42.00008666666667 43.201413333333335 29.99998666666667
vertex 83.71472000000001 42.27711333333334 29.99998666666667
vertex 83.62887333333335 42.44512 29.99998666666667
endloop
endfacet
facet normal 0 0 1
outer loop
vertex 42.00008666666667 43.201413333333335 29.99998666666667
vertex 83.62887333333335 42.44512 29.99998666666667
vertex 83.53302000000001 42.60733333333334 29.99998666666667
endloop
endfacet
facet normal 0 0 1
outer loop
vertex 42.00008666666667 43.201413333333335 29.99998666666667
vertex 83.53302000000001 42.60733333333334 29.99998666666667
vertex 83.42716 42.76322666666667 29.99998666666667
endloop
endfacet
facet normal 0 0 0.9999999999999999
outer loop
vertex 42.00008666666667 43.201413333333335 29.99998666666667
vertex 83.42716 42.76322666666667 29.99998666666667
vertex 83.31129333333334 42.91227333333334 29.99998666666667
endloop
endfacet
facet normal 0 0 1
outer loop
vertex 42.00008666666667 43.201413333333335 29.99998666666667
vertex 83.31129333333334 42.91227333333334 29.99998666666667
vertex 83.18700000000001 43.05342 29.99998666666667
endloop
endfacet
facet normal 0 0 1
outer loop
vertex 42.00008666666667 43.201413333333335 29.99998666666667
vertex 83.18700000000001 43.05342 29.99998666666667
vertex 83.05375333333335 43.18666666666667 29.99998666666667
endloop
endfacet
facet normal 0 0 1
outer loop
vertex 42.00008666666667 43.201413333333335 29.99998666666667
vertex 83.05375333333335 43.18666666666667 29.99998666666667
vertex 82.91208 43.31148666666667 29.99998666666667
endloop
endfacet
facet normal 0 0 1
outer loop
vertex 42.00008666666667 43.201413333333335 29.99998666666667
vertex 82.91208 43.31148666666667 29.99998666666667
vertex 82.76356000000001 43.42682666666667 29.99998666666667
endloop
endfacet
facet normal 0 0 1
outer loop
vertex 42.00008666666667 43.201413333333335 29.99998666666667
vertex 82.76356000000001 43.42682666666667 29.99998666666667
vertex 82.60766666666667 43.533213333333336 29.99998666666667
endloop
endfacet
facet normal 0 0 0.9999999999999999
outer loop
vertex 42.00008666666667 43.201413333333335 29.99998666666667
vertex 82.60766666666667 43.533213333333336 29.99998666666667
vertex 82.44545333333335 43.629066666666674 29.99998666666667
endloop
endfacet
facet normal 0 0 1
outer loop
vertex 42.00008666666667 43.201413333333335 29.99998666666667
vertex 82.44545333333335 43.629066666666674 29.99998666666667
vertex 82.27744666666668 43.71438666666667 29.99998666666667
endloop
endfacet
facet normal 0 0 0.9999999999999999
outer loop
vertex 42.00008666666667 43.201413333333335 29.99998666666667
vertex 82.27744666666668 43.71438666666667 29.99998666666667
vertex 82.10417333333334 43.78917333333334 29.99998666666667
endloop
endfacet
facet normal 0 0 0.9999999999999999
outer loop
vertex 42.00008666666667 43.201413333333335 29.99998666666667
vertex 82.10417333333334 43.78917333333334 29.99998666666667
vertex 81.92721333333334 43.85342666666667 29.99998666666667
endloop
endfacet
facet normal 0 0 1
outer loop
vertex 42.00008666666667 43.201413333333335 29.99998666666667
vertex 81.92721333333334 43.85342666666667 29.99998666666667
vertex 81.74604000000001 43.90556666666667 29.99998666666667
endloop
endfacet
facet normal 0 0 1
outer loop
vertex 42.00008666666667 43.201413333333335 29.99998666666667
vertex 81.74604000000001 43.90556666666667 29.99998666666667
vertex 81.56223333333334 43.94664666666667 29.99998666666667
endloop
endfacet
facet normal 0 0 1
outer loop
vertex 42.00008666666667 43.201413333333335 29.99998666666667
vertex 81.56223333333334 43.94664666666667 29.99998666666667
vertex 81.37579333333333 43.97614 29.99998666666667
endloop
endfacet
facet normal 0 0 1
outer loop
vertex 42.00008666666667 43.201413333333335 29.99998666666667
vertex 81.37579333333333 43.97614 29.99998666666667
vertex 81.18830000000001 43.99404666666667 29.99998666666667
endloop
endfacet
facet normal 0 0 1
outer loop
vertex 42.00008666666667 43.201413333333335 29.99998666666667
vertex 81.18830000000001 43.99404666666667 29.99998666666667
vertex 80.99975333333335 43.999840000000006 29.99998666666667
endloop
endfacet
facet normal 0 0 1
outer loop
vertex 42.00008666666667 43.201413333333335 29.99998666666667
vertex 80.99975333333335 43.999840000000006 29.99998666666667
vertex 2.9998933333333335 43.999840000000006 29.99998666666667
endloop
endfacet
facet normal 0 0 1
outer loop
vertex 79 42.00008666666667 29.99998666666667
vertex 79.18854666666667 41.99429333333334 29.99998666666667
vertex 83.82900666666667 41.99429333333334 29.99998666666667
endloop
endfacet
facet normal 0 0 1
outer loop
vertex 79 42.00008666666667 29.99998666666667
vertex 83.82900666666667 41.99429333333334 29.99998666666667
vertex 83.82690000000001 42.00008666666667 29.99998666666667
endloop
endfacet
facet normal 0 0 1
outer loop
vertex 0.17327333333333333 42.00008666666667 29.99998666666667
vertex 0.1711666666666667 41.99429333333334 29.99998666666667
vertex 4.811626666666667 41.99429333333334 29.99998666666667
endloop
endfacet
facet normal 0 0 1
outer loop
vertex 0.17327333333333333 42.00008666666667 29.99998666666667
vertex 4.811626666666667 41.99429333333334 29.99998666666667
vertex 5.000173333333334 42.00008666666667 29.99998666666667
endloop
endfacet
facet normal 0 0 1
outer loop
vertex 79.18854666666667 41.99429333333334 29.99998666666667
vertex 79.37604 41.97638666666667 29.99998666666667
vertex 83.83532666666667 41.97638666666667 29.99998666666667
endloop
endfacet
facet normal 0 0 1
outer loop
vertex 79.18854666666667 41.99429333333334 29.99998666666667
vertex 83.83532666666667 41.97638666666667 29.99998666666667
vertex 83.82900666666667 41.99429333333334 29.99998666666667
endloop
endfacet
facet normal 0 0 1
outer loop
vertex 0.1711666666666667 41.99429333333334 29.99998666666667
vertex 0.16432000000000002 41.97638666666667 29.99998666666667
vertex 4.624133333333334 41.97638666666667 29.99998666666667
endloop
endfacet
facet normal 0 0 0.9999999999999999
outer loop
vertex 0.1711666666666667 41.99429333333334 29.99998666666667
vertex 4.624133333333334 41.97638666666667 29.99998666666667
vertex 4.811626666666667 41.99429333333334 29.99998666666667
endloop
endfacet
facet normal 0 0 1
outer loop
vertex 79.37604 41.97638666666667 29.99998666666667
vertex 79.56195333333334 41.946893333333335 29.99998666666667
vertex 83.84586 41.946893333333335 29.99998666666667
endloop
endfacet
facet normal 0 0 1
outer loop
vertex 79.37604 41.97638666666667 29.99998666666667
vertex 83.84586 41.946893333333335 29.99998666666667
vertex 83.83532666666667 41.97638666666667 29.99998666666667
endloop
endfacet
facet normal 0 0 1
outer loop
vertex 0.16432000000000002 41.97638666666667 29.99998666666667
vertex 0.15378666666666668 41.946893333333335 29.99998666666667
vertex 4.437693333333334 41.946893333333335 29.99998666666667
endloop
endfacet
facet normal 0 0 1
outer loop
vertex 0.16432000000000002 41.97638666666667 29.99998666666667
vertex 4.437693333333334 41.946893333333335 29.99998666666667
vertex 4.624133333333334 41.97638666666667 29.99998666666667
endloop
endfacet
facet normal 0 0 1
outer loop
vertex 82.17316666666667 41.92635333333334 29.99998666666667
vertex 79.56195333333334 41.946893333333335 29.99998666666667
vertex 79.74628666666668 41.905813333333334 29.99998666666667
endloop
endfacet
facet normal 0 0 1
outer loop
vertex 82.17316666666667 41.92635333333334 29.99998666666667
vertex 79.74628666666668 41.905813333333334 29.99998666666667
vertex 83.85955333333334 41.905813333333334 29.99998666666667
endloop
endfacet
facet normal 0 0 1
outer loop
vertex 82.17316666666667 41.92635333333334 29.99998666666667
vertex 83.85955333333334 41.905813333333334 29.99998666666667
vertex 83.85323333333334 41.926880000000004 29.99998666666667
endloop
endfacet
facet normal 0 0 1
outer loop
vertex 82.17316666666667 41.92635333333334 29.99998666666667
vertex 83.85323333333334 41.926880000000004 29.99998666666667
vertex 83.84586 41.946893333333335 29.99998666666667
endloop
endfacet
facet normal 0 0 1
outer loop
vertex 82.17316666666667 41.92635333333334 29.99998666666667
vertex 83.84586 41.946893333333335 29.99998666666667
vertex 79.56195333333334 41.946893333333335 29.99998666666667
endloop
endfacet
facet normal 0 0 1
outer loop
vertex 1.82648 41.92635333333334 29.99998666666667
vertex 0.15378666666666668 41.946893333333335 29.99998666666667
vertex 0.14694000000000002 41.926880000000004 29.99998666666667
endloop
endfacet
facet normal 0 0 1
outer loop
vertex 1.82648 41.92635333333334 29.99998666666667
vertex 0.14694000000000002 41.926880000000004 29.99998666666667
vertex 0.14062000000000002 41.905813333333334 29.99998666666667
endloop
endfacet
facet normal 0 0 1
outer loop
vertex 1.82648 41.92635333333334 29.99998666666667
vertex 0.14062000000000002 41.905813333333334 29.99998666666667
vertex 4.253886666666667 41.905813333333334 29.99998666666667
endloop
endfacet
facet normal 0 0 1
outer loop
vertex 1.82648 41.92635333333334 29.99998666666667
vertex 4.253886666666667 41.905813333333334 29.99998666666667
vertex 4.437693333333334 41.946893333333335 29.99998666666667
endloop
endfacet
facet normal 0 0 1
outer loop
vertex 1.82648 41.92635333333334 29.99998666666667
vertex 4.437693333333334 41.946893333333335 29.99998666666667
vertex 0.15378666666666668 41.946893333333335 29.99998666666667
endloop
endfacet
facet normal 0 0 0.9999999999999999
outer loop
vertex 79.74628666666668 41.905813333333334 29.99998666666667
vertex 79.92693333333334 41.85314666666667 29.99998666666667
vertex 83.87482666666668 41.85314666666667 29.99998666666667
endloop
endfacet
facet normal 0 0 1
outer loop
vertex 79.74628666666668 41.905813333333334 29.99998666666667
vertex 83.87482666666668 41.85314666666667 29.99998666666667
vertex 83.85955333333334 41.905813333333334 29.99998666666667
endloop
endfacet
facet normal 0 0 1
outer loop
vertex 0.14062000000000002 41.905813333333334 29.99998666666667
vertex 0.1253466666666667 41.85314666666667 29.99998666666667
vertex 4.072713333333334 41.85314666666667 29.99998666666667
endloop
endfacet
facet normal 0 0 1
outer loop
vertex 0.14062000000000002 41.905813333333334 29.99998666666667
vertex 4.072713333333334 41.85314666666667 29.99998666666667
vertex 4.253886666666667 41.905813333333334 29.99998666666667
endloop
endfacet
facet normal 0 0 1
outer loop
vertex 79.92693333333334 41.85314666666667 29.99998666666667
vertex 80.10442 41.78942000000001 29.99998666666667
vertex 83.89326000000001 41.78942000000001 29.99998666666667
endloop
endfacet
facet normal 0 0 1
outer loop
vertex 79.92693333333334 41.85314666666667 29.99998666666667
vertex 83.89326000000001 41.78942000000001 29.99998666666667
vertex 83.87482666666668 41.85314666666667 29.99998666666667
endloop
endfacet
facet normal 0 0 1
outer loop
vertex 0.1253466666666667 41.85314666666667 29.99998666666667
vertex 0.10691333333333335 41.78942000000001 29.99998666666667
vertex 3.895753333333334 41.78942000000001 29.99998666666667
endloop
endfacet
facet normal 0 0 1
outer loop
vertex 0.1253466666666667 41.85314666666667 29.99998666666667
vertex 3.895753333333334 41.78942000000001 29.99998666666667
vertex 4.072713333333334 41.85314666666667 29.99998666666667
endloop
endfacet
facet normal 0 0 1
outer loop
vertex 82.41859333333333 41.750973333333334 29.99998666666667
vertex 80.10442 41.78942000000001 29.99998666666667
vertex 80.27716666666667 41.71463333333334 29.99998666666667
endloop
endfacet
facet normal 0 0 1
outer loop
vertex 82.41859333333333 41.750973333333334 29.99998666666667
vertex 80.27716666666667 41.71463333333334 29.99998666666667
vertex 83.91274666666668 41.71463333333334 29.99998666666667
endloop
endfacet
facet normal 0 0 0.9999999999999999
outer loop
vertex 82.41859333333333 41.750973333333334 29.99998666666667
vertex 83.91274666666668 41.71463333333334 29.99998666666667
vertex 83.9059 41.746233333333336 29.99998666666667
endloop
endfacet
facet normal 0 0 1
outer loop
vertex 82.41859333333333 41.750973333333334 29.99998666666667
vertex 83.9059 41.746233333333336 29.99998666666667
vertex 83.89326000000001 41.78942000000001 29.99998666666667
endloop
endfacet
facet normal 0 0 1
outer loop
vertex 82.41859333333333 41.750973333333334 29.99998666666667
vertex 83.89326000000001 41.78942000000001 29.99998666666667
vertex 80.10442 41.78942000000001 29.99998666666667
endloop
endfacet
facet normal 0 0 1
outer loop
vertex 1.5815800000000002 41.750973333333334 29.99998666666667
vertex 0.10691333333333335 41.78942000000001 29.99998666666667
vertex 0.09427333333333335 41.746233333333336 29.99998666666667
endloop
endfacet
facet normal 0 0 1
outer loop
vertex 1.5815800000000002 41.750973333333334 29.99998666666667
vertex 0.09427333333333335 41.746233333333336 29.99998666666667
vertex 0.08742666666666668 41.71463333333334 29.99998666666667
endloop
endfacet
facet normal 0 0 1
outer loop
vertex 1.5815800000000002 41.750973333333334 29.99998666666667
vertex 0.08742666666666668 41.71463333333334 29.99998666666667
vertex 3.7224800000000005 41.71463333333334 29.99998666666667
endloop
endfacet
facet normal 0 0 1
outer loop
vertex 1.5815800000000002 41.750973333333334 29.99998666666667
vertex 3.7224800000000005 41.71463333333334 29.99998666666667
vertex 3.895753333333334 41.78942000000001 29.99998666666667
endloop
endfacet
facet normal 0 0 1
outer loop
vertex 1.5815800000000002 41.750973333333334 29.99998666666667
vertex 3.895753333333334 41.78942000000001 29.99998666666667
vertex 0.10691333333333335 41.78942000000001 29.99998666666667
endloop
endfacet
facet normal 0 0 1
outer loop
vertex 80.27716666666667 41.71463333333334 29.99998666666667
vertex 80.44517333333334 41.62878666666667 29.99998666666667
vertex 83.93170666666667 41.62878666666667 29.99998666666667
endloop
endfacet
facet normal 0 0 1
outer loop
vertex 80.27716666666667 41.71463333333334 29.99998666666667
vertex 83.93170666666667 41.62878666666667 29.99998666666667
vertex 83.91274666666668 41.71463333333334 29.99998666666667
endloop
endfacet
facet normal 0 0 1
outer loop
vertex 0.08742666666666668 41.71463333333334 29.99998666666667
vertex 0.06794 41.62878666666667 29.99998666666667
vertex 3.555 41.62878666666667 29.99998666666667
endloop
endfacet
facet normal 0 0 1
outer loop
vertex 0.08742666666666668 41.71463333333334 29.99998666666667
vertex 3.555 41.62878666666667 29.99998666666667
vertex 3.7224800000000005 41.71463333333334 29.99998666666667
endloop
endfacet
facet normal 0 0 1
outer loop
vertex 82.57659333333334 41.577173333333334 29.99998666666667
vertex 80.44517333333334 41.62878666666667 29.99998666666667
vertex 80.60738666666667 41.53293333333334 29.99998666666667
endloop
endfacet
facet normal 0 0 1
outer loop
vertex 82.57659333333334 41.577173333333334 29.99998666666667
vertex 80.60738666666667 41.53293333333334 29.99998666666667
vertex 83.95172000000001 41.53293333333334 29.99998666666667
endloop
endfacet
facet normal 0 0 1
outer loop
vertex 82.57659333333334 41.577173333333334 29.99998666666667
vertex 83.95172000000001 41.53293333333334 29.99998666666667
vertex 83.94698000000001 41.5619 29.99998666666667
endloop
endfacet
facet normal 0 0 1
outer loop
vertex 82.57659333333334 41.577173333333334 29.99998666666667
vertex 83.94698000000001 41.5619 29.99998666666667
vertex 83.93170666666667 41.62878666666667 29.99998666666667
endloop
endfacet
facet normal 0 0 1
outer loop
vertex 82.57659333333334 41.577173333333334 29.99998666666667
vertex 83.93170666666667 41.62878666666667 29.99998666666667
vertex 80.44517333333334 41.62878666666667 29.99998666666667
endloop
endfacet
facet normal 0 0 1
outer loop
vertex 1.42358 41.577173333333334 29.99998666666667
vertex 0.06794 41.62878666666667 29.99998666666667
vertex 0.053193333333333336 41.5619 29.99998666666667
endloop
endfacet
facet normal 0 0 0.9999999999999999
outer loop
vertex 1.42358 41.577173333333334 29.99998666666667
vertex 0.053193333333333336 41.5619 29.99998666666667
vertex 0.048453333333333334 41.53293333333334 29.99998666666667
endloop
endfacet
facet normal 0 0 1
outer loop
vertex 1.42358 41.577173333333334 29.99998666666667
vertex 0.048453333333333334 41.53293333333334 29.99998666666667
vertex 3.3922600000000003 41.53293333333334 29.99998666666667
endloop
endfacet
facet normal 0 0 1
outer loop
vertex 1.42358 41.577173333333334 29.99998666666667
vertex 3.3922600000000003 41.53293333333334 29.99998666666667
vertex 3.555 41.62878666666667 29.99998666666667
endloop
endfacet
facet normal 0 0 1
outer loop
vertex 1.42358 41.577173333333334 29.99998666666667
vertex 3.555 41.62878666666667 29.99998666666667
vertex 0.06794 41.62878666666667 29.99998666666667
endloop
endfacet
facet normal 0 0 1
outer loop
vertex 80.60738666666667 41.53293333333334 29.99998666666667
vertex 80.76328000000001 41.42707333333334 29.99998666666667
vertex 83.96804666666668 41.42707333333334 29.99998666666667
endloop
endfacet
facet normal 0 0 1
outer loop
vertex 80.60738666666667 41.53293333333334 29.99998666666667
vertex 83.96804666666668 41.42707333333334 29.99998666666667
vertex 83.95172000000001 41.53293333333334 29.99998666666667
endloop
endfacet
facet normal 0 0 1
outer loop
vertex 0.048453333333333334 41.53293333333334 29.99998666666667
vertex 0.0316 41.42707333333334 29.99998666666667
vertex 3.2368933333333336 41.42707333333334 29.99998666666667
endloop
endfacet
facet normal 0 0 1
outer loop
vertex 0.048453333333333334 41.53293333333334 29.99998666666667
vertex 3.2368933333333336 41.42707333333334 29.99998666666667
vertex 3.3922600000000003 41.53293333333334 29.99998666666667
endloop
endfacet
facet normal 0 0 0.9999999999999999
outer loop
vertex 82.72037333333334 41.370720000000006 29.99998666666667
vertex 80.76328000000001 41.42707333333334 29.99998666666667
vertex 80.91232666666667 41.311733333333336 29.99998666666667
endloop
endfacet
facet normal 0 0 1
outer loop
vertex 82.72037333333334 41.370720000000006 29.99998666666667
vertex 80.91232666666667 41.311733333333336 29.99998666666667
vertex 83.98226666666667 41.311733333333336 29.99998666666667
endloop
endfacet
facet normal 0 0 0.9999999999999999
outer loop
vertex 82.72037333333334 41.370720000000006 29.99998666666667
vertex 83.98226666666667 41.311733333333336 29.99998666666667
vertex 83.97647333333335 41.37598666666667 29.99998666666667
endloop
endfacet
facet normal 0 0 1
outer loop
vertex 82.72037333333334 41.370720000000006 29.99998666666667
vertex 83.97647333333335 41.37598666666667 29.99998666666667
vertex 83.96804666666668 41.42707333333334 29.99998666666667
endloop
endfacet
facet normal 0 0 1
outer loop
vertex 82.72037333333334 41.370720000000006 29.99998666666667
vertex 83.96804666666668 41.42707333333334 29.99998666666667
vertex 80.76328000000001 41.42707333333334 29.99998666666667
endloop
endfacet
facet normal 0 0 1
outer loop
vertex 1.2792733333333335 41.370720000000006 29.99998666666667
vertex 0.0316 41.42707333333334 29.99998666666667
vertex 0.023700000000000002 41.37598666666667 29.99998666666667
endloop
endfacet
facet normal 0 0 1
outer loop
vertex 1.2792733333333335 41.370720000000006 29.99998666666667
vertex 0.023700000000000002 41.37598666666667 29.99998666666667
vertex 0.017380000000000003 41.311733333333336 29.99998666666667
endloop
endfacet
facet normal 0 0 1
outer loop
vertex 1.2792733333333335 41.370720000000006 29.99998666666667
vertex 0.017380000000000003 41.311733333333336 29.99998666666667
vertex 3.087846666666667 41.311733333333336 29.99998666666667
endloop
endfacet
facet normal 0 0 1
outer loop
vertex 1.2792733333333335 41.370720000000006 29.99998666666667
vertex 3.087846666666667 41.311733333333336 29.99998666666667
vertex 3.2368933333333336 41.42707333333334 29.99998666666667
endloop
endfacet
facet normal 0 0 1
outer loop
vertex 1.2792733333333335 41.370720000000006 29.99998666666667
vertex 3.2368933333333336 41.42707333333334 29.99998666666667
vertex 0.0316 41.42707333333334 29.99998666666667
endloop
endfacet
facet normal 0 0 1
outer loop
vertex 82.78726 41.23694666666667 29.99998666666667
vertex 80.91232666666667 41.311733333333336 29.99998666666667
vertex 81.05347333333334 41.18691333333334 29.99998666666667
endloop
endfacet
facet normal 0 0 1
outer loop
vertex 82.78726 41.23694666666667 29.99998666666667
vertex 81.05347333333334 41.18691333333334 29.99998666666667
vertex 83.99438 41.18691333333334 29.99998666666667
endloop
endfacet
facet normal 0 0 1
outer loop
vertex 82.78726 41.23694666666667 29.99998666666667
vertex 83.99438 41.18691333333334 29.99998666666667
vertex 83.99385333333333 41.188493333333334 29.99998666666667
endloop
endfacet
facet normal 0 0 1
outer loop
vertex 82.78726 41.23694666666667 29.99998666666667
vertex 83.99385333333333 41.188493333333334 29.99998666666667
vertex 83.98226666666667 41.311733333333336 29.99998666666667
endloop
endfacet
facet normal 0 0 1
outer loop
vertex 82.78726 41.23694666666667 29.99998666666667
vertex 83.98226666666667 41.311733333333336 29.99998666666667
vertex 80.91232666666667 41.311733333333336 29.99998666666667
endloop
endfacet
facet normal 0 0 1
outer loop
vertex 1.2123866666666667 41.23694666666667 29.99998666666667
vertex 0.017380000000000003 41.311733333333336 29.99998666666667
vertex 0.0057933333333333335 41.188493333333334 29.99998666666667
endloop
endfacet
facet normal 0 0 1
outer loop
vertex 1.2123866666666667 41.23694666666667 29.99998666666667
vertex 0.0057933333333333335 41.188493333333334 29.99998666666667
vertex 0.0057933333333333335 41.18691333333334 29.99998666666667
endloop
endfacet
facet normal 0 0 1
outer loop
vertex 1.2123866666666667 41.23694666666667 29.99998666666667
vertex 0.0057933333333333335 41.18691333333334 29.99998666666667
vertex 2.9461733333333338 41.18691333333334 29.99998666666667
endloop
endfacet
facet normal 0 0 1
outer loop
vertex 1.2123866666666667 41.23694666666667 29.99998666666667
vertex 2.9461733333333338 41.18691333333334 29.99998666666667
vertex 3.087846666666667 41.311733333333336 29.99998666666667
endloop
endfacet
facet normal 0 0 1
outer loop
vertex 1.2123866666666667 41.23694666666667 29.99998666666667
vertex 3.087846666666667 41.311733333333336 29.99998666666667
vertex 0.017380000000000003 41.311733333333336 29.99998666666667
endloop
endfacet
facet normal 0 0 1
outer loop
vertex 81.05347333333334 41.18691333333334 29.99998666666667
vertex 81.18672000000001 41.05366666666667 29.99998666666667
vertex 83.99806666666667 41.05366666666667 29.99998666666667
endloop
endfacet
facet normal 0 0 1
outer loop
vertex 81.05347333333334 41.18691333333334 29.99998666666667
vertex 83.99806666666667 41.05366666666667 29.99998666666667
vertex 83.99438 41.18691333333334 29.99998666666667
endloop
endfacet
facet normal 0 0 1
outer loop
vertex 0.0057933333333333335 41.18691333333334 29.99998666666667
vertex 0.0015800000000000002 41.05366666666667 29.99998666666667
vertex 2.812926666666667 41.05366666666667 29.99998666666667
endloop
endfacet
facet normal 0 0 1
outer loop
vertex 0.0057933333333333335 41.18691333333334 29.99998666666667
vertex 2.812926666666667 41.05366666666667 29.99998666666667
vertex 2.9461733333333338 41.18691333333334 29.99998666666667
endloop
endfacet
facet normal 0 0 1
outer loop
vertex 82.89944000000001 40.98625333333334 29.99998666666667
vertex 81.18672000000001 41.05366666666667 29.99998666666667
vertex 81.31154000000001 40.91252 29.99998666666667
endloop
endfacet
facet normal 0 0 1
outer loop
vertex 82.89944000000001 40.98625333333334 29.99998666666667
vertex 81.31154000000001 40.91252 29.99998666666667
vertex 84.00017333333334 40.91252 29.99998666666667
endloop
endfacet
facet normal 0 0 1
outer loop
vertex 82.89944000000001 40.98625333333334 29.99998666666667
vertex 84.00017333333334 40.91252 29.99998666666667
vertex 84.00017333333334 40.99994666666667 29.99998666666667
endloop
endfacet
facet normal 0 0 1
outer loop
vertex 82.89944000000001 40.98625333333334 29.99998666666667
vertex 84.00017333333334 40.99994666666667 29.99998666666667
vertex 83.99806666666667 41.05366666666667 29.99998666666667
endloop
endfacet
facet normal 0 0 1
outer loop
vertex 82.89944000000001 40.98625333333334 29.99998666666667
vertex 83.99806666666667 41.05366666666667 29.99998666666667
vertex 81.18672000000001 41.05366666666667 29.99998666666667
endloop
endfacet
facet normal 0 0 1
outer loop
vertex 1.1007333333333333 40.98625333333334 29.99998666666667
vertex 0.0015800000000000002 41.05366666666667 29.99998666666667
vertex 0 40.99994666666667 29.99998666666667
endloop
endfacet
facet normal 0 0 0.9999999999999999
outer loop
vertex 1.1007333333333333 40.98625333333334 29.99998666666667
vertex 0 40.99994666666667 29.99998666666667
vertex 0 40.91252 29.99998666666667
endloop
endfacet
facet normal 0 0 1
outer loop
vertex 1.1007333333333333 40.98625333333334 29.99998666666667
vertex 0 40.91252 29.99998666666667
vertex 2.6886333333333337 40.91252 29.99998666666667
endloop
endfacet
facet normal 0 0 0.9999999999999999
outer loop
vertex 1.1007333333333333 40.98625333333334 29.99998666666667
vertex 2.6886333333333337 40.91252 29.99998666666667
vertex 2.812926666666667 41.05366666666667 29.99998666666667
endloop
endfacet
facet normal 0 0 1
outer loop
vertex 1.1007333333333333 40.98625333333334 29.99998666666667
vertex 2.812926666666667 41.05366666666667 29.99998666666667
vertex 0.0015800000000000002 41.05366666666667 29.99998666666667
endloop
endfacet
facet normal 0 0 1
outer loop
vertex 81.31154000000001 40.91252 29.99998666666667
vertex 81.42688000000001 40.76347333333334 29.99998666666667
vertex 84.00017333333334 40.76347333333334 29.99998666666667
endloop
endfacet
facet normal 0 0 1
outer loop
vertex 81.31154000000001 40.91252 29.99998666666667
vertex 84.00017333333334 40.76347333333334 29.99998666666667
vertex 84.00017333333334 40.91252 29.99998666666667
endloop
endfacet
facet normal 0 0 1
outer loop
vertex 0 40.91252 29.99998666666667
vertex 0 40.76347333333334 29.99998666666667
vertex 2.572766666666667 40.76347333333334 29.99998666666667
endloop
endfacet
facet normal 0 0 1
outer loop
vertex 0 40.91252 29.99998666666667
vertex 2.572766666666667 40.76347333333334 29.99998666666667
vertex 2.6886333333333337 40.91252 29.99998666666667
endloop
endfacet
facet normal 0 0 1
outer loop
vertex 81.42688000000001 40.76347333333334 29.99998666666667
vertex 81.53274 40.607580000000006 29.99998666666667
vertex 84.00017333333334 40.607580000000006 29.99998666666667
endloop
endfacet
facet normal 0 0 0.9999999999999999
outer loop
vertex 81.42688000000001 40.76347333333334 29.99998666666667
vertex 84.00017333333334 40.607580000000006 29.99998666666667
vertex 84.00017333333334 40.76347333333334 29.99998666666667
endloop
endfacet
facet normal 0 0 1
outer loop
vertex 0 40.76347333333334 29.99998666666667
vertex 0 40.607580000000006 29.99998666666667
vertex 2.466906666666667 40.607580000000006 29.99998666666667
endloop
endfacet
facet normal 0 0 1
outer loop
vertex 0 40.76347333333334 29.99998666666667
vertex 2.466906666666667 40.607580000000006 29.99998666666667
vertex 2.572766666666667 40.76347333333334 29.99998666666667
endloop
endfacet
facet normal 0 0 1
outer loop
vertex 81.53274 40.607580000000006 29.99998666666667
vertex 81.62912 40.44536666666667 29.99998666666667
vertex 84.00017333333334 40.44536666666667 29.99998666666667
endloop
endfacet
facet normal 0 0 1
outer loop
vertex 81.53274 40.607580000000006 29.99998666666667
vertex 84.00017333333334 40.44536666666667 29.99998666666667
vertex 84.00017333333334 40.607580000000006 29.99998666666667
endloop
endfacet
facet normal 0 0 1
outer loop
vertex 0 40.607580000000006 29.99998666666667
vertex 0 40.44536666666667 29.99998666666667
vertex 2.3710533333333337 40.44536666666667 29.99998666666667
endloop
endfacet
facet normal 0 0 1
outer loop
vertex 0 40.607580000000006 29.99998666666667
vertex 2.3710533333333337 40.44536666666667 29.99998666666667
vertex 2.466906666666667 40.607580000000006 29.99998666666667
endloop
endfacet
facet normal 0 0 1
outer loop
vertex 81.62912 40.44536666666667 29.99998666666667
vertex 81.71444000000001 40.27736 29.99998666666667
vertex 84.00017333333334 40.27736 29.99998666666667
endloop
endfacet
facet normal 0 0 1
outer loop
vertex 81.62912 40.44536666666667 29.99998666666667
vertex 84.00017333333334 40.27736 29.99998666666667
vertex 84.00017333333334 40.44536666666667 29.99998666666667
endloop
endfacet
facet normal 0 0 0.9999999999999999
outer loop
vertex 0 40.44536666666667 29.99998666666667
vertex 0 40.27736 29.99998666666667
vertex 2.2857333333333334 40.27736 29.99998666666667
endloop
endfacet
facet normal 0 0 0.9999999999999999
outer loop
vertex 0 40.44536666666667 29.99998666666667
vertex 2.2857333333333334 40.27736 29.99998666666667
vertex 2.3710533333333337 40.44536666666667 29.99998666666667
endloop
endfacet
facet normal 0 0 0.9999999999999999
outer loop
vertex 81.71444000000001 40.27736 29.99998666666667
vertex 81.78922666666668 40.10461333333334 29.99998666666667
vertex 84.00017333333334 40.10461333333334 29.99998666666667
endloop
endfacet
facet normal 0 0 1
outer loop
vertex 81.71444000000001 40.27736 29.99998666666667
vertex 84.00017333333334 40.10461333333334 29.99998666666667
vertex 84.00017333333334 40.27736 29.99998666666667
endloop
endfacet
facet normal 0 0 1
outer loop
vertex 0 40.27736 29.99998666666667
vertex 0 40.10461333333334 29.99998666666667
vertex 2.21042 40.10461333333334 29.99998666666667
endloop
endfacet
facet normal 0 0 1
outer loop
vertex 0 40.27736 29.99998666666667
vertex 2.21042 40.10461333333334 29.99998666666667
vertex 2.2857333333333334 40.27736 29.99998666666667
endloop
endfacet
facet normal 0 0 1
outer loop
vertex 81.78922666666668 40.10461333333334 29.99998666666667
vertex 81.85295333333335 39.92712666666667 29.99998666666667
vertex 84.00017333333334 39.92712666666667 29.99998666666667
endloop
endfacet
facet normal 0 0 1
outer loop
vertex 81.78922666666668 40.10461333333334 29.99998666666667
vertex 84.00017333333334 39.92712666666667 29.99998666666667
vertex 84.00017333333334 40.10461333333334 29.99998666666667
endloop
endfacet
facet normal 0 0 1
outer loop
vertex 0 40.10461333333334 29.99998666666667
vertex 0 39.92712666666667 29.99998666666667
vertex 2.1466933333333333 39.92712666666667 29.99998666666667
endloop
endfacet
facet normal 0 0 0.9999999999999999
outer loop
vertex 0 40.10461333333334 29.99998666666667
vertex 2.1466933333333333 39.92712666666667 29.99998666666667
vertex 2.21042 40.10461333333334 29.99998666666667
endloop
endfacet
facet normal 0 0 1
outer loop
vertex 81.85295333333335 39.92712666666667 29.99998666666667
vertex 81.90562000000001 39.74595333333334 29.99998666666667
vertex 84.00017333333334 39.74595333333334 29.99998666666667
endloop
endfacet
facet normal 0 0 1
outer loop
vertex 81.85295333333335 39.92712666666667 29.99998666666667
vertex 84.00017333333334 39.74595333333334 29.99998666666667
vertex 84.00017333333334 39.92712666666667 29.99998666666667
endloop
endfacet
facet normal 0 0 1
outer loop
vertex 0 39.92712666666667 29.99998666666667
vertex 0 39.74595333333334 29.99998666666667
vertex 2.0940266666666667 39.74595333333334 29.99998666666667
endloop
endfacet
facet normal 0 0 1
outer loop
vertex 0 39.92712666666667 29.99998666666667
vertex 2.0940266666666667 39.74595333333334 29.99998666666667
vertex 2.1466933333333333 39.92712666666667 29.99998666666667
endloop
endfacet
facet normal 0 0 1
outer loop
vertex 81.90562000000001 39.74595333333334 29.99998666666667
vertex 81.9467 39.56214666666667 29.99998666666667
vertex 84.00017333333334 39.56214666666667 29.99998666666667
endloop
endfacet
facet normal 0 0 1
outer loop
vertex 81.90562000000001 39.74595333333334 29.99998666666667
vertex 84.00017333333334 39.56214666666667 29.99998666666667
vertex 84.00017333333334 39.74595333333334 29.99998666666667
endloop
endfacet
facet normal 0 0 1
outer loop
vertex 0 39.74595333333334 29.99998666666667
vertex 0 39.56214666666667 29.99998666666667
vertex 2.0529466666666667 39.56214666666667 29.99998666666667
endloop
endfacet
facet normal 0 0 1
outer loop
vertex 0 39.74595333333334 29.99998666666667
vertex 2.0529466666666667 39.56214666666667 29.99998666666667
vertex 2.0940266666666667 39.74595333333334 29.99998666666667
endloop
endfacet
facet normal 0 0 1
outer loop
vertex 81.9467 39.56214666666667 29.99998666666667
vertex 81.97619333333334 39.37623333333334 29.99998666666667
vertex 84.00017333333334 39.37623333333334 29.99998666666667
endloop
endfacet
facet normal 0 0 0.9999999999999999
outer loop
vertex 81.9467 39.56214666666667 29.99998666666667
vertex 84.00017333333334 39.37623333333334 29.99998666666667
vertex 84.00017333333334 39.56214666666667 29.99998666666667
endloop
endfacet
facet normal 0 0 1
outer loop
vertex 0 39.56214666666667 29.99998666666667
vertex 0 39.37623333333334 29.99998666666667
vertex 2.0234533333333333 39.37623333333334 29.99998666666667
endloop
endfacet
facet normal 0 0 1
outer loop
vertex 0 39.56214666666667 29.99998666666667
vertex 2.0234533333333333 39.37623333333334 29.99998666666667
vertex 2.0529466666666667 39.56214666666667 29.99998666666667
endloop
endfacet
facet normal 0 0 1
outer loop
vertex 81.97619333333334 39.37623333333334 29.99998666666667
vertex 81.9941 39.18821333333334 29.99998666666667
vertex 84.00017333333334 39.18821333333334 29.99998666666667
endloop
endfacet
facet normal 0 0 1
outer loop
vertex 81.97619333333334 39.37623333333334 29.99998666666667
vertex 84.00017333333334 39.18821333333334 29.99998666666667
vertex 84.00017333333334 39.37623333333334 29.99998666666667
endloop
endfacet
facet normal 0 0 0.9999999999999999
outer loop
vertex 0 39.37623333333334 29.99998666666667
vertex 0 39.18821333333334 29.99998666666667
vertex 2.0060733333333336 39.18821333333334 29.99998666666667
endloop
endfacet
facet normal 0 0 1
outer loop
vertex 0 39.37623333333334 29.99998666666667
vertex 2.0060733333333336 39.18821333333334 29.99998666666667
vertex 2.0234533333333333 39.37623333333334 29.99998666666667
endloop
endfacet
facet normal 0 0 0.9999999999999999
outer loop
vertex 81.9941 39.18821333333334 29.99998666666667
vertex 81.99989333333335 39.000193333333335 29.99998666666667
vertex 84.00017333333334 39.000193333333335 29.99998666666667
endloop
endfacet
facet normal 0 0 1
outer loop
vertex 81.9941 39.18821333333334 29.99998666666667
vertex 84.00017333333334 39.000193333333335 29.99998666666667
vertex 84.00017333333334 39.18821333333334 29.99998666666667
endloop
endfacet
facet normal 0 0 1
outer loop
vertex 0 39.18821333333334 29.99998666666667
vertex 0 39.000193333333335 29.99998666666667
vertex 1.9997533333333335 39.000193333333335 29.99998666666667
endloop
endfacet
facet normal 0 0 0.9999999999999999
outer loop
vertex 0 39.18821333333334 29.99998666666667
vertex 1.9997533333333335 39.000193333333335 29.99998666666667
vertex 2.0060733333333336 39.18821333333334 29.99998666666667
endloop
endfacet
facet normal 0 0 1
outer loop
vertex 81.99989333333335 39.000193333333335 29.99998666666667
vertex 81.99989333333335 5.000173333333334 29.99998666666667
vertex 84.00017333333334 5.000173333333334 29.99998666666667
endloop
endfacet
facet normal 0 0 1
outer loop
vertex 81.99989333333335 39.000193333333335 29.99998666666667
vertex 84.00017333333334 5.000173333333334 29.99998666666667
vertex 84.00017333333334 39.000193333333335 29.99998666666667
endloop
endfacet
facet normal 0 0 1
outer loop
vertex 0 39.000193333333335 29.99998666666667
vertex 0 5.000173333333334 29.99998666666667
vertex 1.9997533333333335 5.000173333333334 29.99998666666667
endloop
endfacet
facet normal 0 0 1
outer loop
vertex 0 39.000193333333335 29.99998666666667
vertex 1.9997533333333335 5.000173333333334 29.99998666666667
vertex 1.9997533333333335 39.000193333333335 29.99998666666667
endloop
endfacet
facet normal 0 0 1
outer loop
vertex 81.99989333333335 5.000173333333334 29.99998666666667
vertex 81.9941 4.811626666666667 29.99998666666667
vertex 84.00017333333334 4.811626666666667 29.99998666666667
endloop
endfacet
facet normal 0 0 1
outer loop
vertex 81.99989333333335 5.000173333333334 29.99998666666667
vertex 84.00017333333334 4.811626666666667 29.99998666666667
vertex 84.00017333333334 5.000173333333334 29.99998666666667
endloop
endfacet
facet normal 0 0 0.9999999999999999
outer loop
vertex 0 5.000173333333334 29.99998666666667
vertex 0 4.811626666666667 29.99998666666667
vertex 2.0060733333333336 4.811626666666667 29.99998666666667
endloop
endfacet
facet normal 0 0 1
outer loop
vertex 0 5.000173333333334 29.99998666666667
vertex 2.0060733333333336 4.811626666666667 29.99998666666667
vertex 1.9997533333333335 5.000173333333334 29.99998666666667
endloop
endfacet
facet normal 0 0 1
outer loop
vertex 81.9941 4.811626666666667 29.99998666666667
vertex 81.97619333333334 4.624133333333334 29.99998666666667
vertex 84.00017333333334 4.624133333333334 29.99998666666667
endloop
endfacet
facet normal 0 0 1
outer loop
vertex 81.9941 4.811626666666667 29.99998666666667
vertex 84.00017333333334 4.624133333333334 29.99998666666667
vertex 84.00017333333334 4.811626666666667 29.99998666666667
endloop
endfacet
facet normal 0 0 1
outer loop
vertex 0 4.811626666666667 29.99998666666667
vertex 0 4.624133333333334 29.99998666666667
vertex 2.0234533333333333 4.624133333333334 29.99998666666667
endloop
endfacet
facet normal 0 0 1
outer loop
vertex 0 4.811626666666667 29.99998666666667
vertex 2.0234533333333333 4.624133333333334 29.99998666666667
vertex 2.0060733333333336 4.811626666666667 29.99998666666667
endloop
endfacet
facet normal 0 0 1
outer loop
vertex 81.97619333333334 4.624133333333334 29.99998666666667
vertex 81.9467 4.437693333333334 29.99998666666667
vertex 84.00017333333334 4.437693333333334 29.99998666666667
endloop
endfacet
facet normal 0 0 1
outer loop
vertex 81.97619333333334 4.624133333333334 29.99998666666667
vertex 84.00017333333334 4.437693333333334 29.99998666666667
vertex 84.00017333333334 4.624133333333334 29.99998666666667
endloop
endfacet
facet normal 0 0 1
outer loop
vertex 0 4.624133333333334 29.99998666666667
vertex 0 4.437693333333334 29.99998666666667
vertex 2.0529466666666667 4.437693333333334 29.99998666666667
endloop
endfacet
facet normal 0 0 0.9999999999999999
outer loop
vertex 0 4.624133333333334 29.99998666666667
vertex 2.0529466666666667 4.437693333333334 29.99998666666667
vertex 2.0234533333333333 4.624133333333334 29.99998666666667
endloop
endfacet
facet normal 0 0 1
outer loop
vertex 81.9467 4.437693333333334 29.99998666666667
vertex 81.90562000000001 4.253886666666667 29.99998666666667
vertex 84.00017333333334 4.253886666666667 29.99998666666667
endloop
endfacet
facet normal 0 0 1
outer loop
vertex 81.9467 4.437693333333334 29.99998666666667
vertex 84.00017333333334 4.253886666666667 29.99998666666667
vertex 84.00017333333334 4.437693333333334 29.99998666666667
endloop
endfacet
facet normal 0 0 1
outer loop
vertex 0 4.437693333333334 29.99998666666667
vertex 0 4.253886666666667 29.99998666666667
vertex 2.0940266666666667 4.253886666666667 29.99998666666667
endloop
endfacet
facet normal 0 0 1
outer loop
vertex 0 4.437693333333334 29.99998666666667
vertex 2.0940266666666667 4.253886666666667 29.99998666666667
vertex 2.0529466666666667 4.437693333333334 29.99998666666667
endloop
endfacet
facet normal 0 0 1
outer loop
vertex 81.90562000000001 4.253886666666667 29.99998666666667
vertex 81.85295333333335 4.072713333333334 29.99998666666667
vertex 84.00017333333334 4.072713333333334 29.99998666666667
endloop
endfacet
facet normal 0 0 1
outer loop
vertex 81.90562000000001 4.253886666666667 29.99998666666667
vertex 84.00017333333334 4.072713333333334 29.99998666666667
vertex 84.00017333333334 4.253886666666667 29.99998666666667
endloop
endfacet
facet normal 0 0 1
outer loop
vertex 0 4.253886666666667 29.99998666666667
vertex 0 4.072713333333334 29.99998666666667
vertex 2.1466933333333333 4.072713333333334 29.99998666666667
endloop
endfacet
facet normal 0 0 1
outer loop
vertex 0 4.253886666666667 29.99998666666667
vertex 2.1466933333333333 4.072713333333334 29.99998666666667
vertex 2.0940266666666667 4.253886666666667 29.99998666666667
endloop
endfacet
facet normal 0 0 0.9999999999999999
outer loop
vertex 81.85295333333335 4.072713333333334 29.99998666666667
vertex 81.78922666666668 3.895753333333334 29.99998666666667
vertex 84.00017333333334 3.895753333333334 29.99998666666667
endloop
endfacet
facet normal 0 0 1
outer loop
vertex 81.85295333333335 4.072713333333334 29.99998666666667
vertex 84.00017333333334 3.895753333333334 29.99998666666667
vertex 84.00017333333334 4.072713333333334 29.99998666666667
endloop
endfacet
facet normal 0 0 0.9999999999999999
outer loop
vertex 0 4.072713333333334 29.99998666666667
vertex 0 3.895753333333334 29.99998666666667
vertex 2.21042 3.895753333333334 29.99998666666667
endloop
endfacet
facet normal 0 0 1
outer loop
vertex 0 4.072713333333334 29.99998666666667
vertex 2.21042 3.895753333333334 29.99998666666667
vertex 2.1466933333333333 4.072713333333334 29.99998666666667
endloop
endfacet
facet normal 0 0 0.9999999999999999
outer loop
vertex 81.78922666666668 3.895753333333334 29.99998666666667
vertex 81.71444000000001 3.7224800000000005 29.99998666666667
vertex 84.00017333333334 3.7224800000000005 29.99998666666667
endloop
endfacet
facet normal 0 0 1
outer loop
vertex 81.78922666666668 3.895753333333334 29.99998666666667
vertex 84.00017333333334 3.7224800000000005 29.99998666666667
vertex 84.00017333333334 3.895753333333334 29.99998666666667
endloop
endfacet
facet normal 0 0 0.9999999999999999
outer loop
vertex 0 3.895753333333334 29.99998666666667
vertex 0 3.7224800000000005 29.99998666666667
vertex 2.2857333333333334 3.7224800000000005 29.99998666666667
endloop
endfacet
facet normal 0 0 1
outer loop
vertex 0 3.895753333333334 29.99998666666667
vertex 2.2857333333333334 3.7224800000000005 29.99998666666667
vertex 2.21042 3.895753333333334 29.99998666666667
endloop
endfacet
facet normal 0 0 1
outer loop
vertex 81.71444000000001 3.7224800000000005 29.99998666666667
vertex 81.62912 3.555 29.99998666666667
vertex 84.00017333333334 3.555 29.99998666666667
endloop
endfacet
facet normal 0 0 1
outer loop
vertex 81.71444000000001 3.7224800000000005 29.99998666666667
vertex 84.00017333333334 3.555 29.99998666666667
vertex 84.00017333333334 3.7224800000000005 29.99998666666667
endloop
endfacet
facet normal 0 0 1
outer loop
vertex 0 3.7224800000000005 29.99998666666667
vertex 0 3.555 29.99998666666667
vertex 2.3710533333333337 3.555 29.99998666666667
endloop
endfacet
facet normal 0 0 1
outer loop
vertex 0 3.7224800000000005 29.99998666666667
vertex 2.3710533333333337 3.555 29.99998666666667
vertex 2.2857333333333334 3.7224800000000005 29.99998666666667
endloop
endfacet
facet normal 0 0 0.9999999999999999
outer loop
vertex 81.62912 3.555 29.99998666666667
vertex 81.53274 3.3922600000000003 29.99998666666667
vertex 84.00017333333334 3.3922600000000003 29.99998666666667
endloop
endfacet
facet normal 0 0 1
outer loop
vertex 81.62912 3.555 29.99998666666667
vertex 84.00017333333334 3.3922600000000003 29.99998666666667
vertex 84.00017333333334 3.555 29.99998666666667
endloop
endfacet
facet normal 0 0 1
outer loop
vertex 0 3.555 29.99998666666667
vertex 0 3.3922600000000003 29.99998666666667
vertex 2.466906666666667 3.3922600000000003 29.99998666666667
endloop
endfacet
facet normal 0 0 1
outer loop
vertex 0 3.555 29.99998666666667
vertex 2.466906666666667 3.3922600000000003 29.99998666666667
vertex 2.3710533333333337 3.555 29.99998666666667
endloop
endfacet
facet normal 0 0 1
outer loop
vertex 81.53274 3.3922600000000003 29.99998666666667
vertex 81.42688000000001 3.2368933333333336 29.99998666666667
vertex 84.00017333333334 3.2368933333333336 29.99998666666667
endloop
endfacet
facet normal 0 0 0.9999999999999999
outer loop
vertex 81.53274 3.3922600000000003 29.99998666666667
vertex 84.00017333333334 3.2368933333333336 29.99998666666667
vertex 84.00017333333334 3.3922600000000003 29.99998666666667
endloop
endfacet
facet normal 0 0 0.9999999999999999
outer loop
vertex 0 3.3922600000000003 29.99998666666667
vertex 0 3.2368933333333336 29.99998666666667
vertex 2.572766666666667 3.2368933333333336 29.99998666666667
endloop
endfacet
facet normal 0 0 1
outer loop
vertex 0 3.3922600000000003 29.99998666666667
vertex 2.572766666666667 3.2368933333333336 29.99998666666667
vertex 2.466906666666667 3.3922600000000003 29.99998666666667
endloop
endfacet
facet normal 0 0 0.9999999999999999
outer loop
vertex 81.42688000000001 3.2368933333333336 29.99998666666667
vertex 81.31154000000001 3.087846666666667 29.99998666666667
vertex 84.00017333333334 3.087846666666667 29.99998666666667
endloop
endfacet
facet normal 0 0 1
outer loop
vertex 81.42688000000001 3.2368933333333336 29.99998666666667
vertex 84.00017333333334 3.087846666666667 29.99998666666667
vertex 84.00017333333334 3.2368933333333336 29.99998666666667
endloop
endfacet
facet normal 0 0 1
outer loop
vertex 0 3.2368933333333336 29.99998666666667
vertex 0 3.087846666666667 29.99998666666667
vertex 2.6886333333333337 3.087846666666667 29.99998666666667
endloop
endfacet
facet normal 0 0 1
outer loop
vertex 0 3.2368933333333336 29.99998666666667
vertex 2.6886333333333337 3.087846666666667 29.99998666666667
vertex 2.572766666666667 3.2368933333333336 29.99998666666667
endloop
endfacet
facet normal 0 0 1
outer loop
vertex 82.89944000000001 3.013586666666667 29.99998666666667
vertex 81.31154000000001 3.087846666666667 29.99998666666667
vertex 81.18672000000001 2.9461733333333338 29.99998666666667
endloop
endfacet
facet normal 0 0 1
outer loop
vertex 82.89944000000001 3.013586666666667 29.99998666666667
vertex 81.18672000000001 2.9461733333333338 29.99998666666667
vertex 83.99806666666667 2.9461733333333338 29.99998666666667
endloop
endfacet
facet normal 0 0 1
outer loop
vertex 82.89944000000001 3.013586666666667 29.99998666666667
vertex 83.99806666666667 2.9461733333333338 29.99998666666667
vertex 84.00017333333334 2.9998933333333335 29.99998666666667
endloop
endfacet
facet normal 0 0 1
outer loop
vertex 82.89944000000001 3.013586666666667 29.99998666666667
vertex 84.00017333333334 2.9998933333333335 29.99998666666667
vertex 84.00017333333334 3.087846666666667 29.99998666666667
endloop
endfacet
facet normal 0 0 1
outer loop
vertex 82.89944000000001 3.013586666666667 29.99998666666667
vertex 84.00017333333334 3.087846666666667 29.99998666666667
vertex 81.31154000000001 3.087846666666667 29.99998666666667
endloop
endfacet
facet normal 0 0 1
outer loop
vertex 1.1007333333333333 3.013586666666667 29.99998666666667
vertex 0 3.087846666666667 29.99998666666667
vertex 0 2.9998933333333335 29.99998666666667
endloop
endfacet
facet normal 0 0 0.9999999999999999
outer loop
vertex 1.1007333333333333 3.013586666666667 29.99998666666667
vertex 0 2.9998933333333335 29.99998666666667
vertex 0.0015800000000000002 2.9461733333333338 29.99998666666667
endloop
endfacet
facet normal 0 0 1
outer loop
vertex 1.1007333333333333 3.013586666666667 29.99998666666667
vertex 0.0015800000000000002 2.9461733333333338 29.99998666666667
vertex 2.812926666666667 2.9461733333333338 29.99998666666667
endloop
endfacet
facet normal 0 0 1
outer loop
vertex 1.1007333333333333 3.013586666666667 29.99998666666667
vertex 2.812926666666667 2.9461733333333338 29.99998666666667
vertex 2.6886333333333337 3.087846666666667 29.99998666666667
endloop
endfacet
facet normal 0 0 1
outer loop
vertex 1.1007333333333333 3.013586666666667 29.99998666666667
vertex 2.6886333333333337 3.087846666666667 29.99998666666667
vertex 0 3.087846666666667 29.99998666666667
endloop
endfacet
facet normal 0 0 1
outer loop
vertex 81.18672000000001 2.9461733333333338 29.99998666666667
vertex 81.05347333333334 2.812926666666667 29.99998666666667
vertex 83.99438 2.812926666666667 29.99998666666667
endloop
endfacet
facet normal 0 0 1
outer loop
vertex 81.18672000000001 2.9461733333333338 29.99998666666667
vertex 83.99438 2.812926666666667 29.99998666666667
vertex 83.99806666666667 2.9461733333333338 29.99998666666667
endloop
endfacet
facet normal 0 0 1
outer loop
vertex 0.0015800000000000002 2.9461733333333338 29.99998666666667
vertex 0.0057933333333333335 2.812926666666667 29.99998666666667
vertex 2.9461733333333338 2.812926666666667 29.99998666666667
endloop
endfacet
facet normal 0 0 0.9999999999999999
outer loop
vertex 0.0015800000000000002 2.9461733333333338 29.99998666666667
vertex 2.9461733333333338 2.812926666666667 29.99998666666667
vertex 2.812926666666667 2.9461733333333338 29.99998666666667
endloop
endfacet
facet normal 0 0 1
outer loop
vertex 82.78726 2.7628933333333334 29.99998666666667
vertex 81.05347333333334 2.812926666666667 29.99998666666667
vertex 80.91232666666667 2.6886333333333337 29.99998666666667
endloop
endfacet
facet normal 0 0 0.9999999999999999
outer loop
vertex 82.78726 2.7628933333333334 29.99998666666667
vertex 80.91232666666667 2.6886333333333337 29.99998666666667
vertex 83.98226666666667 2.6886333333333337 29.99998666666667
endloop
endfacet
facet normal 0 0 0.9999999999999999
outer loop
vertex 82.78726 2.7628933333333334 29.99998666666667
vertex 83.98226666666667 2.6886333333333337 29.99998666666667
vertex 83.99385333333333 2.8118733333333337 29.99998666666667
endloop
endfacet
facet normal 0 0 1
outer loop
vertex 82.78726 2.7628933333333334 29.99998666666667
vertex 83.99385333333333 2.8118733333333337 29.99998666666667
vertex 83.99438 2.812926666666667 29.99998666666667
endloop
endfacet
facet normal 0 0 1
outer loop
vertex 82.78726 2.7628933333333334 29.99998666666667
vertex 83.99438 2.812926666666667 29.99998666666667
vertex 81.05347333333334 2.812926666666667 29.99998666666667
endloop
endfacet
facet normal 0 0 1
outer loop
vertex 1.2123866666666667 2.7628933333333334 29.99998666666667
vertex 0.0057933333333333335 2.812926666666667 29.99998666666667
vertex 0.0057933333333333335 2.8118733333333337 29.99998666666667
endloop
endfacet
facet normal 0 0 1
outer loop
vertex 1.2123866666666667 2.7628933333333334 29.99998666666667
vertex 0.0057933333333333335 2.8118733333333337 29.99998666666667
vertex 0.017380000000000003 2.6886333333333337 29.99998666666667
endloop
endfacet
facet normal 0 0 1
outer loop
vertex 1.2123866666666667 2.7628933333333334 29.99998666666667
vertex 0.017380000000000003 2.6886333333333337 29.99998666666667
vertex 3.087846666666667 2.6886333333333337 29.99998666666667
endloop
endfacet
facet normal 0 0 1
outer loop
vertex 1.2123866666666667 2.7628933333333334 29.99998666666667
vertex 3.087846666666667 2.6886333333333337 29.99998666666667
vertex 2.9461733333333338 2.812926666666667 29.99998666666667
endloop
endfacet
facet normal 0 0 0.9999999999999999
outer loop
vertex 1.2123866666666667 2.7628933333333334 29.99998666666667
vertex 2.9461733333333338 2.812926666666667 29.99998666666667
vertex 0.0057933333333333335 2.812926666666667 29.99998666666667
endloop
endfacet
facet normal 0 0 1
outer loop
vertex 82.72037333333334 2.6291200000000003 29.99998666666667
vertex 80.91232666666667 2.6886333333333337 29.99998666666667
vertex 80.76328000000001 2.572766666666667 29.99998666666667
endloop
endfacet
facet normal 0 0 1
outer loop
vertex 82.72037333333334 2.6291200000000003 29.99998666666667
vertex 80.76328000000001 2.572766666666667 29.99998666666667
vertex 83.96804666666668 2.572766666666667 29.99998666666667
endloop
endfacet
facet normal 0 0 1
outer loop
vertex 82.72037333333334 2.6291200000000003 29.99998666666667
vertex 83.96804666666668 2.572766666666667 29.99998666666667
vertex 83.97647333333335 2.6238533333333334 29.99998666666667
endloop
endfacet
facet normal 0 0 1
outer loop
vertex 82.72037333333334 2.6291200000000003 29.99998666666667
vertex 83.97647333333335 2.6238533333333334 29.99998666666667
vertex 83.98226666666667 2.6886333333333337 29.99998666666667
endloop
endfacet
facet normal 0 0 1
outer loop
vertex 82.72037333333334 2.6291200000000003 29.99998666666667
vertex 83.98226666666667 2.6886333333333337 29.99998666666667
vertex 80.91232666666667 2.6886333333333337 29.99998666666667
endloop
endfacet
facet normal 0 0 1
outer loop
vertex 1.2792733333333335 2.6291200000000003 29.99998666666667
vertex 0.017380000000000003 2.6886333333333337 29.99998666666667
vertex 0.023700000000000002 2.6238533333333334 29.99998666666667
endloop
endfacet
facet normal 0 0 1
outer loop
vertex 1.2792733333333335 2.6291200000000003 29.99998666666667
vertex 0.023700000000000002 2.6238533333333334 29.99998666666667
vertex 0.0316 2.572766666666667 29.99998666666667
endloop
endfacet
facet normal 0 0 1
outer loop
vertex 1.2792733333333335 2.6291200000000003 29.99998666666667
vertex 0.0316 2.572766666666667 29.99998666666667
vertex 3.2368933333333336 2.572766666666667 29.99998666666667
endloop
endfacet
facet normal 0 0 1
outer loop
vertex 1.2792733333333335 2.6291200000000003 29.99998666666667
vertex 3.2368933333333336 2.572766666666667 29.99998666666667
vertex 3.087846666666667 2.6886333333333337 29.99998666666667
endloop
endfacet
facet normal 0 0 1
outer loop
vertex 1.2792733333333335 2.6291200000000003 29.99998666666667
vertex 3.087846666666667 2.6886333333333337 29.99998666666667
vertex 0.017380000000000003 2.6886333333333337 29.99998666666667
endloop
endfacet
facet normal 0 0 1
outer loop
vertex 80.76328000000001 2.572766666666667 29.99998666666667
vertex 80.60738666666667 2.466906666666667 29.99998666666667
vertex 83.95172000000001 2.466906666666667 29.99998666666667
endloop
endfacet
facet normal 0 0 1
outer loop
vertex 80.76328000000001 2.572766666666667 29.99998666666667
vertex 83.95172000000001 2.466906666666667 29.99998666666667
vertex 83.96804666666668 2.572766666666667 29.99998666666667
endloop
endfacet
facet normal 0 0 1
outer loop
vertex 0.0316 2.572766666666667 29.99998666666667
vertex 0.048453333333333334 2.466906666666667 29.99998666666667
vertex 3.3922600000000003 2.466906666666667 29.99998666666667
endloop
endfacet
facet normal 0 0 1
outer loop
vertex 0.0316 2.572766666666667 29.99998666666667
vertex 3.3922600000000003 2.466906666666667 29.99998666666667
vertex 3.2368933333333336 2.572766666666667 29.99998666666667
endloop
endfacet
facet normal 0 0 1
outer loop
vertex 82.57659333333334 2.4226666666666667 29.99998666666667
vertex 80.60738666666667 2.466906666666667 29.99998666666667
vertex 80.44517333333334 2.3710533333333337 29.99998666666667
endloop
endfacet
facet normal 0 0 0.9999999999999999
outer loop
vertex 82.57659333333334 2.4226666666666667 29.99998666666667
vertex 80.44517333333334 2.3710533333333337 29.99998666666667
vertex 83.93170666666667 2.3710533333333337 29.99998666666667
endloop
endfacet
facet normal 0 0 1
outer loop
vertex 82.57659333333334 2.4226666666666667 29.99998666666667
vertex 83.93170666666667 2.3710533333333337 29.99998666666667
vertex 83.94698000000001 2.43794 29.99998666666667
endloop
endfacet
facet normal 0 0 1
outer loop
vertex 82.57659333333334 2.4226666666666667 29.99998666666667
vertex 83.94698000000001 2.43794 29.99998666666667
vertex 83.95172000000001 2.466906666666667 29.99998666666667
endloop
endfacet
facet normal 0 0 1
outer loop
vertex 82.57659333333334 2.4226666666666667 29.99998666666667
vertex 83.95172000000001 2.466906666666667 29.99998666666667
vertex 80.60738666666667 2.466906666666667 29.99998666666667
endloop
endfacet
facet normal 0 0 1
outer loop
vertex 1.42358 2.4226666666666667 29.99998666666667
vertex 0.048453333333333334 2.466906666666667 29.99998666666667
vertex 0.053193333333333336 2.43794 29.99998666666667
endloop
endfacet
facet normal 0 0 1
outer loop
vertex 1.42358 2.4226666666666667 29.99998666666667
vertex 0.053193333333333336 2.43794 29.99998666666667
vertex 0.06794 2.3710533333333337 29.99998666666667
endloop
endfacet
facet normal 0 0 0.9999999999999999
outer loop
vertex 1.42358 2.4226666666666667 29.99998666666667
vertex 0.06794 2.3710533333333337 29.99998666666667
vertex 3.555 2.3710533333333337 29.99998666666667
endloop
endfacet
facet normal 0 0 1
outer loop
vertex 1.42358 2.4226666666666667 29.99998666666667
vertex 3.555 2.3710533333333337 29.99998666666667
vertex 3.3922600000000003 2.466906666666667 29.99998666666667
endloop
endfacet
facet normal 0 0 1
outer loop
vertex 1.42358 2.4226666666666667 29.99998666666667
vertex 3.3922600000000003 2.466906666666667 29.99998666666667
vertex 0.048453333333333334 2.466906666666667 29.99998666666667
endloop
endfacet
facet normal 0 0 1
outer loop
vertex 80.44517333333334 2.3710533333333337 29.99998666666667
vertex 80.27716666666667 2.2857333333333334 29.99998666666667
vertex 83.91274666666668 2.2857333333333334 29.99998666666667
endloop
endfacet
facet normal 0 0 1
outer loop
vertex 80.44517333333334 2.3710533333333337 29.99998666666667
vertex 83.91274666666668 2.2857333333333334 29.99998666666667
vertex 83.93170666666667 2.3710533333333337 29.99998666666667
endloop
endfacet
facet normal 0 0 1
outer loop
vertex 0.06794 2.3710533333333337 29.99998666666667
vertex 0.08742666666666668 2.2857333333333334 29.99998666666667
vertex 3.7224800000000005 2.2857333333333334 29.99998666666667
endloop
endfacet
facet normal 0 0 1
outer loop
vertex 0.06794 2.3710533333333337 29.99998666666667
vertex 3.7224800000000005 2.2857333333333334 29.99998666666667
vertex 3.555 2.3710533333333337 29.99998666666667
endloop
endfacet
facet normal 0 0 1
outer loop
vertex 82.41859333333333 2.2493933333333334 29.99998666666667
vertex 80.27716666666667 2.2857333333333334 29.99998666666667
vertex 80.10442 2.21042 29.99998666666667
endloop
endfacet
facet normal 0 0 1
outer loop
vertex 82.41859333333333 2.2493933333333334 29.99998666666667
vertex 80.10442 2.21042 29.99998666666667
vertex 83.89326000000001 2.21042 29.99998666666667
endloop
endfacet
facet normal 0 0 1
outer loop
vertex 82.41859333333333 2.2493933333333334 29.99998666666667
vertex 83.89326000000001 2.21042 29.99998666666667
vertex 83.9059 2.2541333333333333 29.99998666666667
endloop
endfacet
facet normal 0 0 1
outer loop
vertex 82.41859333333333 2.2493933333333334 29.99998666666667
vertex 83.9059 2.2541333333333333 29.99998666666667
vertex 83.91274666666668 2.2857333333333334 29.99998666666667
endloop
endfacet
facet normal 0 0 1
outer loop
vertex 82.41859333333333 2.2493933333333334 29.99998666666667
vertex 83.91274666666668 2.2857333333333334 29.99998666666667
vertex 80.27716666666667 2.2857333333333334 29.99998666666667
endloop
endfacet
facet normal 0 0 1
outer loop
vertex 1.5815800000000002 2.2493933333333334 29.99998666666667
vertex 0.08742666666666668 2.2857333333333334 29.99998666666667
vertex 0.09427333333333335 2.2541333333333333 29.99998666666667
endloop
endfacet
facet normal 0 0 1
outer loop
vertex 1.5815800000000002 2.2493933333333334 29.99998666666667
vertex 0.09427333333333335 2.2541333333333333 29.99998666666667
vertex 0.10691333333333335 2.21042 29.99998666666667
endloop
endfacet
facet normal 0 0 1
outer loop
vertex 1.5815800000000002 2.2493933333333334 29.99998666666667
vertex 0.10691333333333335 2.21042 29.99998666666667
vertex 3.895753333333334 2.21042 29.99998666666667
endloop
endfacet
facet normal 0 0 1
outer loop
vertex 1.5815800000000002 2.2493933333333334 29.99998666666667
vertex 3.895753333333334 2.21042 29.99998666666667
vertex 3.7224800000000005 2.2857333333333334 29.99998666666667
endloop
endfacet
facet normal 0 0 1
outer loop
vertex 1.5815800000000002 2.2493933333333334 29.99998666666667
vertex 3.7224800000000005 2.2857333333333334 29.99998666666667
vertex 0.08742666666666668 2.2857333333333334 29.99998666666667
endloop
endfacet
facet normal 0 0 1
outer loop
vertex 80.10442 2.21042 29.99998666666667
vertex 79.92693333333334 2.1466933333333333 29.99998666666667
vertex 83.87482666666668 2.1466933333333333 29.99998666666667
endloop
endfacet
facet normal 0 0 0.9999999999999999
outer loop
vertex 80.10442 2.21042 29.99998666666667
vertex 83.87482666666668 2.1466933333333333 29.99998666666667
vertex 83.89326000000001 2.21042 29.99998666666667
endloop
endfacet
facet normal 0 0 1
outer loop
vertex 0.10691333333333335 2.21042 29.99998666666667
vertex 0.1253466666666667 2.1466933333333333 29.99998666666667
vertex 4.072713333333334 2.1466933333333333 29.99998666666667
endloop
endfacet
facet normal 0 0 1
outer loop
vertex 0.10691333333333335 2.21042 29.99998666666667
vertex 4.072713333333334 2.1466933333333333 29.99998666666667
vertex 3.895753333333334 2.21042 29.99998666666667
endloop
endfacet
facet normal 0 0 1
outer loop
vertex 79.92693333333334 2.1466933333333333 29.99998666666667
vertex 79.74628666666668 2.0940266666666667 29.99998666666667
vertex 83.85955333333334 2.0940266666666667 29.99998666666667
endloop
endfacet
facet normal 0 0 1
outer loop
vertex 79.92693333333334 2.1466933333333333 29.99998666666667
vertex 83.85955333333334 2.0940266666666667 29.99998666666667
vertex 83.87482666666668 2.1466933333333333 29.99998666666667
endloop
endfacet
facet normal 0 0 1
outer loop
vertex 0.1253466666666667 2.1466933333333333 29.99998666666667
vertex 0.14062000000000002 2.0940266666666667 29.99998666666667
vertex 4.253886666666667 2.0940266666666667 29.99998666666667
endloop
endfacet
facet normal 0 0 1
outer loop
vertex 0.1253466666666667 2.1466933333333333 29.99998666666667
vertex 4.253886666666667 2.0940266666666667 29.99998666666667
vertex 4.072713333333334 2.1466933333333333 29.99998666666667
endloop
endfacet
facet normal 0 0 1
outer loop
vertex 82.17316666666667 2.0734866666666667 29.99998666666667
vertex 79.74628666666668 2.0940266666666667 29.99998666666667
vertex 79.56195333333334 2.0529466666666667 29.99998666666667
endloop
endfacet
facet normal 0 0 1
outer loop
vertex 82.17316666666667 2.0734866666666667 29.99998666666667
vertex 79.56195333333334 2.0529466666666667 29.99998666666667
vertex 83.84586 2.0529466666666667 29.99998666666667
endloop
endfacet
facet normal 0 0 1
outer loop
vertex 82.17316666666667 2.0734866666666667 29.99998666666667
vertex 83.84586 2.0529466666666667 29.99998666666667
vertex 83.85323333333334 2.07296 29.99998666666667
endloop
endfacet
facet normal 0 0 1
outer loop
vertex 82.17316666666667 2.0734866666666667 29.99998666666667
vertex 83.85323333333334 2.07296 29.99998666666667
vertex 83.85955333333334 2.0940266666666667 29.99998666666667
endloop
endfacet
facet normal 0 0 1
outer loop
vertex 82.17316666666667 2.0734866666666667 29.99998666666667
vertex 83.85955333333334 2.0940266666666667 29.99998666666667
vertex 79.74628666666668 2.0940266666666667 29.99998666666667
endloop
endfacet
facet normal 0 0 1
outer loop
vertex 1.82648 2.0734866666666667 29.99998666666667
vertex 0.14062000000000002 2.0940266666666667 29.99998666666667
vertex 0.14694000000000002 2.07296 29.99998666666667
endloop
endfacet
facet normal 0 0 1
outer loop
vertex 1.82648 2.0734866666666667 29.99998666666667
vertex 0.14694000000000002 2.07296 29.99998666666667
vertex 0.15378666666666668 2.0529466666666667 29.99998666666667
endloop
endfacet
facet normal 0 0 1
outer loop
vertex 1.82648 2.0734866666666667 29.99998666666667
vertex 0.15378666666666668 2.0529466666666667 29.99998666666667
vertex 4.437693333333334 2.0529466666666667 29.99998666666667
endloop
endfacet
facet normal 0 0 1
outer loop
vertex 1.82648 2.0734866666666667 29.99998666666667
vertex 4.437693333333334 2.0529466666666667 29.99998666666667
vertex 4.253886666666667 2.0940266666666667 29.99998666666667
endloop
endfacet
facet normal 0 0 1
outer loop
vertex 1.82648 2.0734866666666667 29.99998666666667
vertex 4.253886666666667 2.0940266666666667 29.99998666666667
vertex 0.14062000000000002 2.0940266666666667 29.99998666666667
endloop
endfacet
facet normal 0 0 1
outer loop
vertex 79.56195333333334 2.0529466666666667 29.99998666666667
vertex 79.37604 2.0234533333333333 29.99998666666667
vertex 83.83532666666667 2.0234533333333333 29.99998666666667
endloop
endfacet
facet normal 0 0 1
outer loop
vertex 79.56195333333334 2.0529466666666667 29.99998666666667
vertex 83.83532666666667 2.0234533333333333 29.99998666666667
vertex 83.84586 2.0529466666666667 29.99998666666667
endloop
endfacet
facet normal 0 0 1
outer loop
vertex 0.15378666666666668 2.0529466666666667 29.99998666666667
vertex 0.16432000000000002 2.0234533333333333 29.99998666666667
vertex 4.624133333333334 2.0234533333333333 29.99998666666667
endloop
endfacet
facet normal 0 0 1
outer loop
vertex 0.15378666666666668 2.0529466666666667 29.99998666666667
vertex 4.624133333333334 2.0234533333333333 29.99998666666667
vertex 4.437693333333334 2.0529466666666667 29.99998666666667
endloop
endfacet
facet normal 0 0 1
outer loop
vertex 79.37604 2.0234533333333333 29.99998666666667
vertex 79.18854666666667 2.0060733333333336 29.99998666666667
vertex 83.82900666666667 2.0060733333333336 29.99998666666667
endloop
endfacet
facet normal 0 0 0.9999999999999999
outer loop
vertex 79.37604 2.0234533333333333 29.99998666666667
vertex 83.82900666666667 2.0060733333333336 29.99998666666667
vertex 83.83532666666667 2.0234533333333333 29.99998666666667
endloop
endfacet
facet normal 0 0 1
outer loop
vertex 0.16432000000000002 2.0234533333333333 29.99998666666667
vertex 0.1711666666666667 2.0060733333333336 29.99998666666667
vertex 4.811626666666667 2.0060733333333336 29.99998666666667
endloop
endfacet
facet normal 0 0 1
outer loop
vertex 0.16432000000000002 2.0234533333333333 29.99998666666667
vertex 4.811626666666667 2.0060733333333336 29.99998666666667
vertex 4.624133333333334 2.0234533333333333 29.99998666666667
endloop
endfacet
facet normal 0 0 1
outer loop
vertex 79.18854666666667 2.0060733333333336 29.99998666666667
vertex 79 1.9997533333333335 29.99998666666667
vertex 83.82690000000001 1.9997533333333335 29.99998666666667
endloop
endfacet
facet normal 0 0 0.9999999999999999
outer loop
vertex 79.18854666666667 2.0060733333333336 29.99998666666667
vertex 83.82690000000001 1.9997533333333335 29.99998666666667
vertex 83.82900666666667 2.0060733333333336 29.99998666666667
endloop
endfacet
facet normal 0 0 1
outer loop
vertex 0.1711666666666667 2.0060733333333336 29.99998666666667
vertex 0.17327333333333333 1.9997533333333335 29.99998666666667
vertex 5.000173333333334 1.9997533333333335 29.99998666666667
endloop
endfacet
facet normal 0 0 1
outer loop
vertex 0.1711666666666667 2.0060733333333336 29.99998666666667
vertex 5.000173333333334 1.9997533333333335 29.99998666666667
vertex 4.811626666666667 2.0060733333333336 29.99998666666667
endloop
endfacet
facet normal 0 0 1
outer loop
vertex 42.00008666666667 0.7984266666666667 29.99998666666667
vertex 79 1.9997533333333335 29.99998666666667
vertex 5.000173333333334 1.9997533333333335 29.99998666666667
endloop
endfacet
facet normal 0 0 1
outer loop
vertex 42.00008666666667 0.7984266666666667 29.99998666666667
vertex 5.000173333333334 1.9997533333333335 29.99998666666667
vertex 0.17327333333333333 1.9997533333333335 29.99998666666667
endloop
endfacet
facet normal 0 0 1
outer loop
vertex 42.00008666666667 0.7984266666666667 29.99998666666667
vertex 0.17327333333333333 1.9997533333333335 29.99998666666667
vertex 0.2106666666666667 1.8954733333333336 29.99998666666667
endloop
endfacet
facet normal 0 0 0.9999999999999999
outer loop
vertex 42.00008666666667 0.7984266666666667 29.99998666666667
vertex 0.2106666666666667 1.8954733333333336 29.99998666666667
vertex 0.28545333333333334 1.7227266666666667 29.99998666666667
endloop
endfacet
facet normal 0 0 1
outer loop
vertex 42.00008666666667 0.7984266666666667 29.99998666666667
vertex 0.28545333333333334 1.7227266666666667 29.99998666666667
vertex 0.3713 1.55472 29.99998666666667
endloop
endfacet
facet normal 0 0 1
outer loop
vertex 42.00008666666667 0.7984266666666667 29.99998666666667
vertex 0.3713 1.55472 29.99998666666667
vertex 0.46715333333333336 1.3925066666666668 29.99998666666667
endloop
endfacet
facet normal 0 0 0.9999999999999999
outer loop
vertex 42.00008666666667 0.7984266666666667 29.99998666666667
vertex 0.46715333333333336 1.3925066666666668 29.99998666666667
vertex 0.5730133333333334 1.2366133333333333 29.99998666666667
endloop
endfacet
facet normal 0 0 1
outer loop
vertex 42.00008666666667 0.7984266666666667 29.99998666666667
vertex 0.5730133333333334 1.2366133333333333 29.99998666666667
vertex 0.6883533333333334 1.0875666666666668 29.99998666666667
endloop
endfacet
facet normal 0 0 1
outer loop
vertex 42.00008666666667 0.7984266666666667 29.99998666666667
vertex 0.6883533333333334 1.0875666666666668 29.99998666666667
vertex 0.8131733333333334 0.94642 29.99998666666667
endloop
endfacet
facet normal 0 0 1
outer loop
vertex 42.00008666666667 0.7984266666666667 29.99998666666667
vertex 0.8131733333333334 0.94642 29.99998666666667
vertex 0.94642 0.8131733333333334 29.99998666666667
endloop
endfacet
facet normal 0 0 1
outer loop
vertex 42.00008666666667 0.7984266666666667 29.99998666666667
vertex 0.94642 0.8131733333333334 29.99998666666667
vertex 1.0875666666666668 0.6883533333333334 29.99998666666667
endloop
endfacet
facet normal 0 0 1
outer loop
vertex 42.00008666666667 0.7984266666666667 29.99998666666667
vertex 1.0875666666666668 0.6883533333333334 29.99998666666667
vertex 1.2366133333333333 0.5730133333333334 29.99998666666667
endloop
endfacet
facet normal 0 0 1
outer loop
vertex 42.00008666666667 0.7984266666666667 29.99998666666667
vertex 1.2366133333333333 0.5730133333333334 29.99998666666667
vertex 1.3925066666666668 0.46715333333333336 29.99998666666667
endloop
endfacet
facet normal 0 0 1
outer loop
vertex 42.00008666666667 0.7984266666666667 29.99998666666667
vertex 1.3925066666666668 0.46715333333333336 29.99998666666667
vertex 1.55472 0.3713 29.99998666666667
endloop
endfacet
facet normal 0 0 1
outer loop
vertex 42.00008666666667 0.7984266666666667 29.99998666666667
vertex 1.55472 0.3713 29.99998666666667
vertex 1.7227266666666667 0.28545333333333334 29.99998666666667
endloop
endfacet
facet normal 0 0 1
outer loop
vertex 42.00008666666667 0.7984266666666667 29.99998666666667
vertex 1.7227266666666667 0.28545333333333334 29.99998666666667
vertex 1.8954733333333336 0.2106666666666667 29.99998666666667
endloop
endfacet
facet normal 0 0 1
outer loop
vertex 42.00008666666667 0.7984266666666667 29.99998666666667
vertex 1.8954733333333336 0.2106666666666667 29.99998666666667
vertex 2.07296 0.14694000000000002 29.99998666666667
endloop
endfacet
facet normal 0 0 1
outer loop
vertex 42.00008666666667 0.7984266666666667 29.99998666666667
vertex 2.07296 0.14694000000000002 29.99998666666667
vertex 2.2541333333333333 0.09427333333333335 29.99998666666667
endloop
endfacet
facet normal 0 0 1
outer loop
vertex 42.00008666666667 0.7984266666666667 29.99998666666667
vertex 2.2541333333333333 0.09427333333333335 29.99998666666667
vertex 2.43794 0.053193333333333336 29.99998666666667
endloop
endfacet
facet normal 0 0 1
outer loop
vertex 42.00008666666667 0.7984266666666667 29.99998666666667
vertex 2.43794 0.053193333333333336 29.99998666666667
vertex 2.6238533333333334 0.023700000000000002 29.99998666666667
endloop
endfacet
facet normal 0 0 0.9999999999999999
outer loop
vertex 42.00008666666667 0.7984266666666667 29.99998666666667
vertex 2.6238533333333334 0.023700000000000002 29.99998666666667
vertex 2.8118733333333337 0.0057933333333333335 29.99998666666667
endloop
endfacet
facet normal 0 0 1
outer loop
vertex 42.00008666666667 0.7984266666666667 29.99998666666667
vertex 2.8118733333333337 0.0057933333333333335 29.99998666666667
vertex 2.9998933333333335 0 29.99998666666667
endloop
endfacet
facet normal 0 0 1
outer loop
vertex 42.00008666666667 0.7984266666666667 29.99998666666667
vertex 2.9998933333333335 0 29.99998666666667
vertex 80.99975333333335 0 29.99998666666667
endloop
endfacet
facet normal 0 0 1
outer loop
vertex 42.00008666666667 0.7984266666666667 29.99998666666667
vertex 80.99975333333335 0 29.99998666666667
vertex 81.18830000000001 0.0057933333333333335 29.99998666666667
endloop
endfacet
facet normal 0 0 1
outer loop
vertex 42.00008666666667 0.7984266666666667 29.99998666666667
vertex 81.18830000000001 0.0057933333333333335 29.99998666666667
vertex 81.37579333333333 0.023700000000000002 29.99998666666667
endloop
endfacet
facet normal 0 0 1
outer loop
vertex 42.00008666666667 0.7984266666666667 29.99998666666667
vertex 81.37579333333333 0.023700000000000002 29.99998666666667
vertex 81.56223333333334 0.053193333333333336 29.99998666666667
endloop
endfacet
facet normal 0 0 1
outer loop
vertex 42.00008666666667 0.7984266666666667 29.99998666666667
vertex 81.56223333333334 0.053193333333333336 29.99998666666667
vertex 81.74604000000001 0.09427333333333335 29.99998666666667
endloop
endfacet
facet normal 0 0 1
outer loop
vertex 42.00008666666667 0.7984266666666667 29.99998666666667
vertex 81.74604000000001 0.09427333333333335 29.99998666666667
vertex 81.92721333333334 0.14694000000000002 29.99998666666667
endloop
endfacet
facet normal 0 0 1
outer loop
vertex 42.00008666666667 0.7984266666666667 29.99998666666667
vertex 81.92721333333334 0.14694000000000002 29.99998666666667
vertex 82.10417333333334 0.2106666666666667 29.99998666666667
endloop
endfacet
facet normal 0 0 1
outer loop
vertex 42.00008666666667 0.7984266666666667 29.99998666666667
vertex 82.10417333333334 0.2106666666666667 29.99998666666667
vertex 82.27744666666668 0.28545333333333334 29.99998666666667
endloop
endfacet
facet normal 0 0 0.9999999999999999
outer loop
vertex 42.00008666666667 0.7984266666666667 29.99998666666667
vertex 82.27744666666668 0.28545333333333334 29.99998666666667
vertex 82.44545333333335 0.3713 29.99998666666667
endloop
endfacet
facet normal 0 0 1
outer loop
vertex 42.00008666666667 0.7984266666666667 29.99998666666667
vertex 82.44545333333335 0.3713 29.99998666666667
vertex 82.60766666666667 0.46715333333333336 29.99998666666667
endloop
endfacet
facet normal 0 0 1
outer loop
vertex 42.00008666666667 0.7984266666666667 29.99998666666667
vertex 82.60766666666667 0.46715333333333336 29.99998666666667
vertex 82.76356000000001 0.5730133333333334 29.99998666666667
endloop
endfacet
facet normal 0 0 1
outer loop
vertex 42.00008666666667 0.7984266666666667 29.99998666666667
vertex 82.76356000000001 0.5730133333333334 29.99998666666667
vertex 82.91208 0.6883533333333334 29.99998666666667
endloop
endfacet
facet normal 0 0 1
outer loop
vertex 42.00008666666667 0.7984266666666667 29.99998666666667
vertex 82.91208 0.6883533333333334 29.99998666666667
vertex 83.05375333333335 0.8131733333333334 29.99998666666667
endloop
endfacet
facet normal 0 0 0.9999999999999999
outer loop
vertex 42.00008666666667 0.7984266666666667 29.99998666666667
vertex 83.05375333333335 0.8131733333333334 29.99998666666667
vertex 83.18700000000001 0.94642 29.99998666666667
endloop
endfacet
facet normal 0 0 1
outer loop
vertex 42.00008666666667 0.7984266666666667 29.99998666666667
vertex 83.18700000000001 0.94642 29.99998666666667
vertex 83.31129333333334 1.0875666666666668 29.99998666666667
endloop
endfacet
facet normal 0 0 1
outer loop
vertex 42.00008666666667 0.7984266666666667 29.99998666666667
vertex 83.31129333333334 1.0875666666666668 29.99998666666667
vertex 83.42716 1.2366133333333333 29.99998666666667
endloop
endfacet
facet normal 0 0 1
outer loop
vertex 42.00008666666667 0.7984266666666667 29.99998666666667
vertex 83.42716 1.2366133333333333 29.99998666666667
vertex 83.53302000000001 1.3925066666666668 29.99998666666667
endloop
endfacet
facet normal 0 0 1
outer loop
vertex 42.00008666666667 0.7984266666666667 29.99998666666667
vertex 83.53302000000001 1.3925066666666668 29.99998666666667
vertex 83.62887333333335 1.55472 29.99998666666667
endloop
endfacet
facet normal 0 0 1
outer loop
vertex 42.00008666666667 0.7984266666666667 29.99998666666667
vertex 83.62887333333335 1.55472 29.99998666666667
vertex 83.71472000000001 1.7227266666666667 29.99998666666667
endloop
endfacet
facet normal 0 0 0.9999999999999999
outer loop
vertex 42.00008666666667 0.7984266666666667 29.99998666666667
vertex 83.71472000000001 1.7227266666666667 29.99998666666667
vertex 83.78950666666667 1.8954733333333336 29.99998666666667
endloop
endfacet
facet normal 0 0 1
outer loop
vertex 42.00008666666667 0.7984266666666667 29.99998666666667
vertex 83.78950666666667 1.8954733333333336 29.99998666666667
vertex 83.82690000000001 1.9997533333333335 29.99998666666667
endloop
endfacet
facet normal 0 0 1
outer loop
vertex 42.00008666666667 0.7984266666666667 29.99998666666667
vertex 83.82690000000001 1.9997533333333335 29.99998666666667
vertex 79 1.9997533333333335 29.99998666666667
endloop
endfacet
facet normal 0 -0.09804090975306971 0.9951823853017047
outer loop
vertex 84.00017333333334 22.780440000000002 5.077066666666667
vertex 81.99989333333335 22.780440000000002 5.077066666666667
vertex 81.99989333333335 21.999920000000003 5.000173333333334
endloop
endfacet
facet normal 0 -0.09804090975306971 0.9951823853017047
outer loop
vertex 84.00017333333334 22.780440000000002 5.077066666666667
vertex 81.99989333333335 21.999920000000003 5.000173333333334
vertex 84.00017333333334 21.999920000000003 5.000173333333334
endloop
endfacet
facet normal 0 -0.29011922788039 0.9569905086332289
outer loop
vertex 84.00017333333334 23.53094 5.304586666666667
vertex 81.99989333333335 23.53094 5.304586666666667
vertex 81.99989333333335 22.780440000000002 5.077066666666667
endloop
endfacet
facet normal 0 -0.29011922788039 0.9569905086332289
outer loop
vertex 84.00017333333334 23.53094 5.304586666666667
vertex 81.99989333333335 22.780440000000002 5.077066666666667
vertex 84.00017333333334 22.780440000000002 5.077066666666667
endloop
endfacet
facet normal 0 -0.4714943583313042 0.881869077619661
outer loop
vertex 84.00017333333334 24.222453333333334 5.674306666666667
vertex 81.99989333333335 24.222453333333334 5.674306666666667
vertex 81.99989333333335 23.53094 5.304586666666667
endloop
endfacet
facet normal 0 -0.4714943583313042 0.881869077619661
outer loop
vertex 84.00017333333334 24.222453333333334 5.674306666666667
vertex 81.99989333333335 23.53094 5.304586666666667
vertex 84.00017333333334 23.53094 5.304586666666667
endloop
endfacet
facet normal 0 -0.6341518879897842 0.7732084990214425
outer loop
vertex 84.00017333333334 24.828646666666668 6.171480000000001
vertex 81.99989333333335 24.828646666666668 6.171480000000001
vertex 81.99989333333335 24.222453333333334 5.674306666666667
endloop
endfacet
facet normal 0 -0.6341518879897842 0.7732084990214425
outer loop
vertex 84.00017333333334 24.828646666666668 6.171480000000001
vertex 81.99989333333335 24.222453333333334 5.674306666666667
vertex 84.00017333333334 24.222453333333334 5.674306666666667
endloop
endfacet
facet normal 0 -0.7732084990214408 0.6341518879897863
outer loop
vertex 84.00017333333334 25.325820000000004 6.777673333333334
vertex 81.99989333333335 25.325820000000004 6.777673333333334
vertex 81.99989333333335 24.828646666666668 6.171480000000001
endloop
endfacet
facet normal 0 -0.7732084990214408 0.6341518879897863
outer loop
vertex 84.00017333333334 25.325820000000004 6.777673333333334
vertex 81.99989333333335 24.828646666666668 6.171480000000001
vertex 84.00017333333334 24.828646666666668 6.171480000000001
endloop
endfacet
facet normal 0 -0.8818690776196625 0.4714943583313016
outer loop
vertex 84.00017333333334 25.69554 7.469186666666667
vertex 81.99989333333335 25.69554 7.469186666666667
vertex 81.99989333333335 25.325820000000004 6.777673333333334
endloop
endfacet
facet normal 0 -0.8818690776196625 0.4714943583313016
outer loop
vertex 84.00017333333334 25.69554 7.469186666666667
vertex 81.99989333333335 25.325820000000004 6.777673333333334
vertex 84.00017333333334 25.325820000000004 6.777673333333334
endloop
endfacet
facet normal 0 -0.9569905086332284 0.29011922788039146
outer loop
vertex 84.00017333333334 25.923060000000003 8.219686666666668
vertex 81.99989333333335 25.923060000000003 8.219686666666668
vertex 81.99989333333335 25.69554 7.469186666666667
endloop
endfacet
facet normal 0 -0.9569905086332284 0.29011922788039146
outer loop
vertex 84.00017333333334 25.923060000000003 8.219686666666668
vertex 81.99989333333335 25.69554 7.469186666666667
vertex 84.00017333333334 25.69554 7.469186666666667
endloop
endfacet
facet normal 0 -0.995182385301705 0.09804090975306635
outer loop
vertex 84.00017333333334 25.999953333333334 9.000206666666667
vertex 81.99989333333335 25.999953333333334 9.000206666666667
vertex 81.99989333333335 25.923060000000003 8.219686666666668
endloop
endfacet
facet normal 0 -0.995182385301705 0.09804090975306635
outer loop
vertex 84.00017333333334 25.999953333333334 9.000206666666667
vertex 81.99989333333335 25.923060000000003 8.219686666666668
vertex 84.00017333333334 25.923060000000003 8.219686666666668
endloop
endfacet
facet normal 0 -0.995175924228601 -0.09810647193610464
outer loop
vertex 84.00017333333334 25.923060000000003 9.7802
vertex 81.99989333333335 25.923060000000003 9.7802
vertex 81.99989333333335 25.999953333333334 9.000206666666667
endloop
endfacet
facet normal 0 -0.995175924228601 -0.09810647193610464
outer loop
vertex 84.00017333333334 25.923060000000003 9.7802
vertex 81.99989333333335 25.999953333333334 9.000206666666667
vertex 84.00017333333334 25.999953333333334 9.000206666666667
endloop
endfacet
facet normal 0 -0.9569905086332284 -0.29011922788039146
outer loop
vertex 84.00017333333334 25.69554 10.530700000000001
vertex 81.99989333333335 25.69554 10.530700000000001
vertex 81.99989333333335 25.923060000000003 9.7802
endloop
endfacet
facet normal 0 -0.9569905086332284 -0.29011922788039146
outer loop
vertex 84.00017333333334 25.69554 10.530700000000001
vertex 81.99989333333335 25.923060000000003 9.7802
vertex 84.00017333333334 25.923060000000003 9.7802
endloop
endfacet
facet normal 0 -0.8818690776196625 -0.4714943583313016
outer loop
vertex 84.00017333333334 25.325820000000004 11.222213333333334
vertex 81.99989333333335 25.325820000000004 11.222213333333334
vertex 81.99989333333335 25.69554 10.530700000000001
endloop
endfacet
facet normal 0 -0.8818690776196625 -0.4714943583313016
outer loop
vertex 84.00017333333334 25.325820000000004 11.222213333333334
vertex 81.99989333333335 25.69554 10.530700000000001
vertex 84.00017333333334 25.69554 10.530700000000001
endloop
endfacet
facet normal 0 -0.7732084990214408 -0.6341518879897863
outer loop
vertex 84.00017333333334 24.828646666666668 11.828406666666668
vertex 81.99989333333335 24.828646666666668 11.828406666666668
vertex 81.99989333333335 25.325820000000004 11.222213333333334
endloop
endfacet
facet normal 0 -0.7732084990214408 -0.6341518879897863
outer loop
vertex 84.00017333333334 24.828646666666668 11.828406666666668
vertex 81.99989333333335 25.325820000000004 11.222213333333334
vertex 84.00017333333334 25.325820000000004 11.222213333333334
endloop
endfacet
facet normal 0 -0.63455325070564 -0.772879144510256
outer loop
vertex 84.00017333333334 24.222453333333334 12.326106666666668
vertex 81.99989333333335 24.222453333333334 12.326106666666668
vertex 81.99989333333335 24.828646666666668 11.828406666666668
endloop
endfacet
facet normal 0 -0.63455325070564 -0.772879144510256
outer loop
vertex 84.00017333333334 24.222453333333334 12.326106666666668
vertex 81.99989333333335 24.828646666666668 11.828406666666668
vertex 84.00017333333334 24.828646666666668 11.828406666666668
endloop
endfacet
facet normal 0 -0.47097177701840626 -0.8821482784952452
outer loop
vertex 84.00017333333334 23.53094 12.695300000000001
vertex 81.99989333333335 23.53094 12.695300000000001
vertex 81.99989333333335 24.222453333333334 12.326106666666668
endloop
endfacet
facet normal 0 -0.47097177701840626 -0.8821482784952452
outer loop
vertex 84.00017333333334 23.53094 12.695300000000001
vertex 81.99989333333335 24.222453333333334 12.326106666666668
vertex 84.00017333333334 24.222453333333334 12.326106666666668
endloop
endfacet
facet normal 0 -0.2907340946574979 -0.956803891193846
outer loop
vertex 84.00017333333334 22.780440000000002 12.923346666666667
vertex 81.99989333333335 22.780440000000002 12.923346666666667
vertex 81.99989333333335 23.53094 12.695300000000001
endloop
endfacet
facet normal 0 -0.2907340946574979 -0.956803891193846
outer loop
vertex 84.00017333333334 22.780440000000002 12.923346666666667
vertex 81.99989333333335 23.53094 12.695300000000001
vertex 84.00017333333334 23.53094 12.695300000000001
endloop
endfacet
facet normal 0 -0.09804090975307082 -0.9951823853017044
outer loop
vertex 84.00017333333334 21.999920000000003 13.000240000000002
vertex 81.99989333333335 21.999920000000003 13.000240000000002
vertex 81.99989333333335 22.780440000000002 12.923346666666667
endloop
endfacet
facet normal 0 -0.09804090975307082 -0.9951823853017044
outer loop
vertex 84.00017333333334 21.999920000000003 13.000240000000002
vertex 81.99989333333335 22.780440000000002 12.923346666666667
vertex 84.00017333333334 22.780440000000002 12.923346666666667
endloop
endfacet
facet normal 0 0.09804090975307038 -0.9951823853017044
outer loop
vertex 84.00017333333334 21.2194 12.923346666666667
vertex 81.99989333333335 21.2194 12.923346666666667
vertex 81.99989333333335 21.999920000000003 13.000240000000002
endloop
endfacet
facet normal 0 0.09804090975307038 -0.9951823853017044
outer loop
vertex 84.00017333333334 21.2194 12.923346666666667
vertex 81.99989333333335 21.999920000000003 13.000240000000002
vertex 84.00017333333334 21.999920000000003 13.000240000000002
endloop
endfacet
facet normal 0 0.2909209877136473 -0.9567470819959244
outer loop
vertex 84.00017333333334 20.469426666666667 12.695300000000001
vertex 81.99989333333335 20.469426666666667 12.695300000000001
vertex 81.99989333333335 21.2194 12.923346666666667
endloop
endfacet
facet normal 0 0.2909209877136473 -0.9567470819959244
outer loop
vertex 84.00017333333334 20.469426666666667 12.695300000000001
vertex 81.99989333333335 21.2194 12.923346666666667
vertex 84.00017333333334 21.2194 12.923346666666667
endloop
endfacet
facet normal 0 0.47097177701840626 -0.8821482784952452
outer loop
vertex 84.00017333333334 19.777913333333334 12.326106666666668
vertex 81.99989333333335 19.777913333333334 12.326106666666668
vertex 81.99989333333335 20.469426666666667 12.695300000000001
endloop
endfacet
facet normal 0 0.47097177701840626 -0.8821482784952452
outer loop
vertex 84.00017333333334 19.777913333333334 12.326106666666668
vertex 81.99989333333335 20.469426666666667 12.695300000000001
vertex 84.00017333333334 20.469426666666667 12.695300000000001
endloop
endfacet
facet normal 0 0.63455325070564 -0.772879144510256
outer loop
vertex 84.00017333333334 19.17172 11.828406666666668
vertex 81.99989333333335 19.17172 11.828406666666668
vertex 81.99989333333335 19.777913333333334 12.326106666666668
endloop
endfacet
facet normal 0 0.63455325070564 -0.772879144510256
outer loop
vertex 84.00017333333334 19.17172 11.828406666666668
vertex 81.99989333333335 19.777913333333334 12.326106666666668
vertex 84.00017333333334 19.777913333333334 12.326106666666668
endloop
endfacet
facet normal 0 0.7728791445102572 -0.6345532507056387
outer loop
vertex 84.00017333333334 18.674020000000002 11.222213333333334
vertex 81.99989333333335 18.674020000000002 11.222213333333334
vertex 81.99989333333335 19.17172 11.828406666666668
endloop
endfacet
facet normal 0 0.7728791445102572 -0.6345532507056387
outer loop
vertex 84.00017333333334 18.674020000000002 11.222213333333334
vertex 81.99989333333335 19.17172 11.828406666666668
vertex 84.00017333333334 19.17172 11.828406666666668
endloop
endfacet
facet normal 0 0.8818690776196605 -0.4714943583313051
outer loop
vertex 84.00017333333334 18.3043 10.530700000000001
vertex 81.99989333333335 18.3043 10.530700000000001
vertex 81.99989333333335 18.674020000000002 11.222213333333334
endloop
endfacet
facet normal 0 0.8818690776196605 -0.4714943583313051
outer loop
vertex 84.00017333333334 18.3043 10.530700000000001
vertex 81.99989333333335 18.674020000000002 11.222213333333334
vertex 84.00017333333334 18.674020000000002 11.222213333333334
endloop
endfacet
facet normal 0 0.9569905086332298 -0.29011922788038735
outer loop
vertex 84.00017333333334 18.076780000000003 9.7802
vertex 81.99989333333335 18.076780000000003 9.7802
vertex 81.99989333333335 18.3043 10.530700000000001
endloop
endfacet
facet normal 0 0.9569905086332298 -0.29011922788038735
outer loop
vertex 84.00017333333334 18.076780000000003 9.7802
vertex 81.99989333333335 18.3043 10.530700000000001
vertex 84.00017333333334 18.3043 10.530700000000001
endloop
endfacet
facet normal 0 0.9951759242286007 -0.09810647193610914
outer loop
vertex 84.00017333333334 17.99988666666667 9.000206666666667
vertex 81.99989333333335 17.99988666666667 9.000206666666667
vertex 81.99989333333335 18.076780000000003 9.7802
endloop
endfacet
facet normal 0 0.9951759242286007 -0.09810647193610914
outer loop
vertex 84.00017333333334 17.99988666666667 9.000206666666667
vertex 81.99989333333335 18.076780000000003 9.7802
vertex 84.00017333333334 18.076780000000003 9.7802
endloop
endfacet
facet normal 0 0.9951823853017044 0.09804090975307082
outer loop
vertex 84.00017333333334 18.076780000000003 8.219686666666668
vertex 81.99989333333335 18.076780000000003 8.219686666666668
vertex 81.99989333333335 17.99988666666667 9.000206666666667
endloop
endfacet
facet normal 0 0.9951823853017044 0.09804090975307082
outer loop
vertex 84.00017333333334 18.076780000000003 8.219686666666668
vertex 81.99989333333335 17.99988666666667 9.000206666666667
vertex 84.00017333333334 17.99988666666667 9.000206666666667
endloop
endfacet
facet normal 0 0.9569905086332298 0.29011922788038735
outer loop
vertex 84.00017333333334 18.3043 7.469186666666667
vertex 81.99989333333335 18.3043 7.469186666666667
vertex 81.99989333333335 18.076780000000003 8.219686666666668
endloop
endfacet
facet normal 0 0.9569905086332298 0.29011922788038735
outer loop
vertex 84.00017333333334 18.3043 7.469186666666667
vertex 81.99989333333335 18.076780000000003 8.219686666666668
vertex 84.00017333333334 18.076780000000003 8.219686666666668
endloop
endfacet
facet normal 0 0.8818690776196605 0.4714943583313051
outer loop
vertex 84.00017333333334 18.674020000000002 6.777673333333334
vertex 81.99989333333335 18.674020000000002 6.777673333333334
vertex 81.99989333333335 18.3043 7.469186666666667
endloop
endfacet
facet normal 0 0.8818690776196605 0.4714943583313051
outer loop
vertex 84.00017333333334 18.674020000000002 6.777673333333334
vertex 81.99989333333335 18.3043 7.469186666666667
vertex 84.00017333333334 18.3043 7.469186666666667
endloop
endfacet
facet normal 0 0.7728791445102572 0.6345532507056387
outer loop
vertex 84.00017333333334 19.17172 6.171480000000001
vertex 81.99989333333335 19.17172 6.171480000000001
vertex 81.99989333333335 18.674020000000002 6.777673333333334
endloop
endfacet
facet normal 0 0.7728791445102572 0.6345532507056387
outer loop
vertex 84.00017333333334 19.17172 6.171480000000001
vertex 81.99989333333335 18.674020000000002 6.777673333333334
vertex 84.00017333333334 18.674020000000002 6.777673333333334
endloop
endfacet
facet normal 0 0.6341518879897842 0.7732084990214425
outer loop
vertex 84.00017333333334 19.777913333333334 5.674306666666667
vertex 81.99989333333335 19.777913333333334 5.674306666666667
vertex 81.99989333333335 19.17172 6.171480000000001
endloop
endfacet
facet normal 0 0.6341518879897842 0.7732084990214425
outer loop
vertex 84.00017333333334 19.777913333333334 5.674306666666667
vertex 81.99989333333335 19.17172 6.171480000000001
vertex 84.00017333333334 19.17172 6.171480000000001
endloop
endfacet
facet normal 0 0.4714943583313042 0.881869077619661
outer loop
vertex 84.00017333333334 20.469426666666667 5.304586666666667
vertex 81.99989333333335 20.469426666666667 5.304586666666667
vertex 81.99989333333335 19.777913333333334 5.674306666666667
endloop
endfacet
facet normal 0 0.4714943583313042 0.881869077619661
outer loop
vertex 84.00017333333334 20.469426666666667 5.304586666666667
vertex 81.99989333333335 19.777913333333334 5.674306666666667
vertex 84.00017333333334 19.777913333333334 5.674306666666667
endloop
endfacet
facet normal 0 0.29030579850805416 0.956933928415437
outer loop
vertex 84.00017333333334 21.2194 5.077066666666667
vertex 81.99989333333335 21.2194 5.077066666666667
vertex 81.99989333333335 20.469426666666667 5.304586666666667
endloop
endfacet
facet normal 0 0.29030579850805416 0.956933928415437
outer loop
vertex 84.00017333333334 21.2194 5.077066666666667
vertex 81.99989333333335 20.469426666666667 5.304586666666667
vertex 84.00017333333334 20.469426666666667 5.304586666666667
endloop
endfacet
facet normal 0 0.09804090975306927 0.9951823853017047
outer loop
vertex 84.00017333333334 21.999920000000003 5.000173333333334
vertex 81.99989333333335 21.999920000000003 5.000173333333334
vertex 81.99989333333335 21.2194 5.077066666666667
endloop
endfacet
facet normal 0 0.09804090975306927 0.9951823853017047
outer loop
vertex 84.00017333333334 21.999920000000003 5.000173333333334
vertex 81.99989333333335 21.2194 5.077066666666667
vertex 84.00017333333334 21.2194 5.077066666666667
endloop
endfacet
facet normal 0 1 0
outer loop
vertex 1.9997533333333335 11.499766666666668 13.999853333333334
vertex 1.9997533333333335 11.499766666666668 4.0000333333333336
vertex 0 11.499766666666668 4.0000333333333336
endloop
endfacet
facet normal 0 1 0
outer loop
vertex 1.9997533333333335 11.499766666666668 13.999853333333334
vertex 0 11.499766666666668 4.0000333333333336
vertex 0 11.499766666666668 13.999853333333334
endloop
endfacet
facet normal 0 -1 0
outer loop
vertex 0 32.50007333333333 13.999853333333334
vertex 0 32.50007333333333 4.0000333333333336
vertex 1.9997533333333335 32.50007333333333 4.0000333333333336
endloop
endfacet
facet normal 0 -1 0
outer loop
vertex 0 32.50007333333333 13.999853333333334
vertex 1.9997533333333335 32.50007333333333 4.0000333333333336
vertex 1.9997533333333335 32.50007333333333 13.999853333333334
endloop
endfacet
facet normal 0 0 1
outer loop
vertex 0 32.50007333333333 4.0000333333333336
vertex 0 11.499766666666668 4.0000333333333336
vertex 1.9997533333333335 11.499766666666668 4.0000333333333336
endloop
endfacet
facet normal 0 0 1
outer loop
vertex 0 32.50007333333333 4.0000333333333336
vertex 1.9997533333333335 11.499766666666668 4.0000333333333336
vertex 1.9997533333333335 32.50007333333333 4.0000333333333336
endloop
endfacet
facet normal 0 0 -1
outer loop
vertex 1.9997533333333335 32.50007333333333 13.999853333333334
vertex 1.9997533333333335 11.499766666666668 13.999853333333334
vertex 0 11.499766666666668 13.999853333333334
endloop
endfacet
facet normal 0 0 -1
outer loop
vertex 1.9997533333333335 32.50007333333333 13.999853333333334
vertex 0 11.499766666666668 13.999853333333334
vertex 0 32.50007333333333 13.999853333333334
endloop
endfacet
facet normal 1 0 0
outer loop
vertex 84.00017333333334 21.999920000000003 28.24144666666667
vertex 84.00017333333334 40.91252 29.99998666666667
vertex 84.00017333333334 40.76347333333334 29.99998666666667
endloop
endfacet
facet normal 1 0 0
outer loop
vertex 84.00017333333334 21.999920000000003 28.24144666666667
vertex 84.00017333333334 40.76347333333334 29.99998666666667
vertex 84.00017333333334 40.607580000000006 29.99998666666667
endloop
endfacet
facet normal 1 0 0
outer loop
vertex 84.00017333333334 21.999920000000003 28.24144666666667
vertex 84.00017333333334 40.607580000000006 29.99998666666667
vertex 84.00017333333334 40.44536666666667 29.99998666666667
endloop
endfacet
facet normal 1 0 0
outer loop
vertex 84.00017333333334 21.999920000000003 28.24144666666667
vertex 84.00017333333334 40.44536666666667 29.99998666666667
vertex 84.00017333333334 40.27736 29.99998666666667
endloop
endfacet
facet normal 0.9999999999999999 0 0
outer loop
vertex 84.00017333333334 21.999920000000003 28.24144666666667
vertex 84.00017333333334 40.27736 29.99998666666667
vertex 84.00017333333334 40.10461333333334 29.99998666666667
endloop
endfacet
facet normal 1 0 0
outer loop
vertex 84.00017333333334 21.999920000000003 28.24144666666667
vertex 84.00017333333334 40.10461333333334 29.99998666666667
vertex 84.00017333333334 39.92712666666667 29.99998666666667
endloop
endfacet
facet normal 1 0 0
outer loop
vertex 84.00017333333334 21.999920000000003 28.24144666666667
vertex 84.00017333333334 39.92712666666667 29.99998666666667
vertex 84.00017333333334 39.74595333333334 29.99998666666667
endloop
endfacet
facet normal 1 0 0
outer loop
vertex 84.00017333333334 21.999920000000003 28.24144666666667
vertex 84.00017333333334 39.74595333333334 29.99998666666667
vertex 84.00017333333334 39.56214666666667 29.99998666666667
endloop
endfacet
facet normal 1 0 0
outer loop
vertex 84.00017333333334 21.999920000000003 28.24144666666667
vertex 84.00017333333334 39.56214666666667 29.99998666666667
vertex 84.00017333333334 39.37623333333334 29.99998666666667
endloop
endfacet
facet normal 1 0 0
outer loop
vertex 84.00017333333334 21.999920000000003 28.24144666666667
vertex 84.00017333333334 39.37623333333334 29.99998666666667
vertex 84.00017333333334 39.18821333333334 29.99998666666667
endloop
endfacet
facet normal 1 0 0
outer loop
vertex 84.00017333333334 21.999920000000003 28.24144666666667
vertex 84.00017333333334 39.18821333333334 29.99998666666667
vertex 84.00017333333334 39.000193333333335 29.99998666666667
endloop
endfacet
facet normal 1 0 0
outer loop
vertex 84.00017333333334 21.999920000000003 28.24144666666667
vertex 84.00017333333334 39.000193333333335 29.99998666666667
vertex 84.00017333333334 5.000173333333334 29.99998666666667
endloop
endfacet
facet normal 1 0 0
outer loop
vertex 84.00017333333334 21.999920000000003 28.24144666666667
vertex 84.00017333333334 5.000173333333334 29.99998666666667
vertex 84.00017333333334 4.811626666666667 29.99998666666667
endloop
endfacet
facet normal 1 0 0
outer loop
vertex 84.00017333333334 21.999920000000003 28.24144666666667
vertex 84.00017333333334 4.811626666666667 29.99998666666667
vertex 84.00017333333334 4.624133333333334 29.99998666666667
endloop
endfacet
facet normal 1 0 0
outer loop
vertex 84.00017333333334 21.999920000000003 28.24144666666667
vertex 84.00017333333334 4.624133333333334 29.99998666666667
vertex 84.00017333333334 4.437693333333334 29.99998666666667
endloop
endfacet
facet normal 1 0 0
outer loop
vertex 84.00017333333334 21.999920000000003 28.24144666666667
vertex 84.00017333333334 4.437693333333334 29.99998666666667
vertex 84.00017333333334 4.253886666666667 29.99998666666667
endloop
endfacet
facet normal 1 0 0
outer loop
vertex 84.00017333333334 21.999920000000003 28.24144666666667
vertex 84.00017333333334 4.253886666666667 29.99998666666667
vertex 84.00017333333334 4.072713333333334 29.99998666666667
endloop
endfacet
facet normal 1 0 0
outer loop
vertex 84.00017333333334 21.999920000000003 28.24144666666667
vertex 84.00017333333334 4.072713333333334 29.99998666666667
vertex 84.00017333333334 3.895753333333334 29.99998666666667
endloop
endfacet
facet normal 1 0 0
outer loop
vertex 84.00017333333334 21.999920000000003 28.24144666666667
vertex 84.00017333333334 3.895753333333334 29.99998666666667
vertex 84.00017333333334 3.7224800000000005 29.99998666666667
endloop
endfacet
facet normal 1 0 0
outer loop
vertex 84.00017333333334 21.999920000000003 28.24144666666667
vertex 84.00017333333334 3.7224800000000005 29.99998666666667
vertex 84.00017333333334 3.555 29.99998666666667
endloop
endfacet
facet normal 1 0 0
outer loop
vertex 84.00017333333334 21.999920000000003 28.24144666666667
vertex 84.00017333333334 3.555 29.99998666666667
vertex 84.00017333333334 3.3922600000000003 29.99998666666667
endloop
endfacet
facet normal 1 0 0
outer loop
vertex 84.00017333333334 21.999920000000003 28.24144666666667
vertex 84.00017333333334 3.3922600000000003 29.99998666666667
vertex 84.00017333333334 3.2368933333333336 29.99998666666667
endloop
endfacet
facet normal 1 0 0
outer loop
vertex 84.00017333333334 21.999920000000003 28.24144666666667
vertex 84.00017333333334 3.2368933333333336 29.99998666666667
vertex 84.00017333333334 3.087846666666667 29.99998666666667
endloop
endfacet
facet normal 1 0 0
outer loop
vertex 84.00017333333334 21.999920000000003 28.24144666666667
vertex 84.00017333333334 3.087846666666667 29.99998666666667
vertex 84.00017333333334 2.9998933333333335 29.99998666666667
endloop
endfacet
facet normal 1 0 0
outer loop
vertex 84.00017333333334 21.999920000000003 28.24144666666667
vertex 84.00017333333334 2.9998933333333335 29.99998666666667
vertex 84.00017333333334 2.9998933333333335 13.000240000000002
endloop
endfacet
facet normal 1 0 0
outer loop
vertex 84.00017333333334 21.999920000000003 28.24144666666667
vertex 84.00017333333334 2.9998933333333335 13.000240000000002
vertex 84.00017333333334 21.999920000000003 13.000240000000002
endloop
endfacet
facet normal 1 0 0
outer loop
vertex 84.00017333333334 21.999920000000003 28.24144666666667
vertex 84.00017333333334 21.999920000000003 13.000240000000002
vertex 84.00017333333334 40.99994666666667 13.000240000000002
endloop
endfacet
facet normal 1 0 0
outer loop
vertex 84.00017333333334 21.999920000000003 28.24144666666667
vertex 84.00017333333334 40.99994666666667 13.000240000000002
vertex 84.00017333333334 40.99994666666667 29.99998666666667
endloop
endfacet
facet normal 1 0 0
outer loop
vertex 84.00017333333334 21.999920000000003 28.24144666666667
vertex 84.00017333333334 40.99994666666667 29.99998666666667
vertex 84.00017333333334 40.91252 29.99998666666667
endloop
endfacet
facet normal 0.9999999999999999 0 0
outer loop
vertex 84.00017333333334 21.999920000000003 13.000240000000002
vertex 84.00017333333334 22.780440000000002 12.923346666666667
vertex 84.00017333333334 40.99994666666667 12.923346666666667
endloop
endfacet
facet normal 0.9999999999999999 0 0
outer loop
vertex 84.00017333333334 21.999920000000003 13.000240000000002
vertex 84.00017333333334 40.99994666666667 12.923346666666667
vertex 84.00017333333334 40.99994666666667 13.000240000000002
endloop
endfacet
facet normal 0.9999999999999999 0 0
outer loop
vertex 84.00017333333334 2.9998933333333335 13.000240000000002
vertex 84.00017333333334 2.9998933333333335 12.923346666666667
vertex 84.00017333333334 21.2194 12.923346666666667
endloop
endfacet
facet normal 0.9999999999999999 0 0
outer loop
vertex 84.00017333333334 2.9998933333333335 13.000240000000002
vertex 84.00017333333334 21.2194 12.923346666666667
vertex 84.00017333333334 21.999920000000003 13.000240000000002
endloop
endfacet
facet normal 0.9999999999999999 0 0
outer loop
vertex 84.00017333333334 22.780440000000002 12.923346666666667
vertex 84.00017333333334 23.53094 12.695300000000001
vertex 84.00017333333334 40.99994666666667 12.695300000000001
endloop
endfacet
facet normal 1 0 0
outer loop
vertex 84.00017333333334 22.780440000000002 12.923346666666667
vertex 84.00017333333334 40.99994666666667 12.695300000000001
vertex 84.00017333333334 40.99994666666667 12.923346666666667
endloop
endfacet
facet normal 1 0 0
outer loop
vertex 84.00017333333334 2.9998933333333335 12.923346666666667
vertex 84.00017333333334 2.9998933333333335 12.695300000000001
vertex 84.00017333333334 20.469426666666667 12.695300000000001
endloop
endfacet
facet normal 1 0 0
outer loop
vertex 84.00017333333334 2.9998933333333335 12.923346666666667
vertex 84.00017333333334 20.469426666666667 12.695300000000001
vertex 84.00017333333334 21.2194 12.923346666666667
endloop
endfacet
facet normal 0.9999999999999999 0 0
outer loop
vertex 84.00017333333334 23.53094 12.695300000000001
vertex 84.00017333333334 24.222453333333334 12.326106666666668
vertex 84.00017333333334 40.99994666666667 12.326106666666668
endloop
endfacet
facet normal 1 0 0
outer loop
vertex 84.00017333333334 23.53094 12.695300000000001
vertex 84.00017333333334 40.99994666666667 12.326106666666668
vertex 84.00017333333334 40.99994666666667 12.695300000000001
endloop
endfacet
facet normal 1 0 0
outer loop
vertex 84.00017333333334 2.9998933333333335 12.695300000000001
vertex 84.00017333333334 2.9998933333333335 12.326106666666668
vertex 84.00017333333334 19.777913333333334 12.326106666666668
endloop
endfacet
facet normal 1 0 0
outer loop
vertex 84.00017333333334 2.9998933333333335 12.695300000000001
vertex 84.00017333333334 19.777913333333334 12.326106666666668
vertex 84.00017333333334 20.469426666666667 12.695300000000001
endloop
endfacet
facet normal 1 0 0
outer loop
vertex 84.00017333333334 24.222453333333334 12.326106666666668
vertex 84.00017333333334 24.828646666666668 11.828406666666668
vertex 84.00017333333334 40.99994666666667 11.828406666666668
endloop
endfacet
facet normal 1 0 0
outer loop
vertex 84.00017333333334 24.222453333333334 12.326106666666668
vertex 84.00017333333334 40.99994666666667 11.828406666666668
vertex 84.00017333333334 40.99994666666667 12.326106666666668
endloop
endfacet
facet normal 1 0 0
outer loop
vertex 84.00017333333334 2.9998933333333335 12.326106666666668
vertex 84.00017333333334 2.9998933333333335 11.828406666666668
vertex 84.00017333333334 19.17172 11.828406666666668
endloop
endfacet
facet normal 1 0 0
outer loop
vertex 84.00017333333334 2.9998933333333335 12.326106666666668
vertex 84.00017333333334 19.17172 11.828406666666668
vertex 84.00017333333334 19.777913333333334 12.326106666666668
endloop
endfacet
facet normal 1 0 0
outer loop
vertex 84.00017333333334 24.828646666666668 11.828406666666668
vertex 84.00017333333334 25.325820000000004 11.222213333333334
vertex 84.00017333333334 40.99994666666667 11.222213333333334
endloop
endfacet
facet normal 1 0 0
outer loop
vertex 84.00017333333334 24.828646666666668 11.828406666666668
vertex 84.00017333333334 40.99994666666667 11.222213333333334
vertex 84.00017333333334 40.99994666666667 11.828406666666668
endloop
endfacet
facet normal 1 0 0
outer loop
vertex 84.00017333333334 2.9998933333333335 11.828406666666668
vertex 84.00017333333334 2.9998933333333335 11.222213333333334
vertex 84.00017333333334 18.674020000000002 11.222213333333334
endloop
endfacet
facet normal 1 0 0
outer loop
vertex 84.00017333333334 2.9998933333333335 11.828406666666668
vertex 84.00017333333334 18.674020000000002 11.222213333333334
vertex 84.00017333333334 19.17172 11.828406666666668
endloop
endfacet
facet normal 1 0 0
outer loop
vertex 84.00017333333334 25.325820000000004 11.222213333333334
vertex 84.00017333333334 25.69554 10.530700000000001
vertex 84.00017333333334 40.99994666666667 10.530700000000001
endloop
endfacet
facet normal 1 0 0
outer loop
vertex 84.00017333333334 25.325820000000004 11.222213333333334
vertex 84.00017333333334 40.99994666666667 10.530700000000001
vertex 84.00017333333334 40.99994666666667 11.222213333333334
endloop
endfacet
facet normal 1 0 0
outer loop
vertex 84.00017333333334 2.9998933333333335 11.222213333333334
vertex 84.00017333333334 2.9998933333333335 10.530700000000001
vertex 84.00017333333334 18.3043 10.530700000000001
endloop
endfacet
facet normal 1 0 0
outer loop
vertex 84.00017333333334 2.9998933333333335 11.222213333333334
vertex 84.00017333333334 18.3043 10.530700000000001
vertex 84.00017333333334 18.674020000000002 11.222213333333334
endloop
endfacet
facet normal 1 0 0
outer loop
vertex 84.00017333333334 25.69554 10.530700000000001
vertex 84.00017333333334 25.923060000000003 9.7802
vertex 84.00017333333334 40.99994666666667 9.7802
endloop
endfacet
facet normal 0.9999999999999999 0 0
outer loop
vertex 84.00017333333334 25.69554 10.530700000000001
vertex 84.00017333333334 40.99994666666667 9.7802
vertex 84.00017333333334 40.99994666666667 10.530700000000001
endloop
endfacet
facet normal 1 0 0
outer loop
vertex 84.00017333333334 2.9998933333333335 10.530700000000001
vertex 84.00017333333334 2.9998933333333335 9.7802
vertex 84.00017333333334 18.076780000000003 9.7802
endloop
endfacet
facet normal 0.9999999999999999 0 0
outer loop
vertex 84.00017333333334 2.9998933333333335 10.530700000000001
vertex 84.00017333333334 18.076780000000003 9.7802
vertex 84.00017333333334 18.3043 10.530700000000001
endloop
endfacet
facet normal 1 0 0
outer loop
vertex 84.00017333333334 25.923060000000003 9.7802
vertex 84.00017333333334 25.999953333333334 9.000206666666667
vertex 84.00017333333334 40.99994666666667 9.000206666666667
endloop
endfacet
facet normal 1 0 0
outer loop
vertex 84.00017333333334 25.923060000000003 9.7802
vertex 84.00017333333334 40.99994666666667 9.000206666666667
vertex 84.00017333333334 40.99994666666667 9.7802
endloop
endfacet
facet normal 0.9999999999999999 0 0
outer loop
vertex 84.00017333333334 2.9998933333333335 9.7802
vertex 84.00017333333334 2.9998933333333335 9.000206666666667
vertex 84.00017333333334 17.99988666666667 9.000206666666667
endloop
endfacet
facet normal 1 0 0
outer loop
vertex 84.00017333333334 2.9998933333333335 9.7802
vertex 84.00017333333334 17.99988666666667 9.000206666666667
vertex 84.00017333333334 18.076780000000003 9.7802
endloop
endfacet
facet normal 1 0 0
outer loop
vertex 84.00017333333334 25.999953333333334 9.000206666666667
vertex 84.00017333333334 25.923060000000003 8.219686666666668
vertex 84.00017333333334 40.99994666666667 8.219686666666668
endloop
endfacet
facet normal 1 0 0
outer loop
vertex 84.00017333333334 25.999953333333334 9.000206666666667
vertex 84.00017333333334 40.99994666666667 8.219686666666668
vertex 84.00017333333334 40.99994666666667 9.000206666666667
endloop
endfacet
facet normal 1 0 0
outer loop
vertex 84.00017333333334 2.9998933333333335 9.000206666666667
vertex 84.00017333333334 2.9998933333333335 8.219686666666668
vertex 84.00017333333334 18.076780000000003 8.219686666666668
endloop
endfacet
facet normal 1 0 0
outer loop
vertex 84.00017333333334 2.9998933333333335 9.000206666666667
vertex 84.00017333333334 18.076780000000003 8.219686666666668
vertex 84.00017333333334 17.99988666666667 9.000206666666667
endloop
endfacet
facet normal 0.9999999999999999 0 0
outer loop
vertex 84.00017333333334 25.923060000000003 8.219686666666668
vertex 84.00017333333334 25.69554 7.469186666666667
vertex 84.00017333333334 40.99994666666667 7.469186666666667
endloop
endfacet
facet normal 1 0 0
outer loop
vertex 84.00017333333334 25.923060000000003 8.219686666666668
vertex 84.00017333333334 40.99994666666667 7.469186666666667
vertex 84.00017333333334 40.99994666666667 8.219686666666668
endloop
endfacet
facet normal 0.9999999999999999 0 0
outer loop
vertex 84.00017333333334 2.9998933333333335 8.219686666666668
vertex 84.00017333333334 2.9998933333333335 7.469186666666667
vertex 84.00017333333334 18.3043 7.469186666666667
endloop
endfacet
facet normal 1 0 0
outer loop
vertex 84.00017333333334 2.9998933333333335 8.219686666666668
vertex 84.00017333333334 18.3043 7.469186666666667
vertex 84.00017333333334 18.076780000000003 8.219686666666668
endloop
endfacet
facet normal 1 0 0
outer loop
vertex 84.00017333333334 25.69554 7.469186666666667
vertex 84.00017333333334 25.325820000000004 6.777673333333334
vertex 84.00017333333334 40.99994666666667 6.777673333333334
endloop
endfacet
facet normal 1 0 0
outer loop
vertex 84.00017333333334 25.69554 7.469186666666667
vertex 84.00017333333334 40.99994666666667 6.777673333333334
vertex 84.00017333333334 40.99994666666667 7.469186666666667
endloop
endfacet
facet normal 1 0 0
outer loop
vertex 84.00017333333334 2.9998933333333335 7.469186666666667
vertex 84.00017333333334 2.9998933333333335 6.777673333333334
vertex 84.00017333333334 18.674020000000002 6.777673333333334
endloop
endfacet
facet normal 1 0 0
outer loop
vertex 84.00017333333334 2.9998933333333335 7.469186666666667
vertex 84.00017333333334 18.674020000000002 6.777673333333334
vertex 84.00017333333334 18.3043 7.469186666666667
endloop
endfacet
facet normal 1 0 0
outer loop
vertex 84.00017333333334 25.325820000000004 6.777673333333334
vertex 84.00017333333334 24.828646666666668 6.171480000000001
vertex 84.00017333333334 40.99994666666667 6.171480000000001
endloop
endfacet
facet normal 1 0 0
outer loop
vertex 84.00017333333334 25.325820000000004 6.777673333333334
vertex 84.00017333333334 40.99994666666667 6.171480000000001
vertex 84.00017333333334 40.99994666666667 6.777673333333334
endloop
endfacet
facet normal 1 0 0
outer loop
vertex 84.00017333333334 2.9998933333333335 6.777673333333334
vertex 84.00017333333334 2.9998933333333335 6.171480000000001
vertex 84.00017333333334 19.17172 6.171480000000001
endloop
endfacet
facet normal 1 0 0
outer loop
vertex 84.00017333333334 2.9998933333333335 6.777673333333334
vertex 84.00017333333334 19.17172 6.171480000000001
vertex 84.00017333333334 18.674020000000002 6.777673333333334
endloop
endfacet
facet normal 1 0 0
outer loop
vertex 84.00017333333334 24.828646666666668 6.171480000000001
vertex 84.00017333333334 24.222453333333334 5.674306666666667
vertex 84.00017333333334 40.99994666666667 5.674306666666667
endloop
endfacet
facet normal 1 0 0
outer loop
vertex 84.00017333333334 24.828646666666668 6.171480000000001
vertex 84.00017333333334 40.99994666666667 5.674306666666667
vertex 84.00017333333334 40.99994666666667 6.171480000000001
endloop
endfacet
facet normal 1 0 0
outer loop
vertex 84.00017333333334 2.9998933333333335 6.171480000000001
vertex 84.00017333333334 2.9998933333333335 5.674306666666667
vertex 84.00017333333334 19.777913333333334 5.674306666666667
endloop
endfacet
facet normal 1 0 0
outer loop
vertex 84.00017333333334 2.9998933333333335 6.171480000000001
vertex 84.00017333333334 19.777913333333334 5.674306666666667
vertex 84.00017333333334 19.17172 6.171480000000001
endloop
endfacet
facet normal 1 0 0
outer loop
vertex 84.00017333333334 24.222453333333334 5.674306666666667
vertex 84.00017333333334 23.53094 5.304586666666667
vertex 84.00017333333334 40.99994666666667 5.304586666666667
endloop
endfacet
facet normal 1 0 0
outer loop
vertex 84.00017333333334 24.222453333333334 5.674306666666667
vertex 84.00017333333334 40.99994666666667 5.304586666666667
vertex 84.00017333333334 40.99994666666667 5.674306666666667
endloop
endfacet
facet normal 1 0 0
outer loop
vertex 84.00017333333334 2.9998933333333335 5.674306666666667
vertex 84.00017333333334 2.9998933333333335 5.304586666666667
vertex 84.00017333333334 20.469426666666667 5.304586666666667
endloop
endfacet
facet normal 0.9999999999999999 0 0
outer loop
vertex 84.00017333333334 2.9998933333333335 5.674306666666667
vertex 84.00017333333334 20.469426666666667 5.304586666666667
vertex 84.00017333333334 19.777913333333334 5.674306666666667
endloop
endfacet
facet normal 1 0 0
outer loop
vertex 84.00017333333334 23.53094 5.304586666666667
vertex 84.00017333333334 22.780440000000002 5.077066666666667
vertex 84.00017333333334 40.99994666666667 5.077066666666667
endloop
endfacet
facet normal 1 0 0
outer loop
vertex 84.00017333333334 23.53094 5.304586666666667
vertex 84.00017333333334 40.99994666666667 5.077066666666667
vertex 84.00017333333334 40.99994666666667 5.304586666666667
endloop
endfacet
facet normal 1 0 0
outer loop
vertex 84.00017333333334 2.9998933333333335 5.304586666666667
vertex 84.00017333333334 2.9998933333333335 5.077066666666667
vertex 84.00017333333334 21.2194 5.077066666666667
endloop
endfacet
facet normal 1 0 0
outer loop
vertex 84.00017333333334 2.9998933333333335 5.304586666666667
vertex 84.00017333333334 21.2194 5.077066666666667
vertex 84.00017333333334 20.469426666666667 5.304586666666667
endloop
endfacet
facet normal 1 0 0
outer loop
vertex 84.00017333333334 22.780440000000002 5.077066666666667
vertex 84.00017333333334 21.999920000000003 5.000173333333334
vertex 84.00017333333334 40.99994666666667 5.000173333333334
endloop
endfacet
facet normal 1 0 0
outer loop
vertex 84.00017333333334 22.780440000000002 5.077066666666667
vertex 84.00017333333334 40.99994666666667 5.000173333333334
vertex 84.00017333333334 40.99994666666667 5.077066666666667
endloop
endfacet
facet normal 1 0 0
outer loop
vertex 84.00017333333334 2.9998933333333335 5.077066666666667
vertex 84.00017333333334 2.9998933333333335 5.000173333333334
vertex 84.00017333333334 21.999920000000003 5.000173333333334
endloop
endfacet
facet normal 1 0 0
outer loop
vertex 84.00017333333334 2.9998933333333335 5.077066666666667
vertex 84.00017333333334 21.999920000000003 5.000173333333334
vertex 84.00017333333334 21.2194 5.077066666666667
endloop
endfacet
facet normal 1 0 0
outer loop
vertex 84.00017333333334 21.999920000000003 2.9998933333333335
vertex 84.00017333333334 21.999920000000003 5.000173333333334
vertex 84.00017333333334 2.9998933333333335 5.000173333333334
endloop
endfacet
facet normal 1 0 0
outer loop
vertex 84.00017333333334 21.999920000000003 2.9998933333333335
vertex 84.00017333333334 2.9998933333333335 5.000173333333334
vertex 84.00017333333334 2.9998933333333335 0
endloop
endfacet
facet normal 1 0 0
outer loop
vertex 84.00017333333334 21.999920000000003 2.9998933333333335
vertex 84.00017333333334 2.9998933333333335 0
vertex 84.00017333333334 40.99994666666667 0
endloop
endfacet
facet normal 1 0 0
outer loop
vertex 84.00017333333334 21.999920000000003 2.9998933333333335
vertex 84.00017333333334 40.99994666666667 0
vertex 84.00017333333334 40.99994666666667 5.000173333333334
endloop
endfacet
facet normal 1 0 0
outer loop
vertex 84.00017333333334 21.999920000000003 2.9998933333333335
vertex 84.00017333333334 40.99994666666667 5.000173333333334
vertex 84.00017333333334 21.999920000000003 5.000173333333334
endloop
endfacet
facet normal -1 0 0
outer loop
vertex 0 21.999920000000003 27.866460000000004
vertex 0 3.087846666666667 29.99998666666667
vertex 0 3.2368933333333336 29.99998666666667
endloop
endfacet
facet normal -0.9999999999999999 0 0
outer loop
vertex 0 21.999920000000003 27.866460000000004
vertex 0 3.2368933333333336 29.99998666666667
vertex 0 3.3922600000000003 29.99998666666667
endloop
endfacet
facet normal -1 0 0
outer loop
vertex 0 21.999920000000003 27.866460000000004
vertex 0 3.3922600000000003 29.99998666666667
vertex 0 3.555 29.99998666666667
endloop
endfacet
facet normal -1 0 0
outer loop
vertex 0 21.999920000000003 27.866460000000004
vertex 0 3.555 29.99998666666667
vertex 0 3.7224800000000005 29.99998666666667
endloop
endfacet
facet normal -1 0 0
outer loop
vertex 0 21.999920000000003 27.866460000000004
vertex 0 3.7224800000000005 29.99998666666667
vertex 0 3.895753333333334 29.99998666666667
endloop
endfacet
facet normal -1 0 0
outer loop
vertex 0 21.999920000000003 27.866460000000004
vertex 0 3.895753333333334 29.99998666666667
vertex 0 4.072713333333334 29.99998666666667
endloop
endfacet
facet normal -1 0 0
outer loop
vertex 0 21.999920000000003 27.866460000000004
vertex 0 4.072713333333334 29.99998666666667
vertex 0 4.253886666666667 29.99998666666667
endloop
endfacet
facet normal -1 0 0
outer loop
vertex 0 21.999920000000003 27.866460000000004
vertex 0 4.253886666666667 29.99998666666667
vertex 0 4.437693333333334 29.99998666666667
endloop
endfacet
facet normal -1 0 0
outer loop
vertex 0 21.999920000000003 27.866460000000004
vertex 0 4.437693333333334 29.99998666666667
vertex 0 4.624133333333334 29.99998666666667
endloop
endfacet
facet normal -1 0 0
outer loop
vertex 0 21.999920000000003 27.866460000000004
vertex 0 4.624133333333334 29.99998666666667
vertex 0 4.811626666666667 29.99998666666667
endloop
endfacet
facet normal -1 0 0
outer loop
vertex 0 21.999920000000003 27.866460000000004
vertex 0 4.811626666666667 29.99998666666667
vertex 0 5.000173333333334 29.99998666666667
endloop
endfacet
facet normal -1 0 0
outer loop
vertex 0 21.999920000000003 27.866460000000004
vertex 0 5.000173333333334 29.99998666666667
vertex 0 39.000193333333335 29.99998666666667
endloop
endfacet
facet normal -1 0 0
outer loop
vertex 0 21.999920000000003 27.866460000000004
vertex 0 39.000193333333335 29.99998666666667
vertex 0 39.18821333333334 29.99998666666667
endloop
endfacet
facet normal -1 0 0
outer loop
vertex 0 21.999920000000003 27.866460000000004
vertex 0 39.18821333333334 29.99998666666667
vertex 0 39.37623333333334 29.99998666666667
endloop
endfacet
facet normal -1 0 0
outer loop
vertex 0 21.999920000000003 27.866460000000004
vertex 0 39.37623333333334 29.99998666666667
vertex 0 39.56214666666667 29.99998666666667
endloop
endfacet
facet normal -1 0 0
outer loop
vertex 0 21.999920000000003 27.866460000000004
vertex 0 39.56214666666667 29.99998666666667
vertex 0 39.74595333333334 29.99998666666667
endloop
endfacet
facet normal -1 0 0
outer loop
vertex 0 21.999920000000003 27.866460000000004
vertex 0 39.74595333333334 29.99998666666667
vertex 0 39.92712666666667 29.99998666666667
endloop
endfacet
facet normal -0.9999999999999999 0 0
outer loop
vertex 0 21.999920000000003 27.866460000000004
vertex 0 39.92712666666667 29.99998666666667
vertex 0 40.10461333333334 29.99998666666667
endloop
endfacet
facet normal -0.9999999999999999 0 0
outer loop
vertex 0 21.999920000000003 27.866460000000004
vertex 0 40.10461333333334 29.99998666666667
vertex 0 40.27736 29.99998666666667
endloop
endfacet
facet normal -1 0 0
outer loop
vertex 0 21.999920000000003 27.866460000000004
vertex 0 40.27736 29.99998666666667
vertex 0 40.44536666666667 29.99998666666667
endloop
endfacet
facet normal -1 0 0
outer loop
vertex 0 21.999920000000003 27.866460000000004
vertex 0 40.44536666666667 29.99998666666667
vertex 0 40.607580000000006 29.99998666666667
endloop
endfacet
facet normal -1 0 0
outer loop
vertex 0 21.999920000000003 27.866460000000004
vertex 0 40.607580000000006 29.99998666666667
vertex 0 40.76347333333334 29.99998666666667
endloop
endfacet
facet normal -1 0 0
outer loop
vertex 0 21.999920000000003 27.866460000000004
vertex 0 40.76347333333334 29.99998666666667
vertex 0 40.91252 29.99998666666667
endloop
endfacet
facet normal -1 0 0
outer loop
vertex 0 21.999920000000003 27.866460000000004
vertex 0 40.91252 29.99998666666667
vertex 0 40.99994666666667 29.99998666666667
endloop
endfacet
facet normal -1 0 0
outer loop
vertex 0 21.999920000000003 27.866460000000004
vertex 0 40.99994666666667 29.99998666666667
vertex 0 40.99994666666667 13.999853333333334
endloop
endfacet
facet normal -1 0 0
outer loop
vertex 0 21.999920000000003 27.866460000000004
vertex 0 40.99994666666667 13.999853333333334
vertex 0 32.50007333333333 13.999853333333334
endloop
endfacet
facet normal -1 0 0
outer loop
vertex 0 21.999920000000003 27.866460000000004
vertex 0 32.50007333333333 13.999853333333334
vertex 0 11.499766666666668 13.999853333333334
endloop
endfacet
facet normal -1 0 0
outer loop
vertex 0 21.999920000000003 27.866460000000004
vertex 0 11.499766666666668 13.999853333333334
vertex 0 2.9998933333333335 13.999853333333334
endloop
endfacet
facet normal -1 0 0
outer loop
vertex 0 21.999920000000003 27.866460000000004
vertex 0 2.9998933333333335 13.999853333333334
vertex 0 2.9998933333333335 29.99998666666667
endloop
endfacet
facet normal -1 0 0
outer loop
vertex 0 21.999920000000003 27.866460000000004
vertex 0 2.9998933333333335 29.99998666666667
vertex 0 3.087846666666667 29.99998666666667
endloop
endfacet
facet normal -1 0 0
outer loop
vertex 0 11.499766666666668 13.999853333333334
vertex 0 11.499766666666668 4.0000333333333336
vertex 0 2.9998933333333335 4.0000333333333336
endloop
endfacet
facet normal -1 0 0
outer loop
vertex 0 11.499766666666668 13.999853333333334
vertex 0 2.9998933333333335 4.0000333333333336
vertex 0 2.9998933333333335 13.999853333333334
endloop
endfacet
facet normal -0.9999999999999999 0 0
outer loop
vertex 0 40.99994666666667 13.999853333333334
vertex 0 40.99994666666667 4.0000333333333336
vertex 0 32.50007333333333 4.0000333333333336
endloop
endfacet
facet normal -0.9999999999999999 0 0
outer loop
vertex 0 40.99994666666667 13.999853333333334
vertex 0 32.50007333333333 4.0000333333333336
vertex 0 32.50007333333333 13.999853333333334
endloop
endfacet
facet normal -1 0 0
outer loop
vertex 0 21.999920000000003 2.6665133333333335
vertex 0 11.499766666666668 4.0000333333333336
vertex 0 32.50007333333333 4.0000333333333336
endloop
endfacet
facet normal -1 0 0
outer loop
vertex 0 21.999920000000003 2.6665133333333335
vertex 0 32.50007333333333 4.0000333333333336
vertex 0 40.99994666666667 4.0000333333333336
endloop
endfacet
facet normal -1 0 0
outer loop
vertex 0 21.999920000000003 2.6665133333333335
vertex 0 40.99994666666667 4.0000333333333336
vertex 0 40.99994666666667 0
endloop
endfacet
facet normal -1 0 0
outer loop
vertex 0 21.999920000000003 2.6665133333333335
vertex 0 40.99994666666667 0
vertex 0 2.9998933333333335 0
endloop
endfacet
facet normal -1 0 0
outer loop
vertex 0 21.999920000000003 2.6665133333333335
vertex 0 2.9998933333333335 0
vertex 0 2.9998933333333335 4.0000333333333336
endloop
endfacet
facet normal -1 0 0
outer loop
vertex 0 21.999920000000003 2.6665133333333335
vertex 0 2.9998933333333335 4.0000333333333336
vertex 0 11.499766666666668 4.0000333333333336
endloop
endfacet
facet normal -1 0 0
outer loop
vertex 81.99989333333335 21.999920000000003 19.800033333333335
vertex 81.99989333333335 39.000193333333335 29.99998666666667
vertex 81.99989333333335 39.000193333333335 13.000240000000002
endloop
endfacet
facet normal -1 0 0
outer loop
vertex 81.99989333333335 21.999920000000003 19.800033333333335
vertex 81.99989333333335 39.000193333333335 13.000240000000002
vertex 81.99989333333335 21.999920000000003 13.000240000000002
endloop
endfacet
facet normal -1 0 0
outer loop
vertex 81.99989333333335 21.999920000000003 19.800033333333335
vertex 81.99989333333335 21.999920000000003 13.000240000000002
vertex 81.99989333333335 5.000173333333334 13.000240000000002
endloop
endfacet
facet normal -1 0 0
outer loop
vertex 81.99989333333335 21.999920000000003 19.800033333333335
vertex 81.99989333333335 5.000173333333334 13.000240000000002
vertex 81.99989333333335 5.000173333333334 29.99998666666667
endloop
endfacet
facet normal -1 0 0
outer loop
vertex 81.99989333333335 21.999920000000003 19.800033333333335
vertex 81.99989333333335 5.000173333333334 29.99998666666667
vertex 81.99989333333335 39.000193333333335 29.99998666666667
endloop
endfacet
facet normal -1 0 0
outer loop
vertex 81.99989333333335 21.999920000000003 13.000240000000002
vertex 81.99989333333335 21.2194 12.923346666666667
vertex 81.99989333333335 5.000173333333334 12.923346666666667
endloop
endfacet
facet normal -1 0 0
outer loop
vertex 81.99989333333335 21.999920000000003 13.000240000000002
vertex 81.99989333333335 5.000173333333334 12.923346666666667
vertex 81.99989333333335 5.000173333333334 13.000240000000002
endloop
endfacet
facet normal -1 0 0
outer loop
vertex 81.99989333333335 39.000193333333335 13.000240000000002
vertex 81.99989333333335 39.000193333333335 12.923346666666667
vertex 81.99989333333335 22.780440000000002 12.923346666666667
endloop
endfacet
facet normal -1 0 0
outer loop
vertex 81.99989333333335 39.000193333333335 13.000240000000002
vertex 81.99989333333335 22.780440000000002 12.923346666666667
vertex 81.99989333333335 21.999920000000003 13.000240000000002
endloop
endfacet
facet normal -1 0 0
outer loop
vertex 81.99989333333335 21.2194 12.923346666666667
vertex 81.99989333333335 20.469426666666667 12.695300000000001
vertex 81.99989333333335 5.000173333333334 12.695300000000001
endloop
endfacet
facet normal -1 0 0
outer loop
vertex 81.99989333333335 21.2194 12.923346666666667
vertex 81.99989333333335 5.000173333333334 12.695300000000001
vertex 81.99989333333335 5.000173333333334 12.923346666666667
endloop
endfacet
facet normal -1 0 0
outer loop
vertex 81.99989333333335 39.000193333333335 12.923346666666667
vertex 81.99989333333335 39.000193333333335 12.695300000000001
vertex 81.99989333333335 23.53094 12.695300000000001
endloop
endfacet
facet normal -0.9999999999999999 0 0
outer loop
vertex 81.99989333333335 39.000193333333335 12.923346666666667
vertex 81.99989333333335 23.53094 12.695300000000001
vertex 81.99989333333335 22.780440000000002 12.923346666666667
endloop
endfacet
facet normal -0.9999999999999999 0 0
outer loop
vertex 81.99989333333335 20.469426666666667 12.695300000000001
vertex 81.99989333333335 19.777913333333334 12.326106666666668
vertex 81.99989333333335 5.000173333333334 12.326106666666668
endloop
endfacet
facet normal -1 0 0
outer loop
vertex 81.99989333333335 20.469426666666667 12.695300000000001
vertex 81.99989333333335 5.000173333333334 12.326106666666668
vertex 81.99989333333335 5.000173333333334 12.695300000000001
endloop
endfacet
facet normal -0.9999999999999999 0 0
outer loop
vertex 81.99989333333335 39.000193333333335 12.695300000000001
vertex 81.99989333333335 39.000193333333335 12.326106666666668
vertex 81.99989333333335 24.222453333333334 12.326106666666668
endloop
endfacet
facet normal -1 0 0
outer loop
vertex 81.99989333333335 39.000193333333335 12.695300000000001
vertex 81.99989333333335 24.222453333333334 12.326106666666668
vertex 81.99989333333335 23.53094 12.695300000000001
endloop
endfacet
facet normal -1 0 0
outer loop
vertex 81.99989333333335 19.777913333333334 12.326106666666668
vertex 81.99989333333335 19.17172 11.828406666666668
vertex 81.99989333333335 5.000173333333334 11.828406666666668
endloop
endfacet
facet normal -1 0 0
outer loop
vertex 81.99989333333335 19.777913333333334 12.326106666666668
vertex 81.99989333333335 5.000173333333334 11.828406666666668
vertex 81.99989333333335 5.000173333333334 12.326106666666668
endloop
endfacet
facet normal -1 0 0
outer loop
vertex 81.99989333333335 39.000193333333335 12.326106666666668
vertex 81.99989333333335 39.000193333333335 11.828406666666668
vertex 81.99989333333335 24.828646666666668 11.828406666666668
endloop
endfacet
facet normal -1 0 0
outer loop
vertex 81.99989333333335 39.000193333333335 12.326106666666668
vertex 81.99989333333335 24.828646666666668 11.828406666666668
vertex 81.99989333333335 24.222453333333334 12.326106666666668
endloop
endfacet
facet normal -1 0 0
outer loop
vertex 81.99989333333335 19.17172 11.828406666666668
vertex 81.99989333333335 18.674020000000002 11.222213333333334
vertex 81.99989333333335 5.000173333333334 11.222213333333334
endloop
endfacet
facet normal -1 0 0
outer loop
vertex 81.99989333333335 19.17172 11.828406666666668
vertex 81.99989333333335 5.000173333333334 11.222213333333334
vertex 81.99989333333335 5.000173333333334 11.828406666666668
endloop
endfacet
facet normal -1 0 0
outer loop
vertex 81.99989333333335 39.000193333333335 11.828406666666668
vertex 81.99989333333335 39.000193333333335 11.222213333333334
vertex 81.99989333333335 25.325820000000004 11.222213333333334
endloop
endfacet
facet normal -1 0 0
outer loop
vertex 81.99989333333335 39.000193333333335 11.828406666666668
vertex 81.99989333333335 25.325820000000004 11.222213333333334
vertex 81.99989333333335 24.828646666666668 11.828406666666668
endloop
endfacet
facet normal -1 0 0
outer loop
vertex 81.99989333333335 18.674020000000002 11.222213333333334
vertex 81.99989333333335 18.3043 10.530700000000001
vertex 81.99989333333335 5.000173333333334 10.530700000000001
endloop
endfacet
facet normal -1 0 0
outer loop
vertex 81.99989333333335 18.674020000000002 11.222213333333334
vertex 81.99989333333335 5.000173333333334 10.530700000000001
vertex 81.99989333333335 5.000173333333334 11.222213333333334
endloop
endfacet
facet normal -1 0 0
outer loop
vertex 81.99989333333335 39.000193333333335 11.222213333333334
vertex 81.99989333333335 39.000193333333335 10.530700000000001
vertex 81.99989333333335 25.69554 10.530700000000001
endloop
endfacet
facet normal -1 0 0
outer loop
vertex 81.99989333333335 39.000193333333335 11.222213333333334
vertex 81.99989333333335 25.69554 10.530700000000001
vertex 81.99989333333335 25.325820000000004 11.222213333333334
endloop
endfacet
facet normal -1 0 0
outer loop
vertex 81.99989333333335 18.3043 10.530700000000001
vertex 81.99989333333335 18.076780000000003 9.7802
vertex 81.99989333333335 5.000173333333334 9.7802
endloop
endfacet
facet normal -1 0 0
outer loop
vertex 81.99989333333335 18.3043 10.530700000000001
vertex 81.99989333333335 5.000173333333334 9.7802
vertex 81.99989333333335 5.000173333333334 10.530700000000001
endloop
endfacet
facet normal -1 0 0
outer loop
vertex 81.99989333333335 39.000193333333335 10.530700000000001
vertex 81.99989333333335 39.000193333333335 9.7802
vertex 81.99989333333335 25.923060000000003 9.7802
endloop
endfacet
facet normal -1 0 0
outer loop
vertex 81.99989333333335 39.000193333333335 10.530700000000001
vertex 81.99989333333335 25.923060000000003 9.7802
vertex 81.99989333333335 25.69554 10.530700000000001
endloop
endfacet
facet normal -1 0 0
outer loop
vertex 81.99989333333335 18.076780000000003 9.7802
vertex 81.99989333333335 17.99988666666667 9.000206666666667
vertex 81.99989333333335 5.000173333333334 9.000206666666667
endloop
endfacet
facet normal -1 0 0
outer loop
vertex 81.99989333333335 18.076780000000003 9.7802
vertex 81.99989333333335 5.000173333333334 9.000206666666667
vertex 81.99989333333335 5.000173333333334 9.7802
endloop
endfacet
facet normal -1 0 0
outer loop
vertex 81.99989333333335 39.000193333333335 9.7802
vertex 81.99989333333335 39.000193333333335 9.000206666666667
vertex 81.99989333333335 25.999953333333334 9.000206666666667
endloop
endfacet
facet normal -0.9999999999999999 0 0
outer loop
vertex 81.99989333333335 39.000193333333335 9.7802
vertex 81.99989333333335 25.999953333333334 9.000206666666667
vertex 81.99989333333335 25.923060000000003 9.7802
endloop
endfacet
facet normal -1 0 0
outer loop
vertex 81.99989333333335 17.99988666666667 9.000206666666667
vertex 81.99989333333335 18.076780000000003 8.219686666666668
vertex 81.99989333333335 5.000173333333334 8.219686666666668
endloop
endfacet
facet normal -1 0 0
outer loop
vertex 81.99989333333335 17.99988666666667 9.000206666666667
vertex 81.99989333333335 5.000173333333334 8.219686666666668
vertex 81.99989333333335 5.000173333333334 9.000206666666667
endloop
endfacet
facet normal -0.9999999999999999 0 0
outer loop
vertex 81.99989333333335 39.000193333333335 9.000206666666667
vertex 81.99989333333335 39.000193333333335 8.219686666666668
vertex 81.99989333333335 25.923060000000003 8.219686666666668
endloop
endfacet
facet normal -1 0 0
outer loop
vertex 81.99989333333335 39.000193333333335 9.000206666666667
vertex 81.99989333333335 25.923060000000003 8.219686666666668
vertex 81.99989333333335 25.999953333333334 9.000206666666667
endloop
endfacet
facet normal -1 0 0
outer loop
vertex 81.99989333333335 18.076780000000003 8.219686666666668
vertex 81.99989333333335 18.3043 7.469186666666667
vertex 81.99989333333335 5.000173333333334 7.469186666666667
endloop
endfacet
facet normal -1 0 0
outer loop
vertex 81.99989333333335 18.076780000000003 8.219686666666668
vertex 81.99989333333335 5.000173333333334 7.469186666666667
vertex 81.99989333333335 5.000173333333334 8.219686666666668
endloop
endfacet
facet normal -1 0 0
outer loop
vertex 81.99989333333335 39.000193333333335 8.219686666666668
vertex 81.99989333333335 39.000193333333335 7.469186666666667
vertex 81.99989333333335 25.69554 7.469186666666667
endloop
endfacet
facet normal -1 0 0
outer loop
vertex 81.99989333333335 39.000193333333335 8.219686666666668
vertex 81.99989333333335 25.69554 7.469186666666667
vertex 81.99989333333335 25.923060000000003 8.219686666666668
endloop
endfacet
facet normal -1 0 0
outer loop
vertex 81.99989333333335 18.3043 7.469186666666667
vertex 81.99989333333335 18.674020000000002 6.777673333333334
vertex 81.99989333333335 5.000173333333334 6.777673333333334
endloop
endfacet
facet normal -1 0 0
outer loop
vertex 81.99989333333335 18.3043 7.469186666666667
vertex 81.99989333333335 5.000173333333334 6.777673333333334
vertex 81.99989333333335 5.000173333333334 7.469186666666667
endloop
endfacet
facet normal -1 0 0
outer loop
vertex 81.99989333333335 39.000193333333335 7.469186666666667
vertex 81.99989333333335 39.000193333333335 6.777673333333334
vertex 81.99989333333335 25.325820000000004 6.777673333333334
endloop
endfacet
facet normal -1 0 0
outer loop
vertex 81.99989333333335 39.000193333333335 7.469186666666667
vertex 81.99989333333335 25.325820000000004 6.777673333333334
vertex 81.99989333333335 25.69554 7.469186666666667
endloop
endfacet
facet normal -1 0 0
outer loop
vertex 81.99989333333335 18.674020000000002 6.777673333333334
vertex 81.99989333333335 19.17172 6.171480000000001
vertex 81.99989333333335 5.000173333333334 6.171480000000001
endloop
endfacet
facet normal -1 0 0
outer loop
vertex 81.99989333333335 18.674020000000002 6.777673333333334
vertex 81.99989333333335 5.000173333333334 6.171480000000001
vertex 81.99989333333335 5.000173333333334 6.777673333333334
endloop
endfacet
facet normal -1 0 0
outer loop
vertex 81.99989333333335 39.000193333333335 6.777673333333334
vertex 81.99989333333335 39.000193333333335 6.171480000000001
vertex 81.99989333333335 24.828646666666668 6.171480000000001
endloop
endfacet
facet normal -1 0 0
outer loop
vertex 81.99989333333335 39.000193333333335 6.777673333333334
vertex 81.99989333333335 24.828646666666668 6.171480000000001
vertex 81.99989333333335 25.325820000000004 6.777673333333334
endloop
endfacet
facet normal -0.9999999999999999 0 0
outer loop
vertex 81.99989333333335 19.17172 6.171480000000001
vertex 81.99989333333335 19.777913333333334 5.674306666666667
vertex 81.99989333333335 5.000173333333334 5.674306666666667
endloop
endfacet
facet normal -1 0 0
outer loop
vertex 81.99989333333335 19.17172 6.171480000000001
vertex 81.99989333333335 5.000173333333334 5.674306666666667
vertex 81.99989333333335 5.000173333333334 6.171480000000001
endloop
endfacet
facet normal -1 0 0
outer loop
vertex 81.99989333333335 39.000193333333335 6.171480000000001
vertex 81.99989333333335 39.000193333333335 5.674306666666667
vertex 81.99989333333335 24.222453333333334 5.674306666666667
endloop
endfacet
facet normal -1 0 0
outer loop
vertex 81.99989333333335 39.000193333333335 6.171480000000001
vertex 81.99989333333335 24.222453333333334 5.674306666666667
vertex 81.99989333333335 24.828646666666668 6.171480000000001
endloop
endfacet
facet normal -1 0 0
outer loop
vertex 81.99989333333335 19.777913333333334 5.674306666666667
vertex 81.99989333333335 20.469426666666667 5.304586666666667
vertex 81.99989333333335 5.000173333333334 5.304586666666667
endloop
endfacet
facet normal -1 0 0
outer loop
vertex 81.99989333333335 19.777913333333334 5.674306666666667
vertex 81.99989333333335 5.000173333333334 5.304586666666667
vertex 81.99989333333335 5.000173333333334 5.674306666666667
endloop
endfacet
facet normal -1 0 0
outer loop
vertex 81.99989333333335 39.000193333333335 5.674306666666667
vertex 81.99989333333335 39.000193333333335 5.304586666666667
vertex 81.99989333333335 23.53094 5.304586666666667
endloop
endfacet
facet normal -1 0 0
outer loop
vertex 81.99989333333335 39.000193333333335 5.674306666666667
vertex 81.99989333333335 23.53094 5.304586666666667
vertex 81.99989333333335 24.222453333333334 5.674306666666667
endloop
endfacet
facet normal -1 0 0
outer loop
vertex 81.99989333333335 20.469426666666667 5.304586666666667
vertex 81.99989333333335 21.2194 5.077066666666667
vertex 81.99989333333335 5.000173333333334 5.077066666666667
endloop
endfacet
facet normal -1 0 0
outer loop
vertex 81.99989333333335 20.469426666666667 5.304586666666667
vertex 81.99989333333335 5.000173333333334 5.077066666666667
vertex 81.99989333333335 5.000173333333334 5.304586666666667
endloop
endfacet
facet normal -1 0 0
outer loop
vertex 81.99989333333335 39.000193333333335 5.304586666666667
vertex 81.99989333333335 39.000193333333335 5.077066666666667
vertex 81.99989333333335 22.780440000000002 5.077066666666667
endloop
endfacet
facet normal -1 0 0
outer loop
vertex 81.99989333333335 39.000193333333335 5.304586666666667
vertex 81.99989333333335 22.780440000000002 5.077066666666667
vertex 81.99989333333335 23.53094 5.304586666666667
endloop
endfacet
facet normal -1 0 0
outer loop
vertex 81.99989333333335 21.2194 5.077066666666667
vertex 81.99989333333335 21.999920000000003 5.000173333333334
vertex 81.99989333333335 5.000173333333334 5.000173333333334
endloop
endfacet
facet normal -1 0 0
outer loop
vertex 81.99989333333335 21.2194 5.077066666666667
vertex 81.99989333333335 5.000173333333334 5.000173333333334
vertex 81.99989333333335 5.000173333333334 5.077066666666667
endloop
endfacet
facet normal -1 0 0
outer loop
vertex 81.99989333333335 39.000193333333335 5.077066666666667
vertex 81.99989333333335 39.000193333333335 5.000173333333334
vertex 81.99989333333335 21.999920000000003 5.000173333333334
endloop
endfacet
facet normal -1 0 0
outer loop
vertex 81.99989333333335 39.000193333333335 5.077066666666667
vertex 81.99989333333335 21.999920000000003 5.000173333333334
vertex 81.99989333333335 22.780440000000002 5.077066666666667
endloop
endfacet
facet normal -1 0 0
outer loop
vertex 81.99989333333335 21.999920000000003 3.7999000000000005
vertex 81.99989333333335 21.999920000000003 5.000173333333334
vertex 81.99989333333335 39.000193333333335 5.000173333333334
endloop
endfacet
facet normal -1 0 0
outer loop
vertex 81.99989333333335 21.999920000000003 3.7999000000000005
vertex 81.99989333333335 39.000193333333335 5.000173333333334
vertex 81.99989333333335 39.000193333333335 1.9997533333333335
endloop
endfacet
facet normal -1 0 0
outer loop
vertex 81.99989333333335 21.999920000000003 3.7999000000000005
vertex 81.99989333333335 39.000193333333335 1.9997533333333335
vertex 81.99989333333335 5.000173333333334 1.9997533333333335
endloop
endfacet
facet normal -1 0 0
outer loop
vertex 81.99989333333335 21.999920000000003 3.7999000000000005
vertex 81.99989333333335 5.000173333333334 1.9997533333333335
vertex 81.99989333333335 5.000173333333334 5.000173333333334
endloop
endfacet
facet normal -1 0 0
outer loop
vertex 81.99989333333335 21.999920000000003 3.7999000000000005
vertex 81.99989333333335 5.000173333333334 5.000173333333334
vertex 81.99989333333335 21.999920000000003 5.000173333333334
endloop
endfacet
facet normal 1 0 0
outer loop
vertex 1.9997533333333335 21.999920000000003 19.33340666666667
vertex 1.9997533333333335 5.000173333333334 29.99998666666667
vertex 1.9997533333333335 5.000173333333334 13.999853333333334
endloop
endfacet
facet normal 1 0 0
outer loop
vertex 1.9997533333333335 21.999920000000003 19.33340666666667
vertex 1.9997533333333335 5.000173333333334 13.999853333333334
vertex 1.9997533333333335 11.499766666666668 13.999853333333334
endloop
endfacet
facet normal 1 0 0
outer loop
vertex 1.9997533333333335 21.999920000000003 19.33340666666667
vertex 1.9997533333333335 11.499766666666668 13.999853333333334
vertex 1.9997533333333335 32.50007333333333 13.999853333333334
endloop
endfacet
facet normal 1 0 0
outer loop
vertex 1.9997533333333335 21.999920000000003 19.33340666666667
vertex 1.9997533333333335 32.50007333333333 13.999853333333334
vertex 1.9997533333333335 39.000193333333335 13.999853333333334
endloop
endfacet
facet normal 1 0 0
outer loop
vertex 1.9997533333333335 21.999920000000003 19.33340666666667
vertex 1.9997533333333335 39.000193333333335 13.999853333333334
vertex 1.9997533333333335 39.000193333333335 29.99998666666667
endloop
endfacet
facet normal 1 0 0
outer loop
vertex 1.9997533333333335 21.999920000000003 19.33340666666667
vertex 1.9997533333333335 39.000193333333335 29.99998666666667
vertex 1.9997533333333335 5.000173333333334 29.99998666666667
endloop
endfacet
facet normal 1 0 0
outer loop
vertex 1.9997533333333335 32.50007333333333 13.999853333333334
vertex 1.9997533333333335 32.50007333333333 4.0000333333333336
vertex 1.9997533333333335 39.000193333333335 4.0000333333333336
endloop
endfacet
facet normal 1 0 0
outer loop
vertex 1.9997533333333335 32.50007333333333 13.999853333333334
vertex 1.9997533333333335 39.000193333333335 4.0000333333333336
vertex 1.9997533333333335 39.000193333333335 13.999853333333334
endloop
endfacet
facet normal 1 0 0
outer loop
vertex 1.9997533333333335 5.000173333333334 13.999853333333334
vertex 1.9997533333333335 5.000173333333334 4.0000333333333336
vertex 1.9997533333333335 11.499766666666668 4.0000333333333336
endloop
endfacet
facet normal 1 0 0
outer loop
vertex 1.9997533333333335 5.000173333333334 13.999853333333334
vertex 1.9997533333333335 11.499766666666668 4.0000333333333336
vertex 1.9997533333333335 11.499766666666668 13.999853333333334
endloop
endfacet
facet normal 1 0 0
outer loop
vertex 1.9997533333333335 21.999920000000003 3.3332733333333335
vertex 1.9997533333333335 32.50007333333333 4.0000333333333336
vertex 1.9997533333333335 11.499766666666668 4.0000333333333336
endloop
endfacet
facet normal 1 0 0
outer loop
vertex 1.9997533333333335 21.999920000000003 3.3332733333333335
vertex 1.9997533333333335 11.499766666666668 4.0000333333333336
vertex 1.9997533333333335 5.000173333333334 4.0000333333333336
endloop
endfacet
facet normal 1 0 0
outer loop
vertex 1.9997533333333335 21.999920000000003 3.3332733333333335
vertex 1.9997533333333335 5.000173333333334 4.0000333333333336
vertex 1.9997533333333335 5.000173333333334 1.9997533333333335
endloop
endfacet
facet normal 1 0 0
outer loop
vertex 1.9997533333333335 21.999920000000003 3.3332733333333335
vertex 1.9997533333333335 5.000173333333334 1.9997533333333335
vertex 1.9997533333333335 39.000193333333335 1.9997533333333335
endloop
endfacet
facet normal 1 0 0
outer loop
vertex 1.9997533333333335 21.999920000000003 3.3332733333333335
vertex 1.9997533333333335 39.000193333333335 1.9997533333333335
vertex 1.9997533333333335 39.000193333333335 4.0000333333333336
endloop
endfacet
facet normal 1 0 0
outer loop
vertex 1.9997533333333335 21.999920000000003 3.3332733333333335
vertex 1.9997533333333335 39.000193333333335 4.0000333333333336
vertex 1.9997533333333335 32.50007333333333 4.0000333333333336
endloop
endfacet
endsolid JSCAD
